# Blender 4.5.4 LTS
# www.blender.org
mtllib islandT.mtl
o Island
v -1.303813 -0.934319 -4.681155
v -1.041002 0.196302 -4.750225
v -1.310039 -0.935982 -6.577935
v -1.051364 0.187389 -6.514228
v -1.435869 -1.038271 -6.110219
v -1.462900 -1.090875 -5.627916
v -1.433831 -1.039069 -5.148238
v -1.661282 -0.521678 -4.176497
v -1.515034 -0.317831 -4.310602
v -1.306976 -0.215756 -4.497473
v -1.170664 0.246992 -5.164389
v -1.195376 0.275151 -5.655698
v -1.173662 0.244095 -6.122012
v -1.320503 -0.225820 -6.748852
v -1.528231 -0.325119 -6.927189
v -1.669498 -0.525958 -7.071920
v 0.000000 -1.093183 -6.853867
v -0.853383 -1.077451 -6.729690
v -0.686874 0.246103 -6.687725
v 0.000000 0.273587 -6.790857
v -0.844369 -1.073001 -4.532084
v 0.000000 -1.085695 -4.418033
v 0.000000 0.309377 -4.483774
v -0.671806 0.264572 -4.576559
v -2.174251 -0.529961 -4.944919
v -1.955687 -0.310146 -5.022986
v -1.643142 -0.193971 -5.088875
v -2.297441 -0.253989 -5.627158
v -2.040116 -0.310349 -5.627795
v -1.868228 -0.175715 -5.638722
v -2.174784 -0.529238 -6.315621
v -1.956721 -0.309718 -6.236792
v -1.645450 -0.194423 -6.178261
v -0.845298 -0.436005 -7.726597
v -0.830423 -0.243542 -7.486078
v -0.767546 -0.156091 -7.181239
v 0.000000 -0.435530 -7.897861
v 0.000000 -0.213381 -7.691776
v 0.000000 -0.118951 -7.352801
v 0.000000 -0.407779 -3.282970
v 0.000000 -0.177033 -3.479685
v 0.000000 -0.078247 -3.846237
v -0.821938 -0.411503 -3.484917
v -0.802428 -0.210499 -3.708917
v -0.741027 -0.121956 -4.029310
v -0.806547 -1.388341 -6.145047
v 0.000000 -1.544585 -6.169459
v -0.755471 -1.489670 -5.635878
v 0.000000 -1.680362 -5.639391
v -0.804358 -1.389056 -5.129469
v 0.000000 -1.544498 -5.118390
v 0.000000 0.461225 -6.237225
v -0.737355 0.320372 -6.183872
v 0.000000 0.351870 -5.697848
v -0.736199 0.355889 -5.678371
v 0.000000 0.341737 -5.105184
v -0.733074 0.325910 -5.129631
v 1.303813 -0.928651 -4.681155
v 1.042894 0.310992 -4.727546
v 1.310039 -0.935982 -6.577935
v 1.051364 0.187389 -6.514228
v 1.435869 -1.038271 -6.110219
v 1.462900 -1.090875 -5.627916
v 1.433831 -1.039069 -5.148238
v 1.661282 -0.512075 -4.176497
v 1.515034 -0.276140 -4.310602
v 1.306976 -0.134735 -4.497473
v 1.170664 0.343586 -5.164389
v 1.195376 0.304270 -5.655698
v 1.173662 0.244095 -6.122012
v 1.320503 -0.225820 -6.748852
v 1.528231 -0.325119 -6.927189
v 1.669498 -0.525958 -7.071920
v 0.853383 -1.077451 -6.729690
v 0.686874 0.246103 -6.687725
v 0.844369 -1.072830 -4.532084
v 0.671806 0.364112 -4.576559
v 2.174251 -0.529961 -4.944919
v 1.955688 -0.298139 -5.022986
v 1.643142 -0.147762 -5.088875
v 2.297441 -0.551376 -5.627158
v 2.040116 -0.310349 -5.627795
v 1.705066 -0.170497 -5.638722
v 2.174784 -0.529238 -6.315621
v 1.956722 -0.309718 -6.236792
v 1.645450 -0.194423 -6.178261
v 0.845298 -0.436005 -7.726597
v 0.830423 -0.243542 -7.486078
v 0.767546 -0.156091 -7.181239
v 0.821938 -0.411503 -3.484917
v 0.802428 -0.203501 -3.708917
v 0.741028 -0.082606 -4.029310
v 0.806547 -1.388341 -6.145047
v 0.755471 -1.489670 -5.635878
v 0.804358 -1.389056 -5.129469
v 0.737355 0.320372 -6.183872
v 0.736199 0.377005 -5.678371
v 0.733074 0.413373 -5.129631
v -0.579608 1.071756 -6.469559
v -0.703043 1.071756 -6.487297
v -0.637652 1.071756 -6.503992
v -0.552873 1.071756 -6.286726
v -0.535136 1.071756 -6.410161
v -0.518440 1.071756 -6.344769
v -0.762442 1.071756 -6.442824
v -0.780179 1.071756 -6.319389
v -0.796875 1.071756 -6.384780
v -0.735707 1.071756 -6.259991
v -0.612272 1.071756 -6.242253
v -0.677663 1.071756 -6.225558
v -0.711526 0.655435 -6.538026
v -0.746865 0.729575 -6.574718
v -0.565822 0.729575 -6.548702
v -0.610621 0.655435 -6.523909
v -0.657639 0.655435 -6.551692
v -0.650955 0.729575 -6.599205
v -0.536999 0.655435 -6.425576
v -0.500594 0.729575 -6.461581
v -0.526610 0.729575 -6.280538
v -0.551866 0.655435 -6.324779
v -0.523578 0.655435 -6.372636
v -0.476106 0.729575 -6.365671
v -0.823596 0.655435 -6.364452
v -0.860002 0.729575 -6.328446
v -0.833986 0.729575 -6.509490
v -0.808729 0.655435 -6.465249
v -0.837017 0.655435 -6.417391
v -0.884489 0.729575 -6.424356
v -0.649069 0.655435 -6.252002
v -0.613730 0.729575 -6.215310
v -0.794774 0.729575 -6.241326
v -0.749974 0.655435 -6.266119
v -0.702956 0.655435 -6.238335
v -0.709640 0.729575 -6.190823
v -0.549325 1.157078 -6.510215
v -0.720652 1.157078 -6.534835
v -0.629890 1.157078 -6.558008
v -0.512217 1.157078 -6.256442
v -0.487597 1.157078 -6.427770
v -0.464424 1.157078 -6.337007
v -0.803098 1.157078 -6.473107
v -0.827718 1.157078 -6.301780
v -0.850891 1.157078 -6.392543
v -0.765990 1.157078 -6.219335
v -0.594662 1.157078 -6.194715
v -0.685425 1.157078 -6.171542
v -0.588315 1.466827 -6.455018
v -0.693766 1.491994 -6.467156
v -0.637303 1.484623 -6.482751
v -0.569587 1.420483 -6.301298
v -0.551540 1.445649 -6.405900
v -0.538723 1.427854 -6.351085
v -0.745728 1.491994 -6.428252
v -0.763775 1.466827 -6.323650
v -0.776591 1.484623 -6.378465
v -0.726999 1.445649 -6.274531
v -0.621548 1.420483 -6.262393
v -0.678012 1.427854 -6.246799
v -0.542563 1.536573 -6.486444
v -0.701377 1.574476 -6.504725
v -0.616341 1.563375 -6.528212
v -0.514356 1.466776 -6.254934
v -0.487177 1.504678 -6.412470
v -0.467875 1.477877 -6.329916
v -0.779634 1.574476 -6.446133
v -0.806813 1.536573 -6.288598
v -0.826115 1.563375 -6.371152
v -0.751427 1.504678 -6.214623
v -0.592613 1.466776 -6.196343
v -0.677649 1.477877 -6.172856
v -0.645416 1.795649 -6.495671
v -0.731489 1.782239 -6.506993
v -0.685683 1.786167 -6.519097
v -0.628199 1.820342 -6.369037
v -0.614827 1.806933 -6.454815
v -0.603687 1.816414 -6.409581
v -0.773331 1.782239 -6.475666
v -0.786704 1.795649 -6.389887
v -0.797844 1.786167 -6.435122
v -0.756115 1.806933 -6.349031
v -0.670042 1.820342 -6.337709
v -0.715848 1.816414 -6.325605
v -0.630248 1.890537 -6.557321
v -0.764201 1.869668 -6.574942
v -0.692914 1.875780 -6.593779
v -0.603455 1.928966 -6.360244
v -0.582644 1.908098 -6.493739
v -0.565307 1.922854 -6.423342
v -0.829319 1.869668 -6.526187
v -0.850130 1.890537 -6.392693
v -0.867467 1.875780 -6.463090
v -0.802526 1.908098 -6.329111
v -0.668573 1.928966 -6.311491
v -0.739859 1.922854 -6.292653
v -0.741821 2.145200 -6.603765
v -0.815812 2.133673 -6.613498
v -0.776436 2.137049 -6.623903
v -0.727021 2.166427 -6.494905
v -0.715526 2.154900 -6.568644
v -0.705949 2.163051 -6.529758
v -0.851781 2.133673 -6.586567
v -0.863277 2.145200 -6.512829
v -0.872854 2.137049 -6.551714
v -0.836982 2.154900 -6.477708
v -0.762990 2.166427 -6.467975
v -0.802367 2.163051 -6.457570
v -0.726016 2.180798 -6.654802
v -0.842182 2.162701 -6.670083
v -0.780361 2.168001 -6.686419
v -0.702781 2.214124 -6.483896
v -0.684734 2.196027 -6.599663
v -0.669699 2.208824 -6.538615
v -0.898652 2.162701 -6.627803
v -0.916700 2.180798 -6.512035
v -0.931734 2.168001 -6.573084
v -0.875417 2.196027 -6.456897
v -0.759252 2.214124 -6.441616
v -0.821072 2.208824 -6.425280
v -0.843325 2.483046 -6.699455
v -0.893542 2.472240 -6.705505
v -0.866707 2.475405 -6.712812
v -0.834038 2.502944 -6.626030
v -0.825703 2.492139 -6.675919
v -0.819470 2.499779 -6.649721
v -0.918178 2.472240 -6.687059
v -0.926514 2.483046 -6.637171
v -0.932746 2.475405 -6.663368
v -0.908892 2.492139 -6.613635
v -0.858675 2.502944 -6.607585
v -0.885509 2.499779 -6.600277
v -0.741926 0.264261 -6.677249
v -0.542791 0.264261 -6.649388
v -0.635581 0.264261 -6.704220
v -0.397496 0.264261 -6.455328
v -0.426837 0.264261 -6.256405
v -0.371011 0.264261 -6.350852
v -0.963099 0.264261 -6.334700
v -0.933758 0.264261 -6.533623
v -0.989584 0.264261 -6.439176
v -0.618669 0.264261 -6.112779
v -0.817804 0.264261 -6.140640
v -0.725014 0.264261 -6.085807
v -0.730144 0.196265 -6.623290
v -0.569080 0.196265 -6.600756
v -0.644130 0.196265 -6.645105
v -0.451563 0.196265 -6.443797
v -0.475294 0.196265 -6.282905
v -0.430142 0.196265 -6.359295
v -0.909032 0.196265 -6.346231
v -0.885301 0.196265 -6.507123
v -0.930453 0.196265 -6.430732
v -0.630451 0.196265 -6.166737
v -0.791515 0.196265 -6.189272
v -0.716465 0.196265 -6.144922
v -0.849091 2.493319 -6.653639
v -0.871289 2.481865 -6.683288
v -0.880928 2.493320 -6.629802
v -0.903126 2.481865 -6.659451
v -1.502653 2.828382 -7.477150
v -1.543549 2.834829 -7.446108
v -1.310478 2.917672 -7.377043
v -1.429610 2.917672 -7.293086
v -1.523471 2.768783 -7.617144
v -1.625408 2.755612 -7.577255
v -1.834893 2.397998 -7.942211
v -1.850886 2.432183 -7.898826
v -1.166864 2.917672 -7.185228
v -1.282045 2.917672 -7.095993
v -1.161492 2.843987 -7.015367
v -1.195516 2.849094 -6.976468
v -0.985205 2.775905 -6.936833
v -1.084854 2.764013 -6.836174
v -0.835727 2.487236 -6.715283
v -0.922605 2.451952 -6.626457
v -1.501648 2.846995 -7.475808
v -1.542526 2.853445 -7.444740
v -1.309329 2.936176 -7.375508
v -1.428453 2.936176 -7.291541
v -1.522515 2.787464 -7.615867
v -1.624429 2.774331 -7.575948
v -1.834893 2.413825 -7.942211
v -1.850886 2.448435 -7.898826
v -1.161638 2.936176 -7.178248
v -1.276863 2.936176 -7.089072
v -1.155964 2.861588 -7.007985
v -1.189559 2.866449 -6.968512
v -0.983974 2.794123 -6.935189
v -1.083565 2.782217 -6.834451
v -0.835727 2.507307 -6.715283
v -0.922605 2.473974 -6.626457
v -0.873518 2.572570 -7.265964
v -0.922356 2.618215 -7.257330
v -0.810133 2.513882 -7.226746
v -0.925343 2.626844 -7.193487
v -0.815721 2.514789 -7.340296
v -0.938568 2.607794 -7.319136
v -1.024948 2.493371 -7.666853
v -1.047274 2.492357 -7.538979
v -0.820170 2.519066 -7.079894
v -0.947788 2.618936 -7.040235
v -0.910135 2.577385 -6.998624
v -0.955821 2.613597 -6.982560
v -0.837079 2.549715 -6.963505
v -0.956986 2.612326 -6.915903
v -0.845002 2.479807 -6.714654
v -0.881499 2.479807 -6.687329
v -0.863574 2.586415 -7.265249
v -0.912204 2.632060 -7.256913
v -0.800498 2.525888 -7.226948
v -0.915511 2.639501 -7.193663
v -0.806304 2.529022 -7.339297
v -0.928991 2.622705 -7.318797
v -1.019625 2.511060 -7.665783
v -1.041951 2.510046 -7.537909
v -0.810645 2.534388 -7.080653
v -0.937986 2.634418 -7.041543
v -0.902356 2.593534 -6.999806
v -0.947306 2.629784 -6.984149
v -0.831195 2.566161 -6.964542
v -0.950534 2.629360 -6.917710
v -0.845002 2.498310 -6.714654
v -0.881499 2.498310 -6.687329
v -0.930411 2.628686 -7.117723
v -0.812137 2.515698 -7.151960
v -0.919976 2.643284 -7.118503
v -0.801341 2.530403 -7.152423
v -1.568815 2.831965 -6.914187
v -1.553899 2.855095 -6.846896
v -1.510065 2.765488 -7.062359
v -1.474369 2.844859 -6.875612
v -1.665333 2.821637 -6.973488
v -1.628823 2.859757 -6.813272
v -2.038427 2.851749 -6.635273
v -1.866850 2.851749 -6.639137
v -1.297466 2.693695 -7.081254
v -1.278786 2.777749 -6.893441
v -1.210897 2.708384 -6.943131
v -1.206489 2.747062 -6.876552
v -1.123952 2.642220 -7.005843
v -1.125487 2.700308 -6.836404
v -0.899482 2.479038 -6.745927
v -0.910514 2.479038 -6.685200
v -1.570301 2.849433 -6.921378
v -1.555803 2.872735 -6.854252
v -1.511005 2.782048 -7.071173
v -1.476188 2.861879 -6.883946
v -1.666405 2.839511 -6.980038
v -1.630808 2.877677 -6.819607
v -2.038427 2.871946 -6.635273
v -1.866850 2.871946 -6.639137
v -1.297588 2.710260 -7.089496
v -1.279788 2.794775 -6.901549
v -1.211193 2.726073 -6.950077
v -1.207023 2.764792 -6.883691
v -1.123375 2.658721 -7.011531
v -1.125453 2.717588 -6.842279
v -0.899482 2.499235 -6.745927
v -0.910514 2.499235 -6.685200
v -1.378082 2.827371 -6.900181
v -1.405286 2.735335 -7.084440
v -1.379593 2.843533 -6.909320
v -1.405865 2.751265 -7.094034
v -1.591126 2.735855 -6.419654
v -1.536715 2.767236 -6.393628
v -1.636678 2.694138 -6.525479
v -1.504704 2.777939 -6.451488
v -1.690375 2.693808 -6.397009
v -1.558484 2.754331 -6.335436
v -1.696887 2.623203 -6.021610
v -1.610893 2.623203 -6.118854
v -1.505632 2.672108 -6.650182
v -1.385398 2.755801 -6.566519
v -1.368289 2.700279 -6.628115
v -1.324709 2.729166 -6.597044
v -1.340797 2.632640 -6.706097
v -1.240264 2.693083 -6.620273
v -0.939665 2.479807 -6.689106
v -0.912098 2.479807 -6.652792
v -1.595927 2.751835 -6.422412
v -1.541844 2.783237 -6.396238
v -1.641811 2.709364 -6.529323
v -1.510286 2.793375 -6.454627
v -1.694510 2.709950 -6.399668
v -1.562955 2.770891 -6.337481
v -1.696887 2.641706 -6.021610
v -1.610893 2.641706 -6.118854
v -1.510151 2.687329 -6.654206
v -1.390478 2.771290 -6.570004
v -1.372474 2.716287 -6.631423
v -1.329165 2.745201 -6.600319
v -1.343983 2.648697 -6.709277
v -1.243944 2.709759 -6.623254
v -0.939665 2.498310 -6.689106
v -0.912098 2.498310 -6.652792
v -1.456063 2.787668 -6.516095
v -1.579692 2.695843 -6.593339
v -1.461908 2.802417 -6.519804
v -1.585054 2.710594 -6.597771
v -1.096450 2.735855 -5.937559
v -1.043864 2.767236 -5.967100
v -1.209219 2.694138 -5.961161
v -1.072785 2.777939 -6.026565
v -1.135009 2.693808 -5.843344
v -1.008782 2.754331 -5.915822
v -0.831662 2.623203 -5.622103
v -0.861752 2.623203 -5.748381
v -1.235859 2.672108 -6.140086
v -1.098265 2.755801 -6.190323
v -1.138812 2.700279 -6.239746
v -1.088330 2.729166 -6.257526
v -1.186793 2.632640 -6.307088
v -1.058763 2.693083 -6.339965
v -0.942179 2.479807 -6.625458
v -0.896617 2.479807 -6.627122
v -1.101468 2.751835 -5.935217
v -1.048949 2.783237 -5.964405
v -1.215316 2.709364 -5.959173
v -1.078563 2.793375 -6.023804
v -1.139563 2.709950 -5.841491
v -1.013026 2.770891 -5.913341
v -0.831662 2.641706 -5.622103
v -0.861752 2.641706 -5.748381
v -1.241750 2.687329 -6.138704
v -1.104038 2.771290 -6.188172
v -1.143926 2.716287 -6.238225
v -1.093572 2.745201 -6.255765
v -1.191227 2.648697 -6.306311
v -1.063318 2.709759 -6.338670
v -0.942179 2.498310 -6.625458
v -0.896617 2.498310 -6.627122
v -1.097659 2.787668 -6.103515
v -1.231955 2.695843 -6.046808
v -1.104056 2.802417 -6.100866
v -1.238664 2.710594 -6.044971
v -0.491530 2.735855 -6.013850
v -0.478309 2.767236 -6.072699
v -0.584515 2.694138 -5.945821
v -0.541855 2.777939 -6.090983
v -0.447298 2.693808 -5.922162
v -0.416726 2.754331 -6.064470
v -0.079921 2.623203 -5.999625
v -0.193909 2.623203 -6.061738
v -0.735327 2.672108 -6.045719
v -0.680618 2.755801 -6.181596
v -0.744479 2.700279 -6.184522
v -0.723922 2.729166 -6.233939
v -0.826631 2.632640 -6.193910
v -0.765417 2.693083 -6.311066
v -0.899624 2.479807 -6.588710
v -0.870381 2.479807 -6.623689
v -0.493147 2.751835 -6.008554
v -0.479707 2.783237 -6.067116
v -0.587115 2.709364 -5.939960
v -0.543669 2.793375 -6.084842
v -0.448968 2.709950 -5.917538
v -0.417721 2.770891 -6.059655
v -0.079921 2.641706 -5.999625
v -0.193909 2.641706 -6.061738
v -0.738240 2.687329 -6.040416
v -0.682881 2.771290 -6.175867
v -0.746769 2.716287 -6.179704
v -0.726120 2.745201 -6.228865
v -0.829019 2.648697 -6.190094
v -0.767501 2.709759 -6.306814
v -0.899624 2.498310 -6.588710
v -0.870381 2.498310 -6.623689
v -0.615690 2.787668 -6.123973
v -0.663384 2.695843 -5.986218
v -0.618001 2.802417 -6.117448
v -0.666506 2.710594 -5.980003
v -0.143553 2.735855 -6.514510
v -0.178449 2.767236 -6.563706
v -0.155194 2.694138 -6.399887
v -0.234551 2.777939 -6.528707
v -0.045814 2.693808 -6.486049
v -0.131135 2.754331 -6.603974
v 0.142380 2.623203 -6.810933
v 0.019957 2.623203 -6.767761
v -0.330337 2.672108 -6.354622
v -0.394732 2.755801 -6.486186
v -0.439629 2.700279 -6.440677
v -0.462607 2.729166 -6.489016
v -0.501565 2.632640 -6.385895
v -0.547693 2.693083 -6.509770
v -0.843842 2.479807 -6.595757
v -0.850277 2.479807 -6.640893
v -0.140698 2.751835 -6.509766
v -0.175235 2.783237 -6.558932
v -0.152578 2.709364 -6.394032
v -0.231199 2.793375 -6.523249
v -0.043493 2.709950 -6.481714
v -0.128222 2.770891 -6.600014
v 0.142380 2.641706 -6.810933
v 0.019957 2.641706 -6.767761
v -0.328344 2.687329 -6.348908
v -0.391987 2.771290 -6.480670
v -0.437579 2.716287 -6.435751
v -0.460306 2.745201 -6.483987
v -0.500327 2.648697 -6.381568
v -0.545927 2.709759 -6.505376
v -0.843842 2.498310 -6.595757
v -0.850277 2.498310 -6.640893
v -0.308467 2.787668 -6.495895
v -0.237983 2.695843 -6.368290
v -0.305162 2.802417 -6.489813
v -0.235452 2.710594 -6.361811
v -0.312562 2.473028 -7.144705
v -0.372793 2.503673 -7.147899
v -0.229942 2.456382 -7.064406
v -0.380194 2.531248 -7.082191
v -0.229562 2.424800 -7.203647
v -0.374979 2.475529 -7.209991
v -0.367370 2.286909 -7.552897
v -0.409546 2.286909 -7.430127
v -0.303213 2.475365 -6.899013
v -0.446326 2.550430 -6.930228
v -0.438531 2.512601 -6.866777
v -0.490690 2.540735 -6.878781
v -0.434049 2.475553 -6.784212
v -0.559792 2.527924 -6.824972
v -0.811083 2.479807 -6.646225
v -0.850459 2.479807 -6.669208
v -0.307071 2.491154 -7.143997
v -0.367055 2.521920 -7.147454
v -0.223728 2.473625 -7.062822
v -0.373835 2.548835 -7.081429
v -0.224724 2.442931 -7.202774
v -0.370065 2.494456 -7.209816
v -0.367370 2.305413 -7.552897
v -0.409546 2.309196 -7.430127
v -0.297497 2.492209 -6.897027
v -0.440298 2.567592 -6.928955
v -0.433398 2.529918 -6.865325
v -0.485319 2.558137 -6.877462
v -0.429888 2.492485 -6.782495
v -0.555251 2.545556 -6.823628
v -0.811083 2.498310 -6.646225
v -0.850459 2.498310 -6.669208
v -0.400372 2.562741 -7.003878
v -0.256581 2.478353 -6.979892
v -0.393552 2.579565 -7.002691
v -0.249931 2.495153 -6.977853
v -0.009815 2.856286 -7.258968
v -0.039093 2.862734 -7.301146
v -0.117991 2.945577 -7.071216
v -0.196814 2.945577 -7.193806
v 0.130936 2.796688 -7.273823
v 0.095412 2.783517 -7.377362
v 0.468932 2.425902 -7.571163
v 0.426266 2.460087 -7.588984
v -0.315730 2.945577 -6.935876
v -0.399995 2.945577 -7.054741
v -0.485666 2.871891 -6.937720
v -0.523085 2.876998 -6.973365
v -0.571614 2.803809 -6.764926
v -0.667952 2.791918 -6.868759
v -0.799310 2.515140 -6.624990
v -0.884368 2.479856 -6.715561
v -0.011199 2.874899 -7.258021
v -0.040502 2.881350 -7.300180
v -0.119573 2.964080 -7.070133
v -0.198407 2.964080 -7.192716
v 0.129620 2.815369 -7.272923
v 0.094064 2.802236 -7.376440
v 0.468932 2.441729 -7.571163
v 0.426266 2.476340 -7.588984
v -0.322925 2.964080 -6.930951
v -0.407130 2.964080 -7.049858
v -0.493277 2.889492 -6.932511
v -0.531288 2.894353 -6.967751
v -0.573309 2.822028 -6.763766
v -0.669728 2.810122 -6.867544
v -0.799310 2.535211 -6.624990
v -0.884368 2.501879 -6.715561
v -0.122762 2.859775 -5.916513
v -0.086917 2.866222 -5.953272
v -0.327649 2.949065 -5.987040
v -0.222272 2.949065 -6.087722
v -0.081430 2.800176 -5.781150
v 0.013472 2.787006 -5.835702
v 0.274721 2.429391 -5.505816
v 0.284109 2.463576 -5.551091
v -0.498099 2.949065 -6.155457
v -0.397413 2.949065 -6.260774
v -0.528582 2.875380 -6.322647
v -0.500697 2.880487 -6.366158
v -0.714559 2.807298 -6.374193
v -0.630925 2.795406 -6.488506
v -0.895214 2.518629 -6.571148
v -0.822457 2.483345 -6.671867
v -0.123954 2.878388 -5.917692
v -0.088132 2.884838 -5.954473
v -0.329013 2.967569 -5.988387
v -0.223645 2.967569 -6.089079
v -0.082565 2.818858 -5.782270
v 0.012310 2.805724 -5.836850
v 0.274721 2.445218 -5.505816
v 0.284109 2.479828 -5.551091
v -0.504301 2.967569 -6.161585
v -0.403563 2.967569 -6.266851
v -0.535142 2.892981 -6.329129
v -0.507767 2.897842 -6.373144
v -0.716020 2.825516 -6.375637
v -0.632456 2.813610 -6.490019
v -0.895214 2.538700 -6.571148
v -0.822457 2.505368 -6.671867
v -1.752600 2.846382 -6.064182
v -1.723784 2.852829 -6.021688
v -1.642383 2.935673 -6.250743
v -1.564901 2.935673 -6.127300
v -1.893505 2.786783 -6.050863
v -1.859112 2.773613 -5.946942
v -2.234724 2.415998 -5.757227
v -2.192254 2.450183 -5.738942
v -1.443179 2.935673 -6.383918
v -1.360215 2.935673 -6.264141
v -1.273273 2.861987 -6.380220
v -1.236245 2.867094 -6.344169
v -1.185445 2.793905 -6.552066
v -1.090246 2.782014 -6.447188
v -0.956236 2.505236 -6.689510
v -0.872172 2.469952 -6.598017
v -1.751206 2.864995 -6.065114
v -1.722364 2.871445 -6.022637
v -1.640789 2.954176 -6.251808
v -1.563297 2.954176 -6.128373
v -1.892179 2.805465 -6.051749
v -1.857754 2.792331 -5.947850
v -2.234724 2.431825 -5.757227
v -2.192254 2.466435 -5.738942
v -1.435930 2.954176 -6.388764
v -1.353028 2.954176 -6.268946
v -1.265606 2.879588 -6.385346
v -1.227982 2.884449 -6.349693
v -1.183738 2.812124 -6.553207
v -1.088457 2.800218 -6.448384
v -0.956236 2.525307 -6.689510
v -0.872172 2.491975 -6.598017
v -0.621353 0.790680 -4.460258
v -0.578806 0.775633 -4.383086
v -0.616312 0.780040 -4.413330
v -0.527898 0.818390 -4.549953
v -0.606276 0.803343 -4.509674
v -0.575899 0.813983 -4.545796
v -0.527927 0.775633 -4.367564
v -0.449548 0.790680 -4.407842
v -0.479926 0.780040 -4.371720
v -0.434472 0.803343 -4.457259
v -0.477018 0.818390 -4.534430
v -0.439512 0.813983 -4.504187
v -0.583550 0.477960 -4.425548
v -0.593195 0.520956 -4.378463
v -0.655598 0.543026 -4.491650
v -0.618550 0.490208 -4.488477
v -0.614405 0.481604 -4.450508
v -0.648205 0.527420 -4.422821
v -0.593592 0.511171 -4.570285
v -0.633486 0.561598 -4.564130
v -0.518527 0.583668 -4.623207
v -0.529425 0.523419 -4.602960
v -0.568958 0.519775 -4.599474
v -0.588930 0.577204 -4.617111
v -0.436121 0.490208 -4.432820
v -0.403611 0.543026 -4.414773
v -0.518570 0.520956 -4.355696
v -0.500288 0.477960 -4.400146
v -0.460755 0.481604 -4.403631
v -0.448166 0.527420 -4.361793
v -0.446162 0.523419 -4.577558
v -0.443902 0.583668 -4.600440
v -0.381498 0.561598 -4.487253
v -0.411162 0.511171 -4.514628
v -0.415307 0.519775 -4.552598
v -0.388891 0.577204 -4.556082
v -0.661856 0.847632 -4.446913
v -0.602802 0.826746 -4.339800
v -0.654860 0.832864 -4.381778
v -0.532141 0.886093 -4.571410
v -0.640930 0.865207 -4.515503
v -0.598766 0.879976 -4.565640
v -0.532181 0.826746 -4.318254
v -0.423392 0.847632 -4.374161
v -0.465556 0.832864 -4.324024
v -0.402466 0.865207 -4.442751
v -0.461520 0.886093 -4.549864
v -0.409462 0.879976 -4.507886
v -0.628966 1.066856 -4.396769
v -0.592142 1.071936 -4.327963
v -0.624836 1.070448 -4.354800
v -0.546483 1.057501 -4.477623
v -0.615444 1.062581 -4.441090
v -0.588590 1.058989 -4.473606
v -0.547633 1.071936 -4.314384
v -0.478672 1.066856 -4.350916
v -0.505526 1.070448 -4.318400
v -0.465150 1.062581 -4.395237
v -0.501974 1.057501 -4.464043
v -0.469280 1.058989 -4.437206
v -0.670007 1.115805 -4.398495
v -0.614548 1.123456 -4.294870
v -0.663787 1.121215 -4.335288
v -0.545784 1.101716 -4.520264
v -0.649642 1.109367 -4.465245
v -0.609199 1.103957 -4.514215
v -0.547515 1.123456 -4.274420
v -0.443657 1.115805 -4.329439
v -0.484100 1.121215 -4.280468
v -0.423292 1.109367 -4.396189
v -0.478751 1.101716 -4.499813
v -0.429512 1.103957 -4.459395
v -0.644270 1.284415 -4.294170
v -0.613334 1.264728 -4.242973
v -0.640037 1.270494 -4.263350
v -0.580215 1.320667 -4.351528
v -0.634462 1.300981 -4.326319
v -0.613746 1.314901 -4.349526
v -0.577493 1.264728 -4.232038
v -0.523246 1.284415 -4.257248
v -0.543962 1.270494 -4.234040
v -0.513438 1.300981 -4.289396
v -0.544374 1.320667 -4.340593
v -0.517671 1.314901 -4.320215
v -0.690836 1.343613 -4.262140
v -0.642691 1.312976 -4.182464
v -0.684248 1.321949 -4.214176
v -0.591150 1.400032 -4.351403
v -0.675572 1.369395 -4.312171
v -0.643332 1.391058 -4.348289
v -0.586913 1.312976 -4.165446
v -0.502490 1.343613 -4.204679
v -0.534730 1.321949 -4.168561
v -0.487227 1.369395 -4.254709
v -0.535372 1.400032 -4.334386
v -0.493815 1.391058 -4.302673
v -0.682503 1.503174 -4.138420
v -0.655909 1.486251 -4.094409
v -0.678864 1.491208 -4.111926
v -0.627439 1.534339 -4.187726
v -0.674072 1.517415 -4.166056
v -0.656263 1.529382 -4.186006
v -0.625099 1.486251 -4.085010
v -0.578466 1.503174 -4.106680
v -0.596275 1.491208 -4.086730
v -0.570035 1.517415 -4.134315
v -0.596629 1.534339 -4.178327
v -0.573674 1.529382 -4.160810
v -0.720301 1.522605 -4.120755
v -0.678549 1.496037 -4.051659
v -0.714588 1.503818 -4.079161
v -0.633852 1.571532 -4.198164
v -0.707064 1.544963 -4.164142
v -0.679105 1.563751 -4.195463
v -0.630178 1.496037 -4.036901
v -0.556966 1.522605 -4.070924
v -0.584925 1.503818 -4.039602
v -0.543729 1.544963 -4.114311
v -0.585481 1.571532 -4.183407
v -0.549443 1.563751 -4.155905
v -0.710861 1.714957 -3.986748
v -0.692344 1.701471 -3.957592
v -0.708155 1.705421 -3.969301
v -0.673701 1.739792 -4.018700
v -0.705340 1.726305 -4.004845
v -0.693355 1.735842 -4.017811
v -0.671242 1.701471 -3.951154
v -0.639603 1.714957 -3.965009
v -0.651587 1.705421 -3.952043
v -0.634082 1.726305 -3.983106
v -0.652598 1.739792 -4.012262
v -0.636788 1.735842 -4.000553
v -0.630946 0.183465 -4.415404
v -0.700018 0.207638 -4.539595
v -0.691838 0.190658 -4.464663
v -0.650762 0.249007 -4.701044
v -0.524128 0.273179 -4.765527
v -0.602147 0.265987 -4.758648
v -0.339993 0.207638 -4.429756
v -0.466627 0.183465 -4.365273
v -0.388608 0.190658 -4.372151
v -0.359809 0.273179 -4.715396
v -0.290737 0.249007 -4.591205
v -0.298917 0.265987 -4.666138
v -0.601641 0.144698 -4.455179
v -0.657508 0.164249 -4.555626
v -0.650892 0.150515 -4.495020
v -0.617669 0.197708 -4.686209
v -0.515246 0.217260 -4.738364
v -0.578349 0.211443 -4.732800
v -0.366314 0.164249 -4.466787
v -0.468738 0.144698 -4.414632
v -0.405635 0.150515 -4.420196
v -0.382342 0.217260 -4.697817
v -0.326475 0.197708 -4.597370
v -0.333091 0.211443 -4.657976
v -0.682629 1.727779 -4.000485
v -0.689584 1.713483 -3.977689
v -0.655358 1.727779 -3.992165
v -0.662313 1.713483 -3.969369
v -0.892535 1.781740 -3.239713
v -0.857583 1.786287 -3.228146
v -0.921641 1.877241 -3.374843
v -0.822600 1.876525 -3.341574
v -0.960977 1.718990 -3.180566
v -0.893902 1.704843 -3.141221
v -0.995959 1.384564 -2.932092
v -0.965945 1.412657 -2.935139
v -0.872955 1.918131 -3.534424
v -0.772574 1.918541 -3.505547
v -0.774148 1.890578 -3.618754
v -0.737558 1.895968 -3.614502
v -0.801005 1.871932 -3.761771
v -0.700113 1.867210 -3.748293
v -0.723393 1.716489 -3.983915
v -0.633579 1.695170 -3.976667
v -0.893121 1.794986 -3.237792
v -0.858163 1.799540 -3.226245
v -0.922173 1.890451 -3.373100
v -0.823129 1.889738 -3.339840
v -0.961583 1.732270 -3.178579
v -0.894502 1.718155 -3.139253
v -0.996747 1.395584 -2.929508
v -0.966754 1.423974 -2.932487
v -0.872105 1.932503 -3.537211
v -0.771739 1.932900 -3.508285
v -0.773151 1.904407 -3.622023
v -0.736402 1.909748 -3.618289
v -0.801495 1.884967 -3.760165
v -0.700582 1.880253 -3.746755
v -0.724393 1.730464 -3.980639
v -0.634675 1.710504 -3.973072
v -1.027373 1.696817 -3.724044
v -1.003834 1.724783 -3.692443
v -1.029028 1.667794 -3.785528
v -0.966368 1.739207 -3.715373
v -1.091819 1.652343 -3.735916
v -1.031843 1.707426 -3.659757
v -1.188702 1.571422 -3.487715
v -1.105767 1.585901 -3.527369
v -0.940764 1.690437 -3.838871
v -0.868481 1.752340 -3.766432
v -0.858626 1.732944 -3.811514
v -0.831702 1.755679 -3.786268
v -0.868308 1.725946 -3.871743
v -0.792907 1.763780 -3.812994
v -0.718701 1.710454 -3.980129
v -0.687439 1.710454 -3.970592
v -1.031900 1.707571 -3.727710
v -1.008620 1.735518 -3.696105
v -1.033857 1.677111 -3.788945
v -0.971298 1.749001 -3.718806
v -1.095977 1.663352 -3.739335
v -1.036482 1.718834 -3.662888
v -1.191243 1.584429 -3.488279
v -1.108308 1.598907 -3.527933
v -0.946031 1.701975 -3.841457
v -0.874190 1.763943 -3.768926
v -0.863432 1.744822 -3.812804
v -0.837057 1.767603 -3.787803
v -0.872235 1.737858 -3.871970
v -0.797547 1.776053 -3.813132
v -0.719622 1.723337 -3.977109
v -0.688361 1.723337 -3.967572
v -0.920836 1.750320 -3.743092
v -0.985366 1.679069 -3.814589
v -0.926467 1.761445 -3.746304
v -0.990974 1.690349 -3.818117
v -0.541539 1.854370 -3.431179
v -0.510463 1.881193 -3.463292
v -0.648313 1.793851 -3.414904
v -0.560393 1.878277 -3.498317
v -0.533815 1.829207 -3.353999
v -0.459407 1.881369 -3.433789
v -0.181960 1.858216 -3.275590
v -0.257459 1.875236 -3.371230
v -0.746380 1.763026 -3.539376
v -0.650815 1.849117 -3.612818
v -0.704859 1.800975 -3.642347
v -0.670478 1.837452 -3.665678
v -0.774671 1.755232 -3.676839
v -0.679718 1.818666 -3.735574
v -0.713332 1.700075 -3.936635
v -0.673787 1.707242 -3.955145
v -0.545899 1.865398 -3.424555
v -0.514747 1.892275 -3.456335
v -0.653792 1.804082 -3.408074
v -0.565244 1.888803 -3.491110
v -0.538004 1.840648 -3.347804
v -0.463085 1.892778 -3.427157
v -0.182966 1.872278 -3.272294
v -0.258465 1.889299 -3.367934
v -0.751880 1.773422 -3.533243
v -0.655885 1.859762 -3.606166
v -0.709597 1.812312 -3.636460
v -0.675228 1.848767 -3.659570
v -0.779002 1.766004 -3.672154
v -0.683963 1.829899 -3.730377
v -0.714338 1.714138 -3.933338
v -0.674793 1.721305 -3.951849
v -0.614741 1.872591 -3.545710
v -0.704230 1.780557 -3.470190
v -0.620143 1.882442 -3.538490
v -0.710279 1.790278 -3.463350
v -0.243558 1.852723 -3.635863
v -0.253432 1.883693 -3.672182
v -0.282727 1.804561 -3.573714
v -0.300826 1.886516 -3.664981
v -0.186084 1.816389 -3.595725
v -0.210113 1.880430 -3.685681
v 0.035542 1.817842 -3.756622
v -0.056967 1.813354 -3.765696
v -0.409131 1.785590 -3.600715
v -0.416663 1.867590 -3.689291
v -0.456537 1.822267 -3.682933
v -0.458767 1.851081 -3.715580
v -0.509642 1.767330 -3.677754
v -0.506362 1.831421 -3.759845
v -0.663615 1.704262 -3.936910
v -0.654559 1.712042 -3.967336
v -0.243885 1.862981 -3.629410
v -0.253535 1.893953 -3.665600
v -0.283497 1.814113 -3.566753
v -0.301011 1.896264 -3.658019
v -0.186648 1.826842 -3.589663
v -0.210200 1.891224 -3.679610
v 0.034621 1.830726 -3.753602
v -0.057888 1.826237 -3.762676
v -0.410267 1.795177 -3.594029
v -0.417263 1.877379 -3.682464
v -0.457444 1.832533 -3.676600
v -0.459541 1.861343 -3.709102
v -0.510905 1.777750 -3.672032
v -0.507330 1.842249 -3.753822
v -0.664536 1.717145 -3.933890
v -0.655481 1.724926 -3.964316
v -0.359144 1.889439 -3.664611
v -0.346075 1.802307 -3.578055
v -0.359510 1.898604 -3.657380
v -0.347062 1.811424 -3.570802
v -0.178311 1.969171 -4.112714
v -0.219279 1.992363 -4.125342
v -0.141607 1.925366 -4.046004
v -0.241568 1.988735 -4.082963
v -0.105706 1.948821 -4.136144
v -0.204207 1.993971 -4.168234
v -0.104850 1.960907 -4.409752
v -0.164431 1.940579 -4.341216
v -0.231763 1.882862 -3.961552
v -0.323515 1.948346 -4.005370
v -0.331781 1.898788 -3.971306
v -0.364980 1.921636 -3.987946
v -0.346547 1.837586 -3.927703
v -0.423099 1.888274 -3.976974
v -0.626032 1.712700 -3.961437
v -0.646447 1.717132 -3.986574
v -0.175620 1.980104 -4.108218
v -0.216358 2.003353 -4.120948
v -0.138621 1.935616 -4.040875
v -0.238285 1.999269 -4.078295
v -0.103502 1.959847 -4.131684
v -0.201795 2.005406 -4.164138
v -0.105771 1.973790 -4.406733
v -0.165353 1.953463 -4.338196
v -0.229212 1.893046 -3.956294
v -0.320587 1.958833 -4.000448
v -0.329522 1.909619 -3.966416
v -0.362529 1.932505 -3.983076
v -0.345007 1.848419 -3.922886
v -0.421241 1.899597 -3.972200
v -0.626954 1.725583 -3.958417
v -0.647369 1.730015 -3.983554
v -0.275567 1.982454 -4.035906
v -0.181108 1.912529 -3.997923
v -0.272051 1.992431 -4.030954
v -0.177923 1.922365 -3.992463
v -0.480442 2.020617 -4.424356
v -0.521407 2.035781 -4.402732
v -0.399628 1.991354 -4.406219
v -0.505287 2.034237 -4.357524
v -0.444648 2.008389 -4.493666
v -0.542348 2.034218 -4.443086
v -0.642477 1.986221 -4.681763
v -0.629419 1.966078 -4.591851
v -0.391418 1.946944 -4.283632
v -0.496892 1.992253 -4.245567
v -0.468530 1.946663 -4.217254
v -0.507094 1.962127 -4.204038
v -0.435459 1.889882 -4.177918
v -0.531815 1.922224 -4.154968
v -0.623130 1.722072 -4.000532
v -0.655684 1.720284 -4.002839
v -0.477509 2.032302 -4.422992
v -0.518404 2.047542 -4.401604
v -0.395913 2.002490 -4.404649
v -0.501758 2.045638 -4.356481
v -0.442086 2.020090 -4.491971
v -0.539986 2.046304 -4.441783
v -0.643399 1.999104 -4.678742
v -0.630340 1.978961 -4.588831
v -0.387890 1.957969 -4.281659
v -0.493411 2.003588 -4.244094
v -0.465585 1.958233 -4.215307
v -0.504043 1.973761 -4.202244
v -0.433049 1.901340 -4.175499
v -0.529315 1.934203 -4.152799
v -0.624051 1.734955 -3.997512
v -0.656605 1.733168 -3.999819
v -0.493158 2.028952 -4.300650
v -0.389199 1.978956 -4.344781
v -0.489162 2.039877 -4.299594
v -0.385034 1.989757 -4.343139
v -0.916247 1.987816 -4.417386
v -0.931124 1.999376 -4.372433
v -0.843450 1.973236 -4.464334
v -0.887620 2.005872 -4.353168
v -0.939574 1.972424 -4.491233
v -0.973789 1.989730 -4.384929
v -1.202793 1.898130 -4.476922
v -1.125741 1.891507 -4.425159
v -0.741583 1.946168 -4.387150
v -0.793712 1.979884 -4.283360
v -0.745667 1.942850 -4.285540
v -0.765018 1.954010 -4.248096
v -0.684422 1.896903 -4.283823
v -0.738785 1.917348 -4.197313
v -0.650997 1.726814 -4.029265
v -0.674138 1.719990 -4.007215
v -0.915541 1.999882 -4.418329
v -0.930555 2.011499 -4.373589
v -0.841968 1.984905 -4.465719
v -0.886690 2.017709 -4.354774
v -0.938883 1.984493 -4.491680
v -0.973586 2.002099 -4.385491
v -1.203715 1.911014 -4.473902
v -1.126662 1.904391 -4.422139
v -0.739915 1.957750 -4.388124
v -0.792492 1.991703 -4.284636
v -0.744514 1.954878 -4.286096
v -0.763915 1.966097 -4.248833
v -0.683268 1.908801 -4.283668
v -0.737849 1.929741 -4.197383
v -0.651918 1.739697 -4.026245
v -0.675060 1.732874 -4.004195
v -0.837713 2.009568 -4.323078
v -0.790051 1.970272 -4.430031
v -0.836370 2.021007 -4.325024
v -0.788150 1.981687 -4.431699
v -1.192455 1.701443 -4.107572
v -1.170087 1.716185 -4.067141
v -1.180855 1.709272 -4.189842
v -1.130609 1.743603 -4.085238
v -1.259313 1.668301 -4.138439
v -1.203369 1.687884 -4.045178
v -1.393917 1.510488 -3.940462
v -1.305482 1.522945 -3.966623
v -1.055634 1.737589 -4.212665
v -1.016152 1.770954 -4.106597
v -0.981202 1.754079 -4.143059
v -0.967211 1.766695 -4.104019
v -0.933912 1.740021 -4.185310
v -0.906194 1.758057 -4.088896
v -0.693938 1.723271 -4.027248
v -0.690302 1.716104 -3.995568
v -1.195297 1.714723 -4.108013
v -1.173191 1.729537 -4.067595
v -1.183459 1.722131 -4.191194
v -1.133764 1.756603 -4.086281
v -1.261782 1.681539 -4.138577
v -1.206309 1.701588 -4.044945
v -1.394839 1.523371 -3.937442
v -1.306592 1.538463 -3.962985
v -1.057775 1.750173 -4.213964
v -1.018851 1.783695 -4.107730
v -0.983424 1.766860 -4.143733
v -0.969615 1.779540 -4.104759
v -0.935548 1.752470 -4.185604
v -0.908240 1.770982 -4.089139
v -0.694859 1.736154 -4.024229
v -0.691223 1.728987 -3.992548
v -1.078639 1.774166 -4.100595
v -1.122093 1.733391 -4.205621
v -1.081708 1.786739 -4.102198
v -1.124601 1.746047 -4.207479
v -1.406389 1.983654 -4.169965
v -1.418398 1.979387 -4.135127
v -1.256937 2.060409 -4.170651
v -1.293588 2.035601 -4.076006
v -1.472059 1.954522 -4.253386
v -1.515620 1.927575 -4.193191
v -1.768513 1.690303 -4.384179
v -1.762214 1.707307 -4.347158
v -1.094848 2.058672 -4.113794
v -1.127038 2.033817 -4.017584
v -1.019654 1.989734 -4.028783
v -1.024372 1.984594 -3.992214
v -0.880440 1.957144 -4.061650
v -0.898259 1.924827 -3.966670
v -0.688545 1.751977 -4.036811
v -0.702410 1.706338 -3.957447
v -1.406182 1.996601 -4.166529
v -1.418169 1.992337 -4.131683
v -1.256561 2.073278 -4.167176
v -1.293204 2.048470 -4.072527
v -1.471910 1.967518 -4.249958
v -1.515448 1.940597 -4.189748
v -1.769301 1.701324 -4.381596
v -1.763023 1.718624 -4.344505
v -1.089871 2.071493 -4.108706
v -1.122111 2.046638 -4.012512
v -1.014292 2.001923 -4.023722
v -1.018513 1.996606 -3.987023
v -0.879958 1.969814 -4.058189
v -0.897710 1.937487 -3.963188
v -0.689544 1.765953 -4.033535
v -0.703507 1.721673 -3.953852
v -0.588287 2.157913 -4.652763
v -0.625003 2.161047 -4.657033
v -0.545676 2.189495 -4.493344
v -0.648436 2.186519 -4.511999
v -0.525327 2.139133 -4.741102
v -0.596497 2.132217 -4.774780
v -0.501049 1.954999 -5.115680
v -0.532731 1.973577 -5.096960
v -0.569479 2.149056 -4.328097
v -0.672894 2.144968 -4.342205
v -0.648691 2.071794 -4.254683
v -0.685813 2.072258 -4.251908
v -0.595434 1.998328 -4.139403
v -0.696134 1.982986 -4.142122
v -0.616873 1.751953 -4.003855
v -0.703964 1.721068 -4.009771
v -0.589380 2.170590 -4.648569
v -0.626099 2.173720 -4.652817
v -0.546788 2.202055 -4.489002
v -0.649549 2.199077 -4.507648
v -0.526416 2.151872 -4.736953
v -0.597591 2.144975 -4.770599
v -0.501837 1.966020 -5.113097
v -0.533540 1.984894 -5.094307
v -0.571267 2.160468 -4.319064
v -0.674674 2.156392 -4.333222
v -0.650484 2.082493 -4.245451
v -0.687665 2.082665 -4.242221
v -0.596545 2.010667 -4.135014
v -0.697254 1.995298 -4.137667
v -0.617872 1.765928 -4.000579
v -0.705060 1.736402 -4.006177
v 0.023805 1.961724 -3.671269
v 0.035551 1.974965 -3.703870
v -0.134728 2.009683 -3.643077
v -0.097015 2.034470 -3.737310
v 0.094595 1.907635 -3.606590
v 0.140171 1.916178 -3.670599
v 0.427229 1.654678 -3.593499
v 0.417876 1.685321 -3.619438
v -0.296200 2.011865 -3.701647
v -0.262931 2.036712 -3.797491
v -0.362980 1.978441 -3.811451
v -0.358370 1.990709 -3.846297
v -0.495673 1.916545 -3.802259
v -0.475584 1.932328 -3.900902
v -0.658035 1.720218 -3.923205
v -0.639703 1.716746 -4.013901
v 0.021749 1.974699 -3.668641
v 0.033473 1.987943 -3.701249
v -0.136941 2.022584 -3.640526
v -0.099237 2.047371 -3.734762
v 0.092591 1.920657 -3.603931
v 0.138138 1.929226 -3.667943
v 0.426441 1.665698 -3.590916
v 0.417066 1.696637 -3.616785
v -0.302997 2.024828 -3.700758
v -0.269678 2.049674 -3.796584
v -0.370071 1.990781 -3.810832
v -0.365932 2.002883 -3.845893
v -0.497964 1.929249 -3.799788
v -0.477940 1.945023 -3.898457
v -0.659035 1.734193 -3.919929
v -0.640799 1.732080 -4.010306
v 1.070784 0.775263 -6.178042
v 1.063705 0.762442 -6.252791
v 1.082762 0.766197 -6.216431
v 0.967314 0.798872 -6.139634
v 1.042238 0.786052 -6.144531
v 1.006242 0.795117 -6.126601
v 1.029202 0.762442 -6.282182
v 0.954277 0.775263 -6.277285
v 0.990273 0.766197 -6.295215
v 0.925732 0.786052 -6.243774
v 0.932811 0.798872 -6.169024
v 0.913754 0.795117 -6.205385
v 1.053010 0.508811 -6.217994
v 1.076519 0.545446 -6.251525
v 1.086903 0.564250 -6.141889
v 1.059022 0.519248 -6.156936
v 1.068661 0.511916 -6.188019
v 1.104470 0.550953 -6.198195
v 1.011765 0.537108 -6.101459
v 1.045034 0.580074 -6.092737
v 0.935142 0.598879 -6.085555
v 0.950528 0.547544 -6.097685
v 0.982610 0.544439 -6.087000
v 0.992239 0.593371 -6.066440
v 0.935310 0.519248 -6.262317
v 0.916021 0.564250 -6.287450
v 1.025913 0.545446 -6.294632
v 0.996547 0.508811 -6.266090
v 0.964465 0.511916 -6.276775
v 0.968817 0.550953 -6.313748
v 0.894065 0.547544 -6.145782
v 0.884536 0.598879 -6.128663
v 0.874153 0.580074 -6.238299
v 0.888053 0.537108 -6.206840
v 0.878414 0.544439 -6.175756
v 0.856585 0.593371 -6.181993
v 1.106969 0.823788 -6.174734
v 1.097142 0.805992 -6.278486
v 1.123594 0.811204 -6.228018
v 0.963352 0.856558 -6.121423
v 1.067347 0.838763 -6.128220
v 1.017385 0.851346 -6.103334
v 1.049252 0.805992 -6.319280
v 0.945258 0.823788 -6.312484
v 0.995220 0.811204 -6.337370
v 0.905636 0.838763 -6.265970
v 0.915462 0.856558 -6.162218
v 0.889011 0.851346 -6.212686
v 1.098269 1.010576 -6.225083
v 1.092825 1.014905 -6.291353
v 1.109277 1.013637 -6.259287
v 1.006374 1.002606 -6.189864
v 1.072667 1.006934 -6.195027
v 1.040648 1.003873 -6.178721
v 1.062642 1.014905 -6.317064
v 0.996349 1.010576 -6.311901
v 1.028368 1.013637 -6.328207
v 0.970747 1.006934 -6.281846
v 0.976191 1.002606 -6.215575
v 0.959740 1.003873 -6.247641
v 1.129762 1.052283 -6.209813
v 1.121563 1.058802 -6.309619
v 1.146340 1.056893 -6.261327
v 0.991364 1.040279 -6.156772
v 1.091204 1.046798 -6.164548
v 1.042982 1.042188 -6.139990
v 1.076106 1.058802 -6.348341
v 0.976266 1.052283 -6.340565
v 1.024488 1.056893 -6.365123
v 0.937708 1.046798 -6.295300
v 0.945907 1.040279 -6.195494
v 0.921130 1.042188 -6.243787
v 1.145032 1.195946 -6.300085
v 1.138217 1.179172 -6.350595
v 1.152177 1.184085 -6.325610
v 1.075510 1.226835 -6.276980
v 1.126461 1.210061 -6.278284
v 1.102397 1.221922 -6.267171
v 1.113912 1.179172 -6.371299
v 1.062961 1.195946 -6.369995
v 1.087025 1.184085 -6.381108
v 1.044391 1.210061 -6.348194
v 1.051205 1.226835 -6.297684
v 1.037246 1.221922 -6.322669
v 1.192293 1.246385 -6.309326
v 1.181688 1.220281 -6.387933
v 1.203413 1.227927 -6.349050
v 1.084099 1.294456 -6.273369
v 1.163392 1.268352 -6.275398
v 1.125942 1.286811 -6.258103
v 1.143863 1.220281 -6.420153
v 1.064569 1.246385 -6.418124
v 1.102020 1.227927 -6.435419
v 1.035669 1.268352 -6.384196
v 1.046274 1.294456 -6.305589
v 1.024549 1.286811 -6.344473
v 1.227745 1.382338 -6.408854
v 1.221887 1.367919 -6.452274
v 1.233887 1.372142 -6.430796
v 1.167982 1.408892 -6.388992
v 1.211781 1.394472 -6.390113
v 1.191095 1.404668 -6.380560
v 1.200993 1.367919 -6.470072
v 1.157194 1.382338 -6.468951
v 1.177880 1.372142 -6.478504
v 1.141230 1.394472 -6.450211
v 1.147088 1.408892 -6.406790
v 1.135088 1.404668 -6.428268
v 1.263280 1.398894 -6.409841
v 1.254083 1.376256 -6.478009
v 1.272923 1.382887 -6.444289
v 1.169454 1.440582 -6.378659
v 1.238218 1.417944 -6.380418
v 1.205740 1.433952 -6.365420
v 1.221281 1.376256 -6.505951
v 1.152517 1.398894 -6.504191
v 1.184994 1.382887 -6.519189
v 1.127455 1.417944 -6.474769
v 1.136652 1.440582 -6.406600
v 1.117812 1.433952 -6.440320
v 1.301356 1.562786 -6.517785
v 1.296773 1.551296 -6.546854
v 1.305159 1.554661 -6.532340
v 1.261473 1.583946 -6.505415
v 1.290902 1.572456 -6.505512
v 1.277137 1.580581 -6.499443
v 1.282462 1.551296 -6.559044
v 1.253034 1.562786 -6.558947
v 1.266799 1.554661 -6.565016
v 1.242580 1.572456 -6.546675
v 1.247163 1.583946 -6.517605
v 1.238776 1.580581 -6.532119
v 1.093496 0.257889 -6.209846
v 1.105359 0.278485 -6.089348
v 1.124382 0.264017 -6.150691
v 1.012098 0.315631 -5.979864
v 0.891246 0.336095 -5.972416
v 0.954560 0.331144 -5.951329
v 0.861214 0.278485 -6.297318
v 0.982065 0.257889 -6.304765
v 0.918751 0.264017 -6.325852
v 0.779816 0.334329 -6.067335
v 0.767952 0.313733 -6.187833
v 0.748930 0.328201 -6.126490
v 1.057100 0.224857 -6.188697
v 1.066695 0.241516 -6.091236
v 1.082081 0.229814 -6.140851
v 0.991264 0.271222 -6.002684
v 0.893517 0.287796 -5.996659
v 0.944726 0.283604 -5.979604
v 0.869226 0.241516 -6.259445
v 0.966973 0.224857 -6.265470
v 0.915764 0.229814 -6.282525
v 0.803390 0.286683 -6.073432
v 0.793795 0.270025 -6.170893
v 0.778409 0.281727 -6.121278
v 1.274630 1.573711 -6.516623
v 1.287799 1.561531 -6.532083
v 1.256137 1.573711 -6.532376
v 1.269305 1.561531 -6.547835
v 1.696745 1.619688 -7.040057
v 1.673349 1.623563 -7.060954
v 1.673659 1.701059 -6.924565
v 1.607531 1.700449 -6.984162
v 1.770302 1.566223 -7.063073
v 1.731221 1.554169 -7.116577
v 1.881926 1.281277 -7.245420
v 1.857432 1.305214 -7.253218
v 1.581477 1.735900 -6.816347
v 1.512812 1.736249 -6.872967
v 1.475643 1.712423 -6.783949
v 1.448486 1.717016 -6.799684
v 1.448125 1.696536 -6.663054
v 1.373837 1.692513 -6.707811
v 1.312112 1.564092 -6.515748
v 1.244370 1.545927 -6.551878
v 1.697855 1.630975 -7.041360
v 1.674447 1.634855 -7.062243
v 1.674666 1.712315 -6.925747
v 1.608533 1.711707 -6.985339
v 1.771450 1.577538 -7.064421
v 1.732357 1.565511 -7.117911
v 1.883418 1.290667 -7.247171
v 1.858964 1.314856 -7.255016
v 1.579867 1.748145 -6.814458
v 1.511230 1.748483 -6.871110
v 1.473755 1.724206 -6.781733
v 1.446298 1.728757 -6.797115
v 1.449052 1.707642 -6.664143
v 1.374726 1.703625 -6.708854
v 1.314005 1.575999 -6.517969
v 1.246447 1.558992 -6.554316
v 1.637855 1.547330 -6.615760
v 1.630175 1.571159 -6.648444
v 1.618293 1.522601 -6.567142
v 1.593113 1.583448 -6.643230
v 1.684200 1.509436 -6.584621
v 1.663154 1.556370 -6.664492
v 1.844114 1.440489 -6.745758
v 1.765839 1.452825 -6.742894
v 1.531211 1.541894 -6.555387
v 1.499284 1.594638 -6.636524
v 1.476290 1.578112 -6.604630
v 1.463809 1.597483 -6.633495
v 1.463428 1.572150 -6.554269
v 1.424421 1.604386 -6.625765
v 1.309729 1.558949 -6.520298
v 1.288529 1.558949 -6.538357
v 1.640150 1.556494 -6.611360
v 1.632674 1.580306 -6.643959
v 1.620909 1.530540 -6.562833
v 1.595802 1.591794 -6.638874
v 1.686290 1.518817 -6.580539
v 1.665718 1.566090 -6.660471
v 1.845908 1.451571 -6.744454
v 1.767634 1.463907 -6.741591
v 1.534451 1.551725 -6.551579
v 1.502900 1.604525 -6.632639
v 1.479609 1.588232 -6.601991
v 1.467474 1.607643 -6.630479
v 1.466420 1.582299 -6.552760
v 1.428001 1.614843 -6.624083
v 1.311473 1.569927 -6.522346
v 1.290274 1.569927 -6.540405
v 1.548123 1.592917 -6.637009
v 1.574309 1.532208 -6.559237
v 1.551435 1.602396 -6.632588
v 1.577496 1.541819 -6.554578
v 1.357456 1.681573 -7.009459
v 1.322274 1.704426 -6.994900
v 1.446433 1.630008 -6.985964
v 1.349420 1.701942 -6.950589
v 1.377598 1.660132 -7.072405
v 1.292375 1.704577 -7.035278
v 1.129177 1.684849 -7.253037
v 1.155749 1.699351 -7.152675
v 1.480864 1.603743 -6.855411
v 1.381257 1.677096 -6.830421
v 1.413483 1.636078 -6.789011
v 1.378697 1.667157 -6.782436
v 1.456350 1.597103 -6.738370
v 1.362211 1.651151 -6.724669
v 1.320285 1.550106 -6.556116
v 1.283098 1.556213 -6.555061
v 1.363110 1.690969 -7.013159
v 1.327982 1.713869 -6.998885
v 1.453032 1.638724 -6.989444
v 1.355656 1.710910 -6.954576
v 1.382973 1.669880 -7.075827
v 1.297499 1.714297 -7.039215
v 1.131082 1.696831 -7.255273
v 1.157653 1.711333 -7.154910
v 1.487243 1.612601 -6.858338
v 1.387477 1.686166 -6.833901
v 1.419184 1.645737 -6.792005
v 1.384481 1.676798 -6.785599
v 1.461325 1.606280 -6.740564
v 1.367291 1.660722 -6.727292
v 1.322190 1.562088 -6.558351
v 1.285002 1.568195 -6.557297
v 1.375824 1.697098 -6.895111
v 1.471386 1.618680 -6.923785
v 1.382495 1.705491 -6.898922
v 1.478434 1.626963 -6.927079
v 1.055122 1.680169 -6.950548
v 1.050520 1.706556 -6.918811
v 1.106817 1.639133 -6.985840
v 1.090006 1.708961 -6.908364
v 1.023814 1.649211 -7.001416
v 1.012082 1.703776 -6.922955
v 0.796011 1.650449 -6.950830
v 0.865240 1.646625 -6.912358
v 1.196458 1.622969 -6.921860
v 1.172301 1.692836 -6.850072
v 1.205624 1.654219 -6.841516
v 1.196293 1.678770 -6.815243
v 1.248888 1.607410 -6.827551
v 1.218480 1.662019 -6.764501
v 1.281332 1.553674 -6.572764
v 1.263934 1.560303 -6.552055
v 1.057566 1.688910 -6.955481
v 1.052833 1.715299 -6.923921
v 1.109780 1.647272 -6.991019
v 1.092513 1.717268 -6.913743
v 1.026310 1.658118 -7.005963
v 1.014210 1.712974 -6.927669
v 0.797756 1.661426 -6.952878
v 0.866984 1.657602 -6.914407
v 1.199614 1.631137 -6.926700
v 1.175086 1.701177 -6.855205
v 1.208481 1.662966 -6.846159
v 1.199096 1.687514 -6.820043
v 1.251816 1.616289 -6.831596
v 1.221280 1.671244 -6.768880
v 1.283077 1.564651 -6.574812
v 1.265679 1.571280 -6.554103
v 1.135715 1.711452 -6.888872
v 1.154859 1.637212 -6.960959
v 1.138453 1.719261 -6.894400
v 1.158090 1.644981 -6.966293
v 0.842379 1.779388 -6.599964
v 0.870116 1.799149 -6.576198
v 0.836318 1.742064 -6.664556
v 0.901913 1.796057 -6.601762
v 0.777683 1.762048 -6.606278
v 0.843788 1.800518 -6.547785
v 0.684207 1.772346 -6.392712
v 0.754024 1.755026 -6.426071
v 0.935431 1.705848 -6.699985
v 0.992283 1.761643 -6.634615
v 1.010298 1.719419 -6.658435
v 1.030603 1.738885 -6.634169
v 1.036630 1.667272 -6.687508
v 1.079751 1.710460 -6.623031
v 1.243638 1.560863 -6.566341
v 1.251068 1.564640 -6.539770
v 0.841801 1.788703 -6.604392
v 0.869324 1.808512 -6.580624
v 0.835723 1.750798 -6.669578
v 0.900931 1.805033 -6.606524
v 0.777472 1.771444 -6.610511
v 0.843292 1.810262 -6.551805
v 0.685952 1.783323 -6.394760
v 0.755769 1.766004 -6.428119
v 0.935221 1.714526 -6.704960
v 0.991664 1.770580 -6.639455
v 1.010191 1.728647 -6.663024
v 1.030339 1.748147 -6.638806
v 1.037060 1.676502 -6.691795
v 1.079918 1.720108 -6.627393
v 1.245383 1.571840 -6.568390
v 1.252813 1.575617 -6.541818
v 0.944448 1.790705 -6.627010
v 0.883501 1.731126 -6.688739
v 0.943380 1.799206 -6.632073
v 0.882864 1.739507 -6.694087
v 0.972823 1.823222 -6.253899
v 1.012177 1.836142 -6.256906
v 0.915810 1.798288 -6.295487
v 1.014911 1.834826 -6.297709
v 0.921336 1.812804 -6.211866
v 1.014856 1.834810 -6.218261
v 1.012162 1.793915 -5.997744
v 1.032453 1.776752 -6.072450
v 0.950973 1.760450 -6.394088
v 1.046325 1.799054 -6.388063
v 1.033760 1.760210 -6.419815
v 1.068385 1.773386 -6.417064
v 1.021253 1.711830 -6.461777
v 1.104351 1.739387 -6.447032
v 1.228108 1.568848 -6.536769
v 1.252770 1.567325 -6.523923
v 0.970994 1.833178 -6.255960
v 1.010212 1.846163 -6.258806
v 0.913438 1.807777 -6.297974
v 1.012507 1.844541 -6.299721
v 0.919909 1.822773 -6.214060
v 1.013452 1.845109 -6.220081
v 1.013907 1.804892 -5.999792
v 1.034198 1.787729 -6.074498
v 0.948885 1.769843 -6.396826
v 1.044103 1.808713 -6.390397
v 1.032119 1.770068 -6.422334
v 1.066609 1.783298 -6.419501
v 1.020190 1.721592 -6.464485
v 1.103134 1.749593 -6.449575
v 1.229853 1.579826 -6.538817
v 1.254515 1.578303 -6.525971
v 1.024722 1.830324 -6.346277
v 0.928497 1.787725 -6.347045
v 1.021958 1.839632 -6.348457
v 0.925799 1.796928 -6.349741
v 1.315820 1.795274 -6.111525
v 1.342696 1.805124 -6.141615
v 1.242996 1.782851 -6.099522
v 1.315226 1.810659 -6.171429
v 1.309005 1.782159 -6.045893
v 1.371805 1.796904 -6.117376
v 1.519595 1.718858 -5.967796
v 1.476927 1.713215 -6.034391
v 1.189555 1.759788 -6.194403
v 1.265505 1.788516 -6.257845
v 1.227213 1.756961 -6.272438
v 1.255039 1.766469 -6.295141
v 1.179925 1.717812 -6.294554
v 1.251760 1.735233 -6.343732
v 1.240144 1.572889 -6.504858
v 1.265710 1.567075 -6.514243
v 1.314948 1.805555 -6.111027
v 1.341859 1.815453 -6.140904
v 1.241368 1.792794 -6.098942
v 1.313955 1.820744 -6.170490
v 1.308313 1.792442 -6.045777
v 1.371455 1.807444 -6.117006
v 1.521340 1.729835 -5.969844
v 1.478672 1.724192 -6.036439
v 1.187921 1.769657 -6.194207
v 1.264118 1.798586 -6.257262
v 1.226123 1.767210 -6.272394
v 1.253927 1.776768 -6.294939
v 1.179076 1.727950 -6.295066
v 1.251004 1.745791 -6.343994
v 1.241888 1.583866 -6.506906
v 1.267455 1.578052 -6.516291
v 1.286425 1.813808 -6.211876
v 1.212894 1.780326 -6.144446
v 1.284715 1.823554 -6.210811
v 1.210842 1.790052 -6.143787
v 1.636795 1.551272 -6.259994
v 1.633027 1.563832 -6.299182
v 1.599823 1.557943 -6.199625
v 1.596031 1.587194 -6.298428
v 1.678583 1.523033 -6.213190
v 1.666489 1.539719 -6.305059
v 1.850945 1.388570 -6.322275
v 1.772949 1.399184 -6.331824
v 1.494208 1.582070 -6.224259
v 1.499325 1.610498 -6.320556
v 1.459640 1.596120 -6.303912
v 1.461946 1.606869 -6.339171
v 1.408346 1.584141 -6.286928
v 1.419383 1.599509 -6.371688
v 1.274391 1.569870 -6.491869
v 1.282295 1.563764 -6.517865
v 1.638867 1.562587 -6.258685
v 1.635299 1.575209 -6.297774
v 1.601400 1.568898 -6.197684
v 1.598143 1.598271 -6.296543
v 1.680466 1.534312 -6.212245
v 1.668867 1.551395 -6.304245
v 1.852689 1.399547 -6.324323
v 1.775050 1.412406 -6.334291
v 1.495441 1.592792 -6.222518
v 1.501050 1.621354 -6.318755
v 1.461148 1.607010 -6.302631
v 1.463574 1.617814 -6.337777
v 1.409525 1.594749 -6.286143
v 1.420901 1.610522 -6.370804
v 1.276135 1.580847 -6.493917
v 1.284040 1.574741 -6.519913
v 1.550201 1.613235 -6.304052
v 1.548542 1.578493 -6.207222
v 1.552057 1.623948 -6.301758
v 1.549872 1.589276 -6.204920
v 1.782847 1.791727 -6.138661
v 1.804050 1.788092 -6.161818
v 1.665799 1.857126 -6.188818
v 1.726550 1.835989 -6.250363
v 1.805880 1.766906 -6.051183
v 1.860346 1.743946 -6.083457
v 1.993230 1.541780 -5.848398
v 2.000863 1.556269 -5.879470
v 1.558394 1.855647 -6.288238
v 1.616188 1.834469 -6.352519
v 1.528456 1.796909 -6.380189
v 1.544548 1.792529 -6.407172
v 1.408495 1.769140 -6.401720
v 1.454640 1.741605 -6.469913
v 1.266932 1.594329 -6.486224
v 1.304689 1.555443 -6.543553
v 1.783850 1.802759 -6.141417
v 1.805040 1.799126 -6.164587
v 1.666685 1.868091 -6.191661
v 1.727429 1.846954 -6.253211
v 1.806926 1.777979 -6.053913
v 1.861379 1.755041 -6.086206
v 1.994722 1.551170 -5.850150
v 2.002395 1.565911 -5.881269
v 1.556230 1.866570 -6.293903
v 1.614057 1.845393 -6.358153
v 1.525982 1.807293 -6.385963
v 1.541729 1.802763 -6.413217
v 1.409292 1.779936 -6.404588
v 1.455392 1.752391 -6.472821
v 1.268825 1.606237 -6.488446
v 1.306766 1.568508 -6.545991
v 0.979642 1.940204 -6.038792
v 1.006892 1.942874 -6.023001
v 1.000411 1.967113 -6.177850
v 1.074402 1.964578 -6.128413
v 0.900468 1.924203 -5.991100
v 0.944672 1.918310 -5.940636
v 0.754438 1.767313 -5.706558
v 0.785551 1.783142 -5.710444
v 1.075066 1.932658 -6.298936
v 1.151112 1.929174 -6.252831
v 1.161881 1.866827 -6.329449
v 1.191838 1.867223 -6.319026
v 1.159357 1.804231 -6.437618
v 1.237143 1.791159 -6.401337
v 1.222091 1.594308 -6.536294
v 1.288156 1.567993 -6.502129
v 0.981919 1.951005 -6.041699
v 1.009179 1.953672 -6.025924
v 1.002753 1.977815 -6.180867
v 1.076748 1.975278 -6.131436
v 0.902726 1.935057 -5.993974
v 0.946946 1.929180 -5.943533
v 0.755930 1.776702 -5.708310
v 0.787083 1.792784 -5.712243
v 1.079527 1.942381 -6.305390
v 1.155550 1.938908 -6.259249
v 1.166414 1.875943 -6.336058
v 1.196571 1.876089 -6.325970
v 1.161714 1.814744 -6.440673
v 1.239530 1.801649 -6.404439
v 1.223983 1.606216 -6.538516
v 1.290232 1.581059 -6.504566
v 0.834136 1.773043 -7.013562
v 0.813897 1.784325 -6.992064
v 0.967611 1.813906 -6.981824
v 0.906171 1.835025 -6.920962
v 0.800744 1.726956 -7.088127
v 0.743410 1.734235 -7.053556
v 0.545192 1.511426 -7.211186
v 0.543705 1.537535 -7.187739
v 1.073954 1.815765 -6.881274
v 1.015440 1.836935 -6.817646
v 1.088905 1.787286 -6.772799
v 1.073483 1.797739 -6.747126
v 1.195738 1.734548 -6.734975
v 1.146577 1.747996 -6.664687
v 1.281620 1.567269 -6.585369
v 1.236528 1.564311 -6.520698
v 0.836635 1.784098 -7.014918
v 0.816411 1.795382 -6.993408
v 0.970206 1.824898 -6.983068
v 0.908772 1.846018 -6.922200
v 0.803213 1.738052 -7.089526
v 0.745900 1.745353 -7.054942
v 0.546685 1.520815 -7.212938
v 0.545237 1.547177 -7.189538
v 1.079568 1.826810 -6.879664
v 1.021022 1.847980 -6.816066
v 1.094658 1.797800 -6.770877
v 1.079530 1.808112 -6.744876
v 1.198368 1.745373 -6.736129
v 1.149249 1.758813 -6.665799
v 1.283512 1.579176 -6.587590
v 1.238604 1.577376 -6.523136
v 1.067000 0.829116 -4.701446
v 1.126702 0.819295 -4.719265
v 1.100179 0.822241 -4.697888
v 1.019047 0.846147 -4.779472
v 1.035118 0.837064 -4.719275
v 1.014717 0.843553 -4.745683
v 1.145060 0.818971 -4.752090
v 1.128989 0.828032 -4.812287
v 1.149389 0.821375 -4.785879
v 1.097107 0.835990 -4.830117
v 1.037405 0.845832 -4.812298
v 1.063927 0.842707 -4.833674
v 1.096653 0.636032 -4.722357
v 1.127738 0.662193 -4.708630
v 1.040172 0.676722 -4.682494
v 1.047922 0.644073 -4.707615
v 1.074778 0.638438 -4.704783
v 1.088837 0.666499 -4.677276
v 0.995143 0.657168 -4.737133
v 0.993410 0.688385 -4.708645
v 0.969839 0.701603 -4.796937
v 0.982193 0.664443 -4.786369
v 0.978671 0.662290 -4.758532
v 0.963489 0.697776 -4.747378
v 1.113745 0.642609 -4.825312
v 1.131092 0.674788 -4.845066
v 1.154664 0.661611 -4.756775
v 1.126695 0.635358 -4.776075
v 1.130217 0.637199 -4.803912
v 1.161014 0.664949 -4.806334
v 1.012236 0.663791 -4.840087
v 0.996764 0.701046 -4.845082
v 1.084331 0.686475 -4.871218
v 1.060966 0.655726 -4.854829
v 1.034110 0.661085 -4.857661
v 1.035666 0.696278 -4.876436
v 1.070143 0.863172 -4.671458
v 1.153010 0.849479 -4.696192
v 1.116197 0.853535 -4.666521
v 1.003585 0.887024 -4.779759
v 1.025891 0.874285 -4.696207
v 0.997576 0.883334 -4.732861
v 1.178491 0.849053 -4.741754
v 1.156185 0.861754 -4.825306
v 1.184500 0.852399 -4.788652
v 1.111933 0.872885 -4.850055
v 1.029065 0.886616 -4.825321
v 1.065879 0.882236 -4.854992
v 1.109723 0.995716 -4.686661
v 1.162788 0.998007 -4.701781
v 1.139341 0.997386 -4.683218
v 1.066234 0.990823 -4.755780
v 1.081129 0.993591 -4.702652
v 1.062691 0.991687 -4.726085
v 1.178847 0.997801 -4.730497
v 1.163952 0.995009 -4.783625
v 1.182389 0.996831 -4.760192
v 1.135357 0.992877 -4.799616
v 1.082293 0.990609 -4.784496
v 1.105740 0.991115 -4.803059
v 1.102374 1.025143 -4.658563
v 1.182291 1.028705 -4.681335
v 1.146979 1.027694 -4.653378
v 1.036876 1.017667 -4.762660
v 1.059310 1.021880 -4.682647
v 1.031542 1.018938 -4.717937
v 1.206477 1.028416 -4.724583
v 1.184044 1.024149 -4.804595
v 1.211812 1.026917 -4.769306
v 1.140980 1.020869 -4.828680
v 1.061063 1.017361 -4.805907
v 1.096375 1.018125 -4.833865
v 1.178316 1.127482 -4.660695
v 1.218331 1.114567 -4.674389
v 1.200245 1.118384 -4.658996
v 1.148296 1.150921 -4.713557
v 1.157575 1.138246 -4.672294
v 1.144648 1.147240 -4.690089
v 1.231263 1.114443 -4.697512
v 1.221983 1.127073 -4.738775
v 1.234910 1.118055 -4.720980
v 1.201242 1.137845 -4.750374
v 1.161228 1.150805 -4.736680
v 1.179313 1.146927 -4.752073
v 1.193461 1.163580 -4.623716
v 1.255735 1.143297 -4.645028
v 1.227589 1.149266 -4.621072
v 1.146741 1.200516 -4.705983
v 1.161183 1.180520 -4.641768
v 1.141065 1.194682 -4.669462
v 1.275860 1.143125 -4.681014
v 1.261419 1.163019 -4.745229
v 1.281537 1.148809 -4.717535
v 1.229141 1.179976 -4.763281
v 1.166867 1.200361 -4.741969
v 1.195013 1.194262 -4.765924
v 1.280193 1.263343 -4.610913
v 1.314591 1.251800 -4.622685
v 1.299044 1.255200 -4.609453
v 1.254387 1.284426 -4.656355
v 1.262364 1.273003 -4.620884
v 1.251251 1.281098 -4.636181
v 1.325708 1.251739 -4.642562
v 1.317731 1.263140 -4.678033
v 1.328843 1.255037 -4.662736
v 1.299901 1.272805 -4.688004
v 1.265503 1.284369 -4.676232
v 1.281050 1.280943 -4.689465
v 1.286728 1.275523 -4.582147
v 1.340732 1.257337 -4.600629
v 1.316324 1.262682 -4.579854
v 1.246212 1.308789 -4.653490
v 1.258736 1.290757 -4.597802
v 1.241290 1.303523 -4.621818
v 1.358185 1.257247 -4.631836
v 1.345661 1.275231 -4.687524
v 1.363108 1.262444 -4.663508
v 1.317670 1.290475 -4.703179
v 1.263665 1.308709 -4.684697
v 1.288074 1.303305 -4.705472
v 1.380733 1.402948 -4.568566
v 1.403656 1.393521 -4.576985
v 1.393194 1.396286 -4.567818
v 1.364232 1.420291 -4.599034
v 1.369058 1.410875 -4.575096
v 1.361897 1.417536 -4.585321
v 1.411270 1.393509 -4.590600
v 1.406444 1.402911 -4.614538
v 1.413605 1.396255 -4.604313
v 1.394769 1.410840 -4.621068
v 1.371846 1.420281 -4.612648
v 1.382308 1.417509 -4.621816
v 1.037273 0.357144 -4.723586
v 0.957301 0.372458 -4.680592
v 0.995926 0.362964 -4.688127
v 0.854576 0.396886 -4.737827
v 0.841135 0.410168 -4.824389
v 0.842209 0.407500 -4.763211
v 1.090411 0.368725 -4.909790
v 1.096884 0.355409 -4.829200
v 1.105842 0.359818 -4.883104
v 0.898504 0.408526 -4.931941
v 0.985481 0.393245 -4.968932
v 0.951671 0.404490 -4.958552
v 1.042467 0.304296 -4.711485
v 0.964684 0.316910 -4.687953
v 1.007551 0.307897 -4.683433
v 0.880437 0.337280 -4.735069
v 0.859767 0.348529 -4.813662
v 0.854144 0.345036 -4.769227
v 1.069750 0.314116 -4.875821
v 1.090420 0.302983 -4.797229
v 1.096043 0.305513 -4.841663
v 0.907720 0.347330 -4.899406
v 0.985504 0.334599 -4.922937
v 0.942636 0.342822 -4.927458
v 1.375478 1.411900 -4.590132
v 1.390185 1.401913 -4.581907
v 1.385317 1.411886 -4.607727
v 1.400025 1.401899 -4.599501
v 1.869628 1.449266 -4.330971
v 1.882864 1.452481 -4.353385
v 1.771896 1.516788 -4.331133
v 1.809741 1.516282 -4.394573
v 1.900227 1.404900 -4.274810
v 1.937474 1.394897 -4.315251
v 2.066658 1.168451 -4.213363
v 2.069054 1.188313 -4.234558
v 1.668940 1.545699 -4.388712
v 1.703952 1.545988 -4.453736
v 1.625498 1.526218 -4.469632
v 1.633925 1.530028 -4.494276
v 1.522653 1.513034 -4.472531
v 1.547102 1.509696 -4.540219
v 1.380811 1.403968 -4.559482
v 1.399293 1.389396 -4.620450
v 1.870868 1.458631 -4.330278
v 1.884090 1.461851 -4.352699
v 1.773021 1.526128 -4.330504
v 1.810860 1.525624 -4.393947
v 1.901509 1.414289 -4.274093
v 1.938744 1.404309 -4.314541
v 2.068324 1.176242 -4.212431
v 2.070766 1.196314 -4.233601
v 1.667143 1.555859 -4.389718
v 1.702185 1.556140 -4.454724
v 1.623389 1.535995 -4.470812
v 1.631482 1.539771 -4.495642
v 1.523690 1.522251 -4.471952
v 1.548094 1.518917 -4.539664
v 1.382924 1.413604 -4.558300
v 1.401612 1.399897 -4.619153
v 1.514761 1.389223 -4.310467
v 1.540126 1.408996 -4.321990
v 1.472031 1.368722 -4.318547
v 1.529904 1.419193 -4.351316
v 1.496890 1.357778 -4.267720
v 1.558508 1.396724 -4.297734
v 1.653845 1.300565 -4.163546
v 1.638889 1.310802 -4.226797
v 1.448416 1.384830 -4.387534
v 1.509310 1.428479 -4.426609
v 1.479640 1.414765 -4.440182
v 1.501123 1.430840 -4.454997
v 1.436574 1.409889 -4.442528
v 1.488477 1.436568 -4.485811
v 1.384130 1.399797 -4.562156
v 1.395410 1.399789 -4.582325
v 1.511549 1.396827 -4.307889
v 1.536878 1.416586 -4.319232
v 1.468946 1.375293 -4.315723
v 1.526792 1.426119 -4.348425
v 1.493904 1.365562 -4.265361
v 1.555649 1.404789 -4.294999
v 1.653074 1.309761 -4.161875
v 1.638118 1.319998 -4.225126
v 1.445839 1.392924 -4.384283
v 1.506731 1.436683 -4.423039
v 1.478028 1.423163 -4.437055
v 1.499259 1.439271 -4.451528
v 1.435828 1.418261 -4.439849
v 1.487685 1.445245 -4.482625
v 1.386079 1.408665 -4.561066
v 1.397359 1.408658 -4.581235
v 1.517583 1.427051 -4.386934
v 1.458503 1.376740 -4.353075
v 1.514519 1.434917 -4.383525
v 1.455224 1.384673 -4.349729
v 1.789995 1.500618 -4.602209
v 1.772469 1.519582 -4.628498
v 1.785222 1.457829 -4.525994
v 1.740779 1.517520 -4.599254
v 1.844479 1.482826 -4.595967
v 1.800513 1.519706 -4.659348
v 1.951440 1.503337 -4.827312
v 1.874033 1.515370 -4.789495
v 1.684508 1.436035 -4.476909
v 1.648101 1.496903 -4.553957
v 1.619591 1.462866 -4.521045
v 1.608629 1.488656 -4.548301
v 1.585286 1.430524 -4.477984
v 1.558949 1.475374 -4.552402
v 1.414988 1.392398 -4.559340
v 1.408131 1.397503 -4.589440
v 1.793918 1.508415 -4.598203
v 1.776633 1.527418 -4.624494
v 1.789119 1.465062 -4.521184
v 1.745030 1.524962 -4.594821
v 1.848132 1.490916 -4.592143
v 1.804543 1.527773 -4.655812
v 1.953567 1.513279 -4.826122
v 1.876160 1.525313 -4.788305
v 1.687920 1.443384 -4.472189
v 1.651937 1.504430 -4.549455
v 1.622948 1.470881 -4.516888
v 1.612136 1.496656 -4.544103
v 1.587874 1.438140 -4.474289
v 1.561903 1.483316 -4.548689
v 1.417114 1.402089 -4.558151
v 1.410258 1.407188 -4.588251
v 1.699880 1.513501 -4.568813
v 1.738634 1.448429 -4.495653
v 1.704058 1.520465 -4.563998
v 1.742453 1.455303 -4.490448
v 1.693275 1.499453 -4.838799
v 1.666700 1.521349 -4.837426
v 1.730340 1.465401 -4.802413
v 1.664566 1.523345 -4.803600
v 1.729631 1.473764 -4.872488
v 1.663872 1.519043 -4.869382
v 1.651710 1.474791 -5.049755
v 1.631562 1.471618 -4.987199
v 1.692721 1.451988 -4.719128
v 1.630391 1.509964 -4.727212
v 1.628802 1.477920 -4.698708
v 1.605911 1.498292 -4.702065
v 1.624414 1.439078 -4.661239
v 1.568187 1.484392 -4.675820
v 1.422256 1.395352 -4.593732
v 1.402593 1.400903 -4.604554
v 1.697685 1.506706 -4.837605
v 1.671232 1.528604 -4.836368
v 1.735034 1.472155 -4.800837
v 1.669348 1.530238 -4.802427
v 1.733734 1.481154 -4.871190
v 1.668053 1.526674 -4.868411
v 1.653659 1.483900 -5.048665
v 1.633511 1.480727 -4.986109
v 1.697170 1.458766 -4.717340
v 1.635018 1.516885 -4.725772
v 1.633042 1.485178 -4.697131
v 1.610271 1.505548 -4.700558
v 1.628178 1.446445 -4.659508
v 1.572203 1.492047 -4.674248
v 1.424205 1.404230 -4.592643
v 1.404541 1.409773 -4.603464
v 1.656072 1.525412 -4.763250
v 1.717837 1.463807 -4.759295
v 1.661014 1.531892 -4.761913
v 1.722700 1.470253 -4.757525
v 1.373593 1.581785 -4.955418
v 1.358722 1.598183 -4.929007
v 1.425191 1.550814 -4.970770
v 1.384659 1.595618 -4.907248
v 1.368297 1.567397 -5.009098
v 1.331348 1.599319 -4.945855
v 1.179381 1.575942 -5.050736
v 1.217796 1.561570 -4.999288
v 1.470016 1.520762 -4.895809
v 1.425977 1.567061 -4.838988
v 1.448272 1.532022 -4.828167
v 1.431795 1.548176 -4.807725
v 1.476184 1.488751 -4.811423
v 1.430656 1.524589 -4.765923
v 1.410948 1.401345 -4.623379
v 1.390517 1.404527 -4.613045
v 1.377103 1.589515 -4.956603
v 1.362196 1.605953 -4.930366
v 1.429183 1.558061 -4.972064
v 1.388377 1.603066 -4.908816
v 1.371709 1.575193 -5.009952
v 1.334539 1.607405 -4.946907
v 1.181329 1.585051 -5.049646
v 1.219745 1.570679 -4.998198
v 1.474032 1.527962 -4.896783
v 1.429817 1.574476 -4.840273
v 1.451990 1.539680 -4.828994
v 1.435528 1.555861 -4.808688
v 1.479743 1.496410 -4.811765
v 1.434234 1.532594 -4.766490
v 1.412896 1.410219 -4.622289
v 1.392466 1.413393 -4.611955
v 1.412072 1.591176 -4.876698
v 1.452486 1.541737 -4.936265
v 1.416020 1.598230 -4.878385
v 1.456737 1.548692 -4.937646
v 1.112944 1.618159 -4.793419
v 1.121740 1.628880 -4.761871
v 1.137600 1.597469 -4.846535
v 1.155393 1.627788 -4.766227
v 1.070426 1.609514 -4.828548
v 1.090716 1.627775 -4.753456
v 0.910786 1.593840 -4.720080
v 0.974867 1.579598 -4.715614
v 1.223530 1.566070 -4.833817
v 1.234007 1.598104 -4.755231
v 1.257825 1.565871 -4.770580
v 1.261171 1.576805 -4.741952
v 1.289964 1.525725 -4.787529
v 1.291366 1.548592 -4.717511
v 1.384372 1.408024 -4.631249
v 1.377893 1.406779 -4.609103
v 1.114327 1.626421 -4.795240
v 1.122970 1.637196 -4.763776
v 1.139241 1.605343 -4.848866
v 1.156644 1.635850 -4.768508
v 1.071981 1.617786 -4.830064
v 1.091971 1.636321 -4.754893
v 0.912734 1.602949 -4.718990
v 0.976816 1.588707 -4.714524
v 1.225423 1.573865 -4.835958
v 1.235548 1.606119 -4.757416
v 1.259611 1.574051 -4.772323
v 1.262868 1.585030 -4.743791
v 1.291997 1.533826 -4.788831
v 1.293239 1.557062 -4.718912
v 1.386320 1.416890 -4.630160
v 1.379842 1.415643 -4.608014
v 1.196509 1.624052 -4.766075
v 1.181613 1.588703 -4.844524
v 1.197838 1.631776 -4.768677
v 1.183373 1.596340 -4.847155
v 1.052381 1.594968 -4.491262
v 1.081208 1.603141 -4.474239
v 1.030864 1.584659 -4.548603
v 1.101045 1.607734 -4.501408
v 0.997858 1.584085 -4.486223
v 1.066174 1.596321 -4.446636
v 0.968258 1.531557 -4.302211
v 1.015582 1.526874 -4.347683
v 1.099475 1.565521 -4.607407
v 1.163366 1.589360 -4.555820
v 1.169068 1.563175 -4.589342
v 1.192036 1.571066 -4.570354
v 1.179442 1.530689 -4.631400
v 1.231059 1.545145 -4.580861
v 1.360338 1.411422 -4.616306
v 1.372101 1.406581 -4.597009
v 1.051835 1.603499 -4.491891
v 1.080495 1.611712 -4.474806
v 1.030130 1.592910 -4.549835
v 1.100076 1.616103 -4.502291
v 0.997653 1.592618 -4.486768
v 1.065816 1.605066 -4.446860
v 0.970206 1.540666 -4.301121
v 1.017530 1.535983 -4.346593
v 1.099052 1.573710 -4.608706
v 1.162668 1.597716 -4.556854
v 1.168856 1.571680 -4.590222
v 1.191692 1.579612 -4.571227
v 1.179722 1.539102 -4.632174
v 1.231151 1.553907 -4.581518
v 1.362287 1.420282 -4.615216
v 1.374050 1.415443 -4.595919
v 1.129323 1.610347 -4.531375
v 1.062576 1.582564 -4.580352
v 1.128180 1.618434 -4.532596
v 1.061709 1.590635 -4.581916
v 1.225004 1.392608 -4.253944
v 1.256295 1.402948 -4.263332
v 1.169901 1.398250 -4.274301
v 1.249713 1.422310 -4.293324
v 1.193647 1.369279 -4.212380
v 1.266476 1.382982 -4.237043
v 1.310242 1.258067 -4.089677
v 1.305434 1.267577 -4.154705
v 1.172918 1.418445 -4.364243
v 1.252127 1.441680 -4.375610
v 1.232177 1.429988 -4.405228
v 1.261250 1.438753 -4.409039
v 1.210079 1.420497 -4.444241
v 1.280853 1.432803 -4.448929
v 1.355289 1.408921 -4.586334
v 1.377724 1.403819 -4.584094
v 1.224273 1.401924 -4.252047
v 1.255515 1.412359 -4.261256
v 1.168577 1.407236 -4.272704
v 1.248520 1.431494 -4.291301
v 1.193182 1.378532 -4.210695
v 1.266197 1.392614 -4.234976
v 1.312190 1.267002 -4.088588
v 1.307781 1.278232 -4.153392
v 1.171699 1.427200 -4.362959
v 1.250939 1.450652 -4.373916
v 1.231378 1.438905 -4.403794
v 1.260378 1.447760 -4.407489
v 1.209631 1.429103 -4.443155
v 1.280378 1.441820 -4.447551
v 1.357238 1.417780 -4.585245
v 1.379673 1.412683 -4.583004
v 1.246899 1.443911 -4.331536
v 1.167814 1.415294 -4.317268
v 1.245331 1.452801 -4.329656
v 1.166155 1.424141 -4.315814
v 1.149801 1.592025 -4.115490
v 1.172070 1.589008 -4.101967
v 1.171747 1.646293 -4.218854
v 1.231642 1.628753 -4.179332
v 1.082311 1.571428 -4.082632
v 1.117366 1.552376 -4.043503
v 0.947468 1.384617 -3.897424
v 0.973991 1.396640 -3.896223
v 1.235348 1.645065 -4.322317
v 1.296993 1.627492 -4.285642
v 1.305365 1.596324 -4.361517
v 1.329924 1.592690 -4.352771
v 1.303541 1.573282 -4.462636
v 1.366493 1.550433 -4.436074
v 1.349492 1.428781 -4.591495
v 1.402246 1.396856 -4.570009
v 1.152206 1.601179 -4.115118
v 1.174483 1.598164 -4.101608
v 1.174205 1.655392 -4.218593
v 1.234103 1.637852 -4.179076
v 1.084701 1.580617 -4.082220
v 1.119771 1.561582 -4.043106
v 0.949134 1.392409 -3.896492
v 0.975703 1.404641 -3.895265
v 1.239611 1.654130 -4.324992
v 1.301237 1.636556 -4.288285
v 1.309667 1.604942 -4.364463
v 1.334390 1.601182 -4.356041
v 1.306005 1.582240 -4.462449
v 1.368981 1.559383 -4.435932
v 1.351605 1.438464 -4.590313
v 1.404566 1.407420 -4.568712
v 0.938952 1.715231 -4.753171
v 0.930494 1.717447 -4.728444
v 1.055492 1.737561 -4.758696
v 1.027187 1.735457 -4.690495
v 0.887362 1.701954 -4.809925
v 0.853415 1.697064 -4.765804
v 0.632196 1.571765 -4.882894
v 0.640378 1.584900 -4.858195
v 1.166095 1.708969 -4.717460
v 1.140834 1.706079 -4.648124
v 1.204936 1.654343 -4.651716
v 1.201284 1.654671 -4.625651
v 1.292576 1.602400 -4.671219
v 1.275590 1.591553 -4.602050
v 1.383014 1.428686 -4.636071
v 1.365861 1.407294 -4.576785
v 0.941686 1.724194 -4.751787
v 0.933243 1.726408 -4.727054
v 1.058326 1.746441 -4.757277
v 1.030026 1.744335 -4.689073
v 0.890065 1.710960 -4.808550
v 0.856140 1.706084 -4.764421
v 0.633863 1.579557 -4.881961
v 0.642089 1.592901 -4.857238
v 1.172068 1.717038 -4.714869
v 1.146773 1.714156 -4.645546
v 1.211046 1.661907 -4.649093
v 1.207699 1.662029 -4.622919
v 1.295442 1.611124 -4.669793
v 1.278501 1.600258 -4.600608
v 1.385128 1.438384 -4.634890
v 1.368180 1.417854 -4.575488
v 1.708922 1.576520 -5.028841
v 1.688159 1.585882 -5.041847
v 1.704618 1.610429 -4.915076
v 1.645167 1.627954 -4.955270
v 1.764231 1.538277 -5.068049
v 1.726842 1.544317 -5.109141
v 1.823177 1.359429 -5.295911
v 1.803852 1.381095 -5.293340
v 1.639926 1.611971 -4.812296
v 1.578695 1.629539 -4.849662
v 1.554041 1.588340 -4.782629
v 1.530656 1.597013 -4.791042
v 1.540485 1.544577 -4.689569
v 1.475343 1.555736 -4.718247
v 1.432562 1.406309 -4.595532
v 1.372648 1.404427 -4.621804
v 1.710429 1.585694 -5.027026
v 1.689658 1.595057 -5.040019
v 1.706048 1.619550 -4.913164
v 1.646594 1.637075 -4.953352
v 1.765767 1.547484 -5.066265
v 1.728373 1.553543 -5.107338
v 1.824844 1.367221 -5.294979
v 1.805564 1.389096 -5.292383
v 1.639521 1.621136 -4.807467
v 1.578310 1.638703 -4.844864
v 1.553405 1.597064 -4.777637
v 1.529801 1.605621 -4.785757
v 1.541849 1.553559 -4.687615
v 1.476679 1.564712 -4.716252
v 1.434676 1.415996 -4.594350
v 1.374967 1.414958 -4.620507
vn -0.2787 0.9289 0.2440
vn -0.4392 0.8887 0.1316
vn -0.2793 0.9294 -0.2411
vn -0.4451 0.8856 -0.1326
vn -0.4775 -0.8170 0.3232
vn -0.5961 0.7054 0.3836
vn -0.2959 0.9346 0.1974
vn -0.6395 0.6867 0.3457
vn -0.5956 0.7833 0.1778
vn -0.5991 0.7792 -0.1842
vn -0.6398 0.6793 -0.3594
vn -0.2909 0.9338 -0.2085
vn -0.5895 0.7094 -0.3864
vn -0.4808 -0.8170 -0.3184
vn -0.6533 -0.7547 0.0600
vn -0.6530 -0.7550 -0.0601
vn -0.1636 0.7257 -0.6683
vn -0.1021 0.9599 -0.2612
vn -0.3393 -0.8045 -0.4875
vn -0.4911 0.7012 -0.5168
vn -0.2776 0.9381 -0.2071
vn -0.4625 0.6927 -0.5535
vn -0.1464 0.7956 -0.5879
vn -0.1005 -0.8391 -0.5345
vn -0.2008 0.6883 0.6971
vn -0.1153 0.9609 0.2517
vn -0.1563 0.8310 0.5339
vn -0.4761 0.7140 0.5133
vn -0.3049 0.9335 0.1888
vn -0.5264 0.6740 0.5183
vn -0.3329 -0.8074 0.4870
vn -0.1034 -0.8472 0.5211
vn -0.2156 -0.9543 -0.2071
vn -0.2128 -0.9544 0.2095
vn -0.4354 -0.8264 -0.3571
vn -0.1336 -0.8517 -0.5067
vn -0.1254 -0.8535 0.5058
vn -0.4275 -0.8278 0.3634
vn -0.4857 -0.8653 0.1240
vn -0.4881 -0.8642 -0.1223
vn -0.0888 0.9936 0.0703
vn -0.0082 0.9993 0.0351
vn -0.1403 0.9595 -0.2443
vn -0.2152 0.9595 -0.1817
vn -0.1788 0.9813 -0.0710
vn -0.1757 0.9826 0.0596
vn -0.2158 0.9642 0.1543
vn -0.0498 0.9954 0.0820
vn 0.6940 0.7139 0.0933
vn 0.4065 0.9133 0.0239
vn 0.6844 0.7228 -0.0960
vn 0.3624 0.9298 -0.0640
vn 0.4741 -0.8157 0.3314
vn 0.6324 0.6698 0.3892
vn 0.3971 0.8928 0.2126
vn 0.6898 0.6477 0.3236
vn 0.7004 0.7136 0.0158
vn 0.6742 0.7295 -0.1155
vn 0.6398 0.6793 -0.3594
vn 0.2909 0.9338 -0.2085
vn 0.5895 0.7094 -0.3864
vn 0.4808 -0.8170 -0.3184
vn 0.5393 -0.8332 -0.1221
vn 0.5389 -0.8333 0.1231
vn 0.1636 0.7257 -0.6683
vn 0.1021 0.9599 -0.2612
vn 0.3393 -0.8045 -0.4875
vn 0.4911 0.7012 -0.5168
vn 0.2776 0.9381 -0.2071
vn 0.4625 0.6927 -0.5535
vn 0.1464 0.7956 -0.5879
vn 0.1005 -0.8391 -0.5345
vn 0.1993 0.6828 0.7029
vn 0.0978 0.9504 0.2952
vn 0.0823 0.8171 0.5706
vn 0.4580 0.6749 0.5785
vn 0.3299 0.8986 0.2894
vn 0.5313 0.6432 0.5514
vn 0.3412 -0.8049 0.4854
vn 0.1035 -0.8472 0.5210
vn 0.2156 -0.9543 -0.2071
vn 0.2128 -0.9544 0.2095
vn 0.4354 -0.8264 -0.3571
vn 0.1336 -0.8517 -0.5067
vn 0.1255 -0.8535 0.5058
vn 0.4307 -0.8245 0.3669
vn 0.4857 -0.8653 0.1240
vn 0.4881 -0.8642 -0.1223
vn 0.0757 0.9959 0.0503
vn -0.0658 0.9976 -0.0231
vn 0.1403 0.9595 -0.2443
vn 0.2152 0.9595 -0.1817
vn 0.1741 0.9773 -0.1211
vn 0.1557 0.9855 -0.0675
vn 0.1749 0.9779 0.1143
vn -0.0840 0.9944 0.0647
vn -0.2118 -0.5132 -0.8317
vn 0.4377 -0.5123 -0.7389
vn 0.7384 -0.5132 0.4375
vn 0.8322 -0.5123 -0.2120
vn -0.4377 -0.5123 0.7389
vn 0.2118 -0.5132 0.8317
vn -0.7384 -0.5132 -0.4375
vn -0.8322 -0.5123 0.2120
vn 0.6607 -0.5646 -0.4947
vn 0.4952 -0.5634 0.6614
vn -0.6607 -0.5646 0.4947
vn -0.4952 -0.5634 -0.6614
vn -0.2383 0.2689 -0.9332
vn -0.5770 0.2708 -0.7706
vn 0.4983 0.2144 -0.8401
vn 0.7891 0.1684 -0.5908
vn 0.9602 0.1338 -0.2452
vn 0.5982 0.0604 0.7990
vn 0.8576 0.0750 0.5088
vn -0.9464 0.2144 0.2416
vn -0.7891 0.1684 0.5908
vn -0.8284 0.2689 -0.4914
vn 0.2467 0.0750 0.9662
vn -0.5056 0.1338 0.8523
vn 0.4393 -0.5087 -0.7404
vn 0.6955 -0.4950 -0.5208
vn 0.2130 -0.5087 0.8342
vn 0.7404 -0.5087 0.4392
vn -0.5208 -0.4950 -0.6955
vn -0.7404 -0.5087 -0.4393
vn 0.8342 -0.5087 -0.2130
vn -0.6955 -0.4950 0.5208
vn -0.2130 -0.5087 -0.8342
vn -0.8342 -0.5087 0.2130
vn -0.4393 -0.5087 0.7404
vn 0.5208 -0.4950 0.6955
vn -0.5866 0.2054 -0.7834
vn -0.8421 0.2115 -0.4962
vn 0.9494 0.2375 -0.2057
vn -0.7661 0.2100 0.6074
vn -0.2390 0.2115 -0.9477
vn -0.9434 0.2078 0.2586
vn -0.4647 0.2375 0.8530
vn 0.5791 0.2578 0.7734
vn 0.5138 0.2078 -0.8324
vn 0.7986 0.2100 -0.5641
vn 0.2581 0.2585 0.9309
vn 0.8206 0.2585 0.5098
vn -0.8453 -0.5338 0.0243
vn -0.5262 -0.7031 0.4783
vn 0.3299 -0.8349 0.4406
vn 0.2614 -0.5338 -0.8042
vn 0.4903 -0.6045 -0.6278
vn 0.0465 -0.8275 0.5596
vn 0.5238 -0.8275 0.2022
vn -0.5526 -0.3872 -0.7381
vn -0.7428 -0.4186 -0.5225
vn 0.6071 -0.7031 -0.3702
vn -0.7405 -0.6045 0.2937
vn -0.2921 -0.4186 -0.8599
vn 0.7638 0.4141 0.4951
vn -0.5966 -0.0952 -0.7969
vn -0.8498 -0.0458 -0.5251
vn 0.9221 0.3462 -0.1727
vn -0.7451 0.2755 0.6073
vn -0.2645 -0.0458 -0.9633
vn -0.9508 0.1816 0.2511
vn -0.4254 0.3462 0.8362
vn 0.5463 0.4114 0.7296
vn 0.5087 0.1816 -0.8416
vn 0.7926 0.2755 -0.5440
vn 0.2600 0.4141 0.8723
vn -0.1444 -0.6403 -0.7544
vn -0.7958 -0.5229 0.3056
vn -0.4071 -0.3527 0.8425
vn 0.5876 -0.1974 0.7848
vn 0.5173 -0.5229 -0.6775
vn 0.7768 -0.4257 -0.4640
vn 0.2670 -0.2295 0.9360
vn 0.8229 -0.2295 0.5198
vn -0.4575 -0.6460 -0.6110
vn -0.6832 -0.6403 -0.3510
vn 0.9231 -0.3527 -0.1534
vn -0.6640 -0.4257 0.6147
vn -0.8093 0.2159 0.5463
vn -0.2361 -0.1855 -0.9539
vn -0.9721 0.0571 0.2274
vn -0.5303 0.3817 0.7570
vn 0.4758 0.6080 0.6355
vn 0.4920 0.0571 -0.8687
vn 0.7521 0.2159 -0.6227
vn 0.1595 0.5866 0.7940
vn 0.7169 0.5866 0.3766
vn -0.5836 -0.2279 -0.7794
vn -0.8488 -0.1855 -0.4952
vn 0.8757 0.3817 -0.2957
vn 0.7769 -0.6268 -0.0599
vn -0.4612 -0.7042 0.5398
vn -0.0398 -0.8965 -0.4413
vn -0.5265 -0.7967 0.2967
vn -0.2763 -0.6268 0.7285
vn 0.5383 -0.4395 0.7190
vn 0.4329 -0.7967 -0.4217
vn 0.6478 -0.7042 -0.2906
vn 0.2622 -0.4824 0.8358
vn 0.7281 -0.4824 0.4869
vn -0.2572 -0.9032 -0.3435
vn -0.4123 -0.8965 -0.1624
vn 0.8898 0.3456 -0.2979
vn -0.8130 0.1990 0.5472
vn -0.2414 -0.1499 -0.9588
vn -0.9729 0.0614 0.2228
vn -0.5364 0.3456 0.7700
vn 0.4988 0.5545 0.6662
vn 0.4877 0.0614 -0.8708
vn 0.7540 0.1990 -0.6260
vn 0.1697 0.5348 0.8278
vn 0.7465 0.5348 0.3959
vn -0.5887 -0.1877 -0.7863
vn -0.8520 -0.1499 -0.5016
vn -0.5689 0.3146 -0.7598
vn -0.2310 0.3421 -0.9108
vn 0.2310 0.3421 0.9108
vn 0.8089 0.3421 0.4781
vn -0.9108 0.3424 0.2309
vn -0.4780 0.3424 0.8089
vn 0.4780 0.3424 -0.8089
vn -0.8089 0.3421 -0.4781
vn 0.7599 0.3143 -0.5690
vn -0.7599 0.3143 0.5690
vn 0.5689 0.3146 0.7598
vn 0.9108 0.3424 -0.2309
vn -0.6684 -0.6303 -0.3950
vn 0.7523 -0.6306 -0.1907
vn -0.6440 -0.5939 0.4822
vn -0.1909 -0.6303 -0.7526
vn -0.7523 -0.6306 0.1907
vn -0.3948 -0.6306 0.6682
vn -0.4820 -0.5944 -0.6437
vn 0.3949 -0.6306 -0.6682
vn 0.6440 -0.5939 -0.4822
vn 0.1909 -0.6303 0.7526
vn 0.6684 -0.6303 0.3950
vn 0.4820 -0.5944 0.6437
vn -0.1771 0.9554 -0.2365
vn 0.2181 -0.9092 0.3545
vn 0.2280 -0.8990 0.3739
vn 0.2782 -0.7610 0.5860
vn -0.0000 -1.0000 -0.0000
vn -0.3181 -0.8869 -0.3350
vn -0.2634 -0.9178 -0.2970
vn -0.4443 -0.6631 -0.6024
vn -0.2177 0.9096 -0.3538
vn -0.2277 0.8993 -0.3734
vn -0.2773 0.7596 -0.5883
vn -0.0000 1.0000 -0.0000
vn 0.3202 0.8854 0.3370
vn 0.2719 0.9130 0.3041
vn 0.4480 0.6636 0.5991
vn -0.8021 0.0003 0.5971
vn -0.7870 -0.0075 0.6169
vn 0.4400 0.1405 -0.8869
vn -0.8005 -0.0000 0.5993
vn 0.7149 -0.0000 0.6992
vn 0.8005 -0.0000 -0.5993
vn 0.9907 -0.0430 -0.1292
vn -0.7915 -0.0008 0.6112
vn -0.8504 0.0079 0.5260
vn 0.8276 -0.0025 -0.5614
vn -0.8081 0.0067 0.5890
vn -0.9383 -0.0000 -0.3459
vn 0.4458 0.0434 -0.8941
vn 0.9631 -0.2338 -0.1332
vn 0.7189 0.0058 -0.6951
vn -0.8195 0.0015 0.5731
vn -0.6874 -0.7245 0.0510
vn -0.5922 -0.7782 0.2090
vn -0.2147 -0.9107 0.3530
vn -0.6721 -0.7261 -0.1452
vn -0.6416 -0.7487 -0.1670
vn -0.4833 -0.8704 0.0939
vn -0.4713 -0.8340 -0.2869
vn 0.6930 0.7203 -0.0314
vn 0.5970 0.7761 -0.2033
vn 0.2224 0.9097 -0.3508
vn 0.6720 0.7258 0.1472
vn 0.6447 0.7435 0.1780
vn 0.4903 0.8668 -0.0906
vn 0.4748 0.8311 0.2896
vn -0.7927 0.5987 -0.1150
vn -0.9124 0.4085 -0.0249
vn 0.3615 -0.2133 -0.9076
vn -0.8273 0.5480 -0.1235
vn 0.5993 -0.0000 0.8005
vn 0.7941 -0.6064 0.0409
vn 0.5352 -0.4140 0.7364
vn -0.9025 0.1837 0.3896
vn -0.8193 0.5587 0.1292
vn 0.9861 -0.1661 -0.0029
vn -0.8657 0.4927 -0.0879
vn -0.9422 0.2933 -0.1622
vn 0.3360 -0.2364 -0.9117
vn 0.5483 -0.2523 0.7973
vn 0.7996 -0.3370 -0.4971
vn -0.8863 0.3946 0.2425
vn 0.8238 -0.5523 0.1275
vn -0.8016 0.5935 -0.0728
vn 0.6937 0.7201 -0.0153
vn -0.6976 -0.7163 -0.0154
vn -0.0285 -0.9250 0.3789
vn -0.0073 -0.9652 0.2615
vn 0.0785 -0.9876 0.1363
vn -0.3807 -0.8168 0.4335
vn -0.4831 -0.7706 0.4156
vn -0.4943 -0.8022 0.3349
vn -0.7200 -0.6812 0.1326
vn 0.0291 0.9244 -0.3804
vn 0.0088 0.9649 -0.2626
vn -0.0768 0.9873 -0.1391
vn 0.3785 0.8181 -0.4329
vn 0.4797 0.7727 -0.4158
vn 0.5003 0.7984 -0.3351
vn 0.7176 0.6835 -0.1340
vn 0.3614 0.4165 0.8342
vn -0.2620 0.3330 0.9058
vn -0.6802 -0.2492 -0.6894
vn 0.1662 0.4646 0.8698
vn 0.9839 -0.0000 0.1787
vn -0.3145 -0.4790 -0.8195
vn 0.5229 -0.2757 -0.8066
vn -0.4816 0.1362 0.8658
vn 0.4049 0.3667 0.8376
vn 0.7187 -0.1175 -0.6853
vn -0.0523 0.3992 0.9153
vn 0.0225 -0.0000 0.9997
vn -0.9384 -0.1996 -0.2821
vn 0.8398 -0.2115 -0.5001
vn -0.6752 -0.1435 -0.7235
vn 0.5880 0.1623 0.7924
vn -0.1519 -0.4781 -0.8651
vn 0.3020 0.4677 0.8307
vn 0.1144 0.8943 -0.4326
vn -0.1117 -0.8948 0.4323
vn 0.4715 -0.8727 0.1263
vn 0.4304 -0.9021 0.0311
vn 0.2102 -0.9316 -0.2965
vn 0.1551 -0.7760 0.6114
vn 0.0345 -0.7375 0.6744
vn -0.0825 -0.7402 0.6673
vn -0.3220 -0.6698 0.6691
vn -0.4718 0.8721 -0.1297
vn -0.4319 0.9013 -0.0346
vn -0.2144 0.9325 0.2905
vn -0.1554 0.7772 -0.6097
vn -0.0361 0.7392 -0.6725
vn 0.0800 0.7408 -0.6670
vn 0.3209 0.6702 -0.6692
vn 0.7899 0.3599 0.4965
vn 0.3540 0.2599 0.8984
vn -0.9602 -0.2471 -0.1305
vn 0.6410 0.3890 0.6616
vn 0.7965 -0.0000 -0.6046
vn -0.6970 -0.4070 -0.5904
vn -0.1370 -0.2017 -0.9698
vn 0.1565 0.0996 0.9826
vn 0.8686 0.3112 0.3857
vn 0.0119 -0.0905 -0.9958
vn 0.5313 0.3282 0.7810
vn 0.7491 -0.0000 0.6624
vn -0.8747 -0.1835 0.4486
vn 0.1934 -0.1728 -0.9658
vn -0.9921 -0.1210 -0.0340
vn 0.9439 0.1379 0.3001
vn -0.6317 -0.3962 -0.6663
vn 0.7055 0.3998 0.5852
vn -0.4306 0.8604 -0.2727
vn 0.4317 -0.8607 0.2699
vn 0.3746 -0.8727 -0.3131
vn 0.2730 -0.9021 -0.3342
vn -0.1217 -0.9316 -0.3425
vn 0.5894 -0.7760 0.2248
vn 0.5716 -0.7375 0.3597
vn 0.4985 -0.7402 0.4513
vn 0.3622 -0.6698 0.6482
vn -0.3775 0.8721 0.3114
vn -0.2767 0.9013 0.3334
vn 0.1143 0.9325 0.3425
vn -0.5882 0.7772 -0.2235
vn -0.5709 0.7392 -0.3573
vn -0.4996 0.7408 -0.4491
vn -0.3629 0.6702 -0.6474
vn 0.8605 0.3599 -0.3606
vn 0.9385 0.2599 0.2271
vn -0.6590 -0.2471 0.7104
vn 0.9099 0.3890 -0.1438
vn -0.0365 -0.0000 -0.9993
vn -0.8839 -0.4070 0.2306
vn -0.8721 -0.2017 -0.4458
vn 0.8939 0.0996 0.4371
vn 0.8151 0.3112 -0.4887
vn -0.8078 -0.0905 -0.5825
vn 0.9445 0.3282 0.0146
vn 0.9728 -0.0000 -0.2318
vn -0.1361 -0.1836 0.9735
vn -0.6788 -0.1728 -0.7137
vn -0.5984 -0.1210 0.7920
vn 0.7884 0.1379 -0.5995
vn -0.9084 -0.3962 0.1335
vn 0.8845 0.3998 -0.2405
vn -0.4707 0.8604 0.1954
vn 0.4691 -0.8607 -0.1979
vn 0.0179 -0.8727 -0.4878
vn -0.0658 -0.9021 -0.4265
vn -0.3360 -0.9316 -0.1387
vn 0.5614 -0.7760 -0.2877
vn 0.6497 -0.7375 -0.1842
vn 0.6689 -0.7402 -0.0686
vn 0.7241 -0.6698 0.1645
vn -0.0211 0.8721 0.4889
vn 0.0627 0.9013 0.4287
vn 0.3310 0.9325 0.1442
vn -0.5596 0.7772 0.2876
vn -0.6475 0.7392 0.1854
vn -0.6680 0.7408 0.0709
vn -0.7240 0.6702 -0.1634
vn 0.3076 0.3599 -0.8808
vn 0.7967 0.2599 -0.5456
vn 0.0872 -0.2471 0.9651
vn 0.5018 0.3890 -0.7725
vn -0.7672 -0.0000 -0.6414
vn -0.4199 -0.4070 0.8112
vn -0.9148 -0.2017 0.3500
vn 0.9229 0.0996 -0.3719
vn 0.1820 0.3112 -0.9327
vn -0.9733 -0.0905 0.2108
vn 0.6427 0.3282 -0.6923
vn 0.4785 -0.0000 -0.8781
vn 0.6325 -0.1836 0.7525
vn -0.9846 -0.1728 0.0271
vn 0.1883 -0.1210 0.9746
vn 0.0818 0.1379 -0.9871
vn -0.5085 -0.3962 0.7645
vn 0.4129 0.3998 -0.8183
vn -0.1696 0.8604 0.4806
vn 0.1667 -0.8607 -0.4810
vn -0.3506 -0.8727 -0.3397
vn -0.3610 -0.9021 -0.2364
vn -0.3279 -0.9316 0.1569
vn 0.1617 -0.7760 -0.6097
vn 0.2977 -0.7375 -0.6061
vn 0.3965 -0.7402 -0.5431
vn 0.6067 -0.6698 -0.4282
vn 0.3492 0.8721 0.3427
vn 0.3606 0.9013 0.2402
vn 0.3286 0.9325 -0.1496
vn -0.1606 0.7772 0.6084
vn -0.2954 0.7392 0.6053
vn -0.3942 0.7408 0.5440
vn -0.6058 0.6702 0.4288
vn -0.4489 0.3599 -0.8179
vn 0.1274 0.2599 -0.9572
vn 0.7756 -0.2471 0.5808
vn -0.2385 0.3890 -0.8898
vn -0.9900 -0.0000 0.1411
vn 0.3221 -0.4070 0.8548
vn -0.3518 -0.2017 0.9141
vn 0.3409 0.0996 -0.9348
vn -0.5715 0.3112 -0.7593
vn -0.4945 -0.0905 0.8645
vn -0.0846 0.3282 -0.9408
vn -0.3326 -0.0000 -0.9431
vn 0.9824 -0.1835 0.0332
vn -0.6385 -0.1728 0.7499
vn 0.8504 -0.1210 0.5120
vn -0.6790 0.1379 -0.7211
vn 0.2281 -0.3962 0.8894
vn -0.3320 0.3998 -0.8544
vn 0.2437 0.8604 0.4476
vn -0.2460 -0.8607 -0.4457
vn -0.4515 -0.8419 0.2956
vn -0.3620 -0.8782 0.3124
vn 0.0629 -0.8739 0.4821
vn -0.4094 -0.8508 -0.3295
vn -0.3368 -0.8264 -0.4513
vn -0.2597 -0.8608 -0.4378
vn -0.1244 -0.9002 -0.4173
vn 0.4551 0.8418 -0.2904
vn 0.3675 0.8777 -0.3077
vn -0.0397 0.8750 -0.4825
vn 0.4087 0.8503 0.3315
vn 0.3370 0.8257 0.4524
vn 0.2611 0.8586 0.4411
vn 0.1257 0.8985 0.4206
vn -0.9196 0.3182 -0.2306
vn -0.6216 0.2327 -0.7480
vn 0.9568 -0.2451 -0.1566
vn -0.8196 0.3430 -0.4590
vn -0.5041 -0.0000 0.8637
vn 0.8590 -0.3630 0.3610
vn 0.4991 -0.1792 0.8478
vn -0.4776 0.0925 -0.8737
vn -0.9576 0.2758 -0.0832
vn 0.3379 -0.0851 0.9373
vn -0.7485 0.2915 -0.5957
vn -0.9457 -0.0000 -0.3249
vn 0.6680 -0.1742 -0.7235
vn 0.1854 -0.1565 0.9701
vn 0.9368 -0.1159 -0.3300
vn -0.9908 0.1178 0.0665
vn 0.8137 -0.3542 0.4610
vn -0.8647 0.3515 -0.3589
vn 0.4886 0.8615 -0.1380
vn -0.4870 -0.8616 0.1429
vn -0.3635 -0.9092 0.2029
vn -0.3833 -0.8990 0.2119
vn -0.5973 -0.7610 0.2531
vn 0.3482 -0.8869 -0.3035
vn 0.3079 -0.9178 -0.2506
vn 0.6208 -0.6631 -0.4183
vn 0.3627 0.9096 -0.2025
vn 0.3827 0.8993 -0.2116
vn 0.5996 0.7596 -0.2521
vn -0.3503 0.8854 0.3056
vn -0.3154 0.9130 0.2587
vn -0.6176 0.6636 0.4222
vn -0.5625 0.0003 -0.8268
vn -0.5829 -0.0075 -0.8125
vn 0.8674 0.1405 0.4773
vn -0.5648 -0.0000 -0.8252
vn -0.7289 -0.0000 0.6846
vn 0.5648 -0.0000 0.8252
vn 0.0870 -0.0430 0.9953
vn -0.5771 -0.0008 -0.8167
vn -0.4895 0.0079 -0.8720
vn 0.5257 -0.0025 0.8506
vn -0.5541 0.0067 -0.8324
vn 0.3854 -0.0000 -0.9227
vn 0.8743 0.0434 0.4834
vn 0.0922 -0.2339 0.9679
vn 0.6639 0.0058 0.7478
vn -0.5378 0.0015 -0.8431
vn -0.2683 -0.9092 -0.3183
vn -0.2809 -0.8990 -0.3360
vn -0.3620 -0.7610 -0.5383
vn 0.3642 -0.8869 0.2842
vn 0.3045 -0.9178 0.2546
vn 0.5287 -0.6631 0.5300
vn 0.2677 0.9096 0.3176
vn 0.2805 0.8993 0.3355
vn 0.3614 0.7596 0.5407
vn -0.3666 0.8854 -0.2858
vn -0.3140 0.9130 -0.2605
vn -0.5319 0.6636 -0.5261
vn 0.7048 0.0003 -0.7094
vn 0.6869 -0.0075 -0.7267
vn -0.3038 0.1405 0.9423
vn 0.7029 -0.0000 -0.7113
vn -0.8106 -0.0000 -0.5856
vn -0.7029 -0.0000 0.7113
vn -0.9606 -0.0430 0.2745
vn 0.6922 -0.0008 -0.7217
vn 0.7631 0.0079 -0.6463
vn -0.7352 -0.0025 0.6778
vn 0.7119 0.0067 -0.7022
vn 0.9792 -0.0000 0.2030
vn -0.3084 0.0434 0.9502
vn -0.9327 -0.2338 0.2745
vn -0.6080 0.0058 0.7939
vn 0.7255 0.0015 -0.6882
vn 0.3657 -0.9092 -0.1989
vn 0.3856 -0.8990 -0.2077
vn 0.6000 -0.7610 -0.2465
vn -0.3515 -0.8869 0.2997
vn -0.3106 -0.9178 0.2472
vn -0.6253 -0.6631 0.4115
vn -0.3649 0.9096 0.1985
vn -0.3850 0.8993 0.2075
vn -0.6023 0.7596 0.2455
vn 0.3536 0.8854 -0.3018
vn 0.3182 0.9130 -0.2553
vn 0.6221 0.6636 -0.4154
vn 0.5535 0.0003 0.8329
vn 0.5740 -0.0075 0.8188
vn -0.8622 0.1405 -0.4867
vn 0.5558 -0.0000 0.8313
vn 0.7364 -0.0000 -0.6766
vn -0.5558 -0.0000 -0.8313
vn -0.0761 -0.0430 -0.9962
vn 0.5681 -0.0008 0.8229
vn 0.4799 0.0079 0.8773
vn -0.5164 -0.0025 -0.8563
vn 0.5450 0.0067 0.8384
vn -0.3954 -0.0000 0.9185
vn -0.8690 0.0434 -0.4929
vn -0.0816 -0.2338 -0.9688
vn -0.6557 0.0058 -0.7550
vn 0.5286 0.0015 0.8489
vn -0.5036 -0.6872 0.5236
vn -0.8164 -0.5759 -0.0424
vn -0.0543 -0.3098 -0.9493
vn -0.6299 -0.4192 -0.6539
vn 0.8876 -0.4192 -0.1909
vn 0.5749 -0.3098 -0.7573
vn 0.1256 -0.6872 0.7156
vn 0.7010 -0.5759 0.4206
vn -0.7502 -0.5484 -0.3694
vn 0.2733 -0.3505 -0.8958
vn 0.8286 -0.5484 0.1123
vn -0.1950 -0.7438 0.6393
vn -0.6234 0.0494 0.7803
vn -0.2916 0.0338 0.9559
vn -0.9840 0.1192 0.1327
vn -0.9545 0.1636 -0.2493
vn -0.7775 0.2202 -0.5890
vn 0.2787 0.2962 -0.9135
vn -0.1091 0.2922 -0.9501
vn 0.7423 0.1192 0.6594
vn 0.9311 0.1636 0.3260
vn 0.0817 0.0494 0.9954
vn 0.6209 0.2922 -0.7274
vn 0.9739 0.2202 -0.0547
vn -0.8188 -0.5725 -0.0419
vn -0.7967 -0.4808 -0.3663
vn 0.5759 -0.3048 -0.7586
vn -0.0544 -0.3048 -0.9509
vn -0.2119 -0.6876 0.6945
vn 0.1250 -0.6834 0.7192
vn -0.6321 -0.4157 -0.6540
vn 0.8655 -0.4808 0.1408
vn -0.5052 -0.6834 0.5269
vn 0.7027 -0.5725 0.4223
vn 0.8895 -0.4157 -0.1898
vn 0.2806 -0.2740 -0.9199
vn -0.2916 -0.0335 0.9559
vn 0.0900 -0.0092 0.9959
vn -0.7467 0.3269 -0.5793
vn 0.9279 0.2104 0.3079
vn -0.6306 -0.0092 0.7760
vn 0.7545 0.1165 0.6458
vn 0.9429 0.3269 -0.0638
vn 0.2559 0.4804 -0.8389
vn -0.9866 0.1165 0.1146
vn -0.9417 0.2104 -0.2625
vn 0.5731 0.4653 -0.6746
vn -0.0990 0.4653 -0.8796
vn 0.5601 -0.6344 0.5327
vn 0.7450 -0.6669 -0.0162
vn 0.2140 -0.6799 -0.7014
vn -0.7621 -0.6344 0.1293
vn -0.7525 -0.6368 -0.1681
vn 0.4775 -0.6904 -0.5434
vn -0.0928 -0.6904 -0.7174
vn -0.2344 -0.5955 0.7684
vn 0.0536 -0.6121 0.7889
vn -0.6091 -0.6669 -0.4293
vn 0.7182 -0.6368 0.2805
vn -0.4849 -0.6121 0.6247
vn -0.0877 0.6055 -0.7910
vn -0.2755 -0.3294 0.9031
vn 0.0894 -0.2658 0.9599
vn -0.7117 0.4349 -0.5517
vn 0.9108 0.2770 0.3062
vn -0.6100 -0.2658 0.7465
vn 0.7548 0.0886 0.6500
vn 0.8984 0.4349 -0.0605
vn 0.2298 0.6165 -0.7531
vn -0.9891 0.0886 0.1180
vn -0.9266 0.2770 -0.2543
vn 0.5143 0.6055 -0.6073
vn -0.4731 -0.7863 0.3974
vn 0.7549 -0.5631 0.3361
vn 0.9412 -0.2401 -0.2377
vn 0.2916 0.0417 -0.9556
vn -0.8140 -0.5631 -0.1426
vn -0.8046 -0.3910 -0.4470
vn 0.6058 -0.0065 -0.7956
vn -0.0585 -0.0065 -0.9983
vn -0.1715 -0.8092 0.5620
vn 0.1707 -0.7863 0.5938
vn -0.6482 -0.2401 -0.7226
vn 0.9170 -0.3910 0.0783
vn 0.9043 0.1984 0.3781
vn -0.6096 -0.3956 0.6869
vn 0.7572 -0.0399 0.6520
vn 0.8951 0.4394 0.0755
vn 0.1828 0.7795 -0.5991
vn -0.9922 -0.0399 0.1183
vn -0.9613 0.1984 -0.1911
vn 0.4995 0.7438 -0.4441
vn -0.1665 0.7438 -0.6473
vn -0.2601 -0.4531 0.8526
vn 0.1224 -0.3956 0.9102
vn -0.7848 0.4394 -0.4370
vn -0.4672 -0.5094 -0.7226
vn 0.7556 -0.6469 -0.1028
vn -0.2672 -0.9605 0.0783
vn 0.6064 -0.7924 0.0660
vn 0.7911 -0.5094 -0.3387
vn 0.2851 -0.2131 -0.9345
vn -0.5400 -0.7924 -0.2837
vn -0.5695 -0.6469 -0.5071
vn 0.5460 -0.2719 -0.7924
vn -0.0107 -0.2719 -0.9623
vn -0.0589 -0.9794 0.1930
vn 0.1779 -0.9605 0.2141
vn -0.7925 0.4059 -0.4552
vn 0.9084 0.1815 0.3766
vn -0.6129 -0.3628 0.7019
vn 0.7536 -0.0367 0.6563
vn 0.9116 0.4059 0.0647
vn 0.1973 0.7367 -0.6468
vn -0.9916 -0.0367 0.1238
vn -0.9639 0.1815 -0.1946
vn 0.5241 0.7013 -0.4832
vn -0.1651 0.7013 -0.6934
vn -0.2654 -0.4161 0.8698
vn 0.1167 -0.3628 0.9245
vn -0.2909 0.0797 0.9534
vn -0.6149 0.1258 0.7785
vn 0.5674 0.5388 -0.6227
vn -0.1231 0.5388 -0.8334
vn 0.7036 0.2466 0.6665
vn 0.9082 0.4185 -0.0043
vn -0.9558 0.2466 0.1602
vn 0.0756 0.1258 0.9892
vn -0.9298 0.3053 -0.2055
vn 0.8862 0.3053 0.3486
vn 0.2472 0.5316 -0.8102
vn -0.7511 0.4185 -0.5106
vn 0.1259 -0.7828 0.6094
vn -0.5570 -0.5415 -0.6297
vn 0.8108 -0.5768 0.0996
vn -0.4446 -0.7828 0.4354
vn 0.6446 -0.6834 0.3426
vn 0.8137 -0.5415 -0.2115
vn -0.1866 -0.7687 0.6118
vn -0.7261 -0.6834 -0.0756
vn -0.7283 -0.5768 -0.3700
vn 0.5322 -0.4415 -0.7224
vn -0.0383 -0.4415 -0.8964
vn 0.2692 -0.3859 -0.8824
vn -0.1501 0.8576 0.4920
vn 0.2169 -0.7844 -0.5811
vn 0.2258 -0.7694 -0.5976
vn 0.3560 -0.5878 -0.7265
vn 0.0695 -0.9713 -0.2277
vn -0.0169 -0.9706 0.2400
vn -0.0169 -0.9856 0.1681
vn -0.1713 -0.8222 0.5428
vn -0.2166 0.7850 0.5804
vn -0.2255 0.7698 0.5971
vn -0.3583 0.5861 0.7267
vn -0.0695 0.9713 0.2277
vn 0.0173 0.9698 -0.2432
vn 0.0179 0.9835 -0.1800
vn 0.1663 0.8226 -0.5438
vn 0.9557 -0.0004 0.2944
vn 0.9630 -0.0020 0.2695
vn -0.9816 0.0302 0.1886
vn 0.9565 -0.0000 0.2918
vn 0.1335 0.2352 -0.9627
vn -0.9565 -0.0000 -0.2918
vn -0.6906 0.0749 -0.7193
vn 0.9607 0.0028 0.2777
vn 0.9270 -0.0134 0.3748
vn -0.9421 0.0087 -0.3354
vn 0.9523 0.0034 0.3053
vn 0.2823 -0.1998 0.9383
vn -0.9840 -0.0646 0.1660
vn -0.6642 -0.1151 -0.7387
vn -0.9849 -0.0242 -0.1716
vn 0.9467 -0.0062 0.3220
vn 0.5007 -0.7920 0.3494
vn 0.5741 -0.8005 0.1720
vn 0.4736 -0.8478 -0.2384
vn 0.3347 -0.8287 0.4485
vn 0.3006 -0.8505 0.4316
vn 0.4236 -0.8964 0.1304
vn 0.1092 -0.9319 0.3458
vn -0.4880 0.7925 -0.3659
vn -0.5722 0.8002 -0.1795
vn -0.4764 0.8484 0.2308
vn -0.3330 0.8289 -0.4496
vn -0.2933 0.8480 -0.4415
vn -0.4248 0.8946 -0.1386
vn -0.1089 0.9301 -0.3508
vn 0.3387 0.4465 0.8282
vn 0.4953 0.2619 0.8283
vn -0.9268 -0.3286 0.1819
vn 0.3560 0.3907 0.8489
vn 0.2834 0.2380 -0.9290
vn -0.3983 -0.4679 -0.7889
vn 0.2991 -0.1854 -0.9360
vn 0.8367 0.1239 0.5335
vn 0.5527 0.4503 0.7012
vn -0.5783 -0.0212 -0.8155
vn 0.4113 0.3383 0.8464
vn 0.4112 0.1196 0.9037
vn -0.9132 -0.3554 0.1991
vn 0.3288 -0.0149 -0.9443
vn -0.8507 -0.3079 -0.4260
vn 0.6947 0.3030 0.6524
vn -0.3504 -0.3946 -0.8494
vn 0.3781 0.4482 0.8100
vn -0.4756 0.7955 -0.3756
vn 0.4531 -0.7982 0.3970
vn 0.3844 -0.8303 -0.4036
vn 0.2806 -0.8886 -0.3627
vn 0.1308 -0.9220 -0.3644
vn 0.6304 -0.7650 -0.1316
vn 0.6739 -0.7382 -0.0300
vn 0.6182 -0.7858 0.0176
vn 0.5824 -0.7391 0.3386
vn -0.3859 0.8294 0.4039
vn -0.2823 0.8884 0.3621
vn -0.1341 0.9215 0.3646
vn -0.6287 0.7661 0.1333
vn -0.6722 0.7396 0.0333
vn -0.6216 0.7830 -0.0231
vn -0.5823 0.7406 -0.3353
vn 0.4233 0.6150 -0.6653
vn 0.8577 0.4586 -0.2323
vn -0.1291 -0.4704 0.8730
vn 0.5647 0.6407 -0.5203
vn -0.4432 0.1744 -0.8793
vn -0.4351 -0.6663 0.6056
vn -0.9377 -0.3469 -0.0173
vn 0.9702 0.2285 -0.0808
vn 0.4035 0.5736 -0.7129
vn -0.9684 -0.1422 -0.2050
vn 0.7358 0.5547 -0.3884
vn 0.7865 0.1937 -0.5864
vn 0.3472 -0.3815 0.8567
vn -0.8858 -0.1809 -0.4274
vn -0.1666 -0.3736 0.9125
vn 0.2724 0.3925 -0.8785
vn -0.5684 -0.6509 0.5032
vn 0.4522 0.6557 -0.6046
vn -0.4764 0.8025 0.3593
vn 0.4746 -0.8026 -0.3613
vn -0.1192 -0.7563 -0.6433
vn -0.1689 -0.8088 -0.5632
vn -0.2978 -0.9313 -0.2096
vn 0.4507 -0.6150 -0.6470
vn 0.5703 -0.5829 -0.5788
vn 0.6345 -0.6035 -0.4829
vn 0.7738 -0.5689 -0.2786
vn 0.1168 0.7550 0.6452
vn 0.1671 0.8072 0.5662
vn 0.2954 0.9305 0.2166
vn -0.4492 0.6165 0.6466
vn -0.5680 0.5846 0.5793
vn -0.6328 0.6038 0.4848
vn -0.7732 0.5692 0.2796
vn -0.0984 0.5569 -0.8247
vn 0.4899 0.4741 -0.7316
vn 0.4848 -0.4019 0.7768
vn 0.1205 0.5954 -0.7944
vn -0.9583 -0.0016 -0.2856
vn -0.0288 -0.6072 0.7940
vn -0.6804 -0.4002 0.6139
vn 0.6861 0.3063 -0.6599
vn -0.2305 0.4997 -0.8350
vn -0.7976 -0.2760 0.5364
vn 0.2856 0.5434 -0.7894
vn 0.0837 0.2331 -0.9688
vn 0.8928 -0.2176 0.3944
vn -0.8760 -0.3243 0.3571
vn 0.5723 -0.2655 0.7759
vn -0.3318 0.3257 -0.8853
vn -0.1292 -0.6019 0.7880
vn 0.0201 0.6005 -0.7994
vn -0.0214 0.7223 0.6913
vn 0.0186 -0.7229 -0.6907
vn -0.4130 -0.8539 -0.3167
vn -0.3674 -0.9009 -0.2311
vn -0.1369 -0.9874 0.0789
vn -0.1173 -0.6267 -0.7703
vn -0.0015 -0.5663 -0.8242
vn 0.1155 -0.5618 -0.8192
vn 0.3494 -0.4753 -0.8075
vn 0.4134 0.8525 0.3198
vn 0.3690 0.8994 0.2342
vn 0.1412 0.9873 -0.0728
vn 0.1176 0.6284 0.7690
vn 0.0029 0.5684 0.8228
vn -0.1131 0.5626 0.8189
vn -0.3484 0.4758 0.8076
vn -0.8262 0.4036 -0.3930
vn -0.3955 0.4296 -0.8118
vn 0.9782 -0.1987 0.0605
vn -0.6842 0.4802 -0.5488
vn -0.7778 -0.1956 0.5972
vn 0.7394 -0.4774 0.4747
vn 0.1769 -0.4052 0.8969
vn -0.1897 0.3076 -0.9324
vn -0.8982 0.3254 -0.2954
vn 0.0215 -0.3142 0.9491
vn -0.5739 0.4563 -0.6800
vn -0.7650 0.0946 -0.6370
vn 0.8728 -0.0122 -0.4879
vn -0.1546 -0.4007 0.9031
vn 0.9986 -0.0520 -0.0050
vn -0.9590 0.1321 -0.2507
vn 0.6756 -0.4890 0.5518
vn -0.7472 0.4687 -0.4712
vn 0.3770 0.8057 0.4568
vn -0.3780 -0.8067 -0.4542
vn -0.3404 -0.9381 0.0646
vn -0.2394 -0.9668 0.0892
vn 0.1539 -0.9792 0.1323
vn -0.5107 -0.7284 -0.4568
vn -0.4832 -0.6588 -0.5766
vn -0.4020 -0.6365 -0.6582
vn -0.2533 -0.5159 -0.8184
vn 0.3431 0.9372 -0.0628
vn 0.2430 0.9660 -0.0882
vn -0.1466 0.9804 -0.1313
vn 0.5096 0.7298 0.4557
vn 0.4827 0.6609 0.5746
vn 0.4033 0.6377 0.6563
vn 0.2541 0.5165 0.8177
vn -0.9130 0.2256 0.3398
vn -0.9293 0.2621 -0.2602
vn 0.7374 -0.0437 -0.6740
vn -0.9441 0.3022 0.1313
vn -0.0561 -0.2317 0.9712
vn 0.9275 -0.3006 -0.2222
vn 0.8391 -0.2597 0.4780
vn -0.8544 0.1576 -0.4952
vn -0.8764 0.1505 0.4575
vn 0.7548 -0.1866 0.6288
vn -0.9596 0.2786 -0.0395
vn -0.9877 -0.0991 0.1212
vn 0.2380 0.0553 -0.9697
vn 0.6203 -0.3032 0.7234
vn 0.6760 0.0950 -0.7307
vn -0.8481 -0.0425 0.5281
vn 0.9422 -0.3117 -0.1232
vn -0.9285 0.2913 0.2301
vn 0.4258 0.9030 0.0566
vn -0.4245 -0.9038 -0.0541
vn -0.0022 -0.9624 0.2716
vn 0.0886 -0.9727 0.2144
vn 0.3856 -0.9217 -0.0422
vn -0.5303 -0.8468 0.0423
vn -0.6111 -0.7894 -0.0585
vn -0.6193 -0.7658 -0.1730
vn -0.6575 -0.6456 -0.3884
vn 0.0056 0.9622 -0.2724
vn -0.0853 0.9726 -0.2164
vn -0.3802 0.9241 0.0377
vn 0.5285 0.8479 -0.0421
vn 0.6090 0.7911 0.0575
vn 0.6186 0.7669 0.1708
vn 0.6575 0.6462 0.3875
vn -0.4120 0.1297 0.9019
vn -0.8598 0.0882 0.5029
vn 0.0198 -0.0187 -0.9996
vn -0.5969 0.1742 0.7832
vn 0.7028 -0.1143 0.7022
vn 0.5203 -0.1864 -0.8334
vn 0.9550 -0.0719 -0.2878
vn -0.9580 -0.0327 0.2849
vn -0.2886 0.0761 0.9544
vn 0.9926 0.0062 -0.1214
vn -0.7252 0.1274 0.6767
vn -0.5564 -0.2271 0.7992
vn -0.5460 -0.0318 -0.8372
vn 0.9925 -0.1161 0.0388
vn -0.0886 0.1014 -0.9909
vn -0.1821 -0.1004 0.9782
vn 0.6032 -0.1828 -0.7763
vn -0.5136 0.1782 0.8393
vn 0.1532 0.9557 -0.2513
vn -0.1503 -0.9560 0.2520
vn 0.5640 -0.8258 -0.0030
vn 0.5267 -0.8451 -0.0915
vn 0.4090 -0.7479 -0.5228
vn 0.0394 -0.9475 0.3173
vn -0.1030 -0.9367 0.3348
vn -0.1358 -0.9565 0.2582
vn -0.1972 -0.9716 0.1307
vn -0.5620 0.8272 -0.0029
vn -0.5261 0.8462 0.0844
vn -0.4232 0.7523 0.5050
vn -0.0374 0.9474 -0.3179
vn 0.1038 0.9363 -0.3356
vn 0.1377 0.9552 -0.2618
vn 0.1992 0.9707 -0.1340
vn 0.3413 0.1339 0.9304
vn -0.2443 -0.0052 0.9697
vn -0.6783 -0.1314 -0.7229
vn 0.0972 0.1288 0.9869
vn 0.9914 0.0927 -0.0928
vn -0.1977 -0.1612 -0.9669
vn 0.3935 0.0587 -0.9175
vn -0.4209 -0.1448 0.8955
vn 0.4848 0.1154 0.8670
vn 0.5546 0.1442 -0.8196
vn -0.0509 0.0628 0.9967
vn 0.3035 -0.1968 0.9323
vn -0.9648 -0.2117 -0.1562
vn 0.6766 0.0593 -0.7340
vn -0.8142 -0.0418 -0.5791
vn 0.6354 -0.0142 0.7721
vn -0.0913 -0.1401 -0.9859
vn 0.2036 0.1496 0.9676
vn -0.4613 0.8802 -0.1115
vn 0.4643 -0.8791 0.1074
vn 0.4420 -0.8963 -0.0351
vn 0.4604 -0.8875 -0.0223
vn 0.6112 -0.7761 0.1549
vn -0.3887 -0.8696 -0.3045
vn -0.3202 -0.8953 -0.3098
vn -0.6585 -0.6351 -0.4037
vn -0.4413 0.8967 0.0356
vn -0.4598 0.8877 0.0227
vn -0.6117 0.7753 -0.1576
vn 0.3917 0.8682 0.3046
vn 0.3315 0.8911 0.3100
vn 0.6597 0.6369 0.3991
vn -0.3264 -0.2375 0.9149
vn -0.3023 -0.2453 0.9211
vn -0.1447 0.3511 -0.9251
vn -0.3238 -0.2378 0.9158
vn 0.9820 0.0264 0.1868
vn 0.3238 0.2378 -0.9158
vn 0.7475 0.1603 -0.6446
vn -0.3096 -0.2387 0.9204
vn -0.4066 -0.2283 0.8846
vn 0.3676 0.2347 -0.8999
vn -0.3364 -0.2312 0.9129
vn -0.9679 -0.1209 0.2202
vn -0.1371 0.2590 -0.9561
vn 0.7357 -0.0295 -0.6766
vn 0.2023 0.2428 -0.9487
vn -0.3542 -0.2359 0.9049
vn -0.0317 -0.9820 0.1860
vn -0.0391 -0.9773 0.2084
vn -0.1622 -0.8934 0.4190
vn 0.0720 -0.7553 -0.6514
vn 0.0861 -0.7995 -0.5945
vn 0.1551 -0.4676 -0.8702
vn 0.0315 0.9822 -0.1851
vn 0.0389 0.9774 -0.2078
vn 0.1646 0.8924 -0.4202
vn -0.0717 0.7532 0.6539
vn -0.0848 0.7923 0.6042
vn -0.1502 0.4684 0.8707
vn -0.9875 -0.0344 -0.1535
vn -0.9902 -0.0478 -0.1313
vn 0.9252 0.2727 -0.2639
vn -0.9879 -0.0353 -0.1509
vn 0.0144 -0.2272 0.9737
vn 0.9879 0.0353 0.1509
vn 0.7950 -0.1265 0.5933
vn -0.9898 -0.0396 -0.1368
vn -0.9723 -0.0066 -0.2338
vn 0.9806 0.0218 0.1950
vn -0.9865 -0.0257 -0.1618
vn -0.4209 0.1784 -0.8894
vn 0.9411 0.1792 -0.2868
vn 0.7916 -0.3079 0.5279
vn 0.9971 0.0702 0.0303
vn -0.9830 -0.0262 -0.1816
vn -0.3138 -0.8688 -0.3829
vn -0.3335 -0.8577 -0.3913
vn -0.5019 -0.7005 -0.5073
vn 0.5108 -0.8545 -0.0946
vn 0.4466 -0.8887 -0.1041
vn 0.7479 -0.6548 0.1092
vn 0.3130 0.8693 0.3826
vn 0.3329 0.8581 0.3910
vn 0.5025 0.6986 0.5093
vn -0.5136 0.8529 0.0938
vn -0.4573 0.8835 0.1016
vn -0.7492 0.6541 -0.1043
vn 0.3366 0.2379 -0.9111
vn 0.3137 0.2306 -0.9211
vn 0.1145 -0.0793 0.9903
vn 0.3340 0.2377 -0.9121
vn -0.9801 -0.0239 -0.1972
vn -0.3340 -0.2377 0.9121
vn -0.7487 -0.2425 0.6170
vn 0.3200 0.2371 -0.9173
vn 0.4154 0.2433 -0.8765
vn -0.3773 -0.2393 0.8946
vn 0.3457 0.2440 -0.9061
vn 0.9705 0.1186 -0.2098
vn 0.1203 -0.1757 0.9771
vn -0.7103 -0.4234 0.5623
vn -0.2138 -0.2318 0.9490
vn 0.3642 0.2386 -0.9002
vn 0.6704 -0.6872 -0.2798
vn 0.7321 -0.5759 0.3639
vn -0.3281 -0.3098 0.8924
vn 0.3175 -0.4192 0.8506
vn -0.8902 -0.4192 -0.1782
vn -0.8289 -0.3098 0.4659
vn 0.1697 -0.6872 -0.7064
vn -0.4756 -0.5759 -0.6649
vn 0.5411 -0.5484 0.6375
vn -0.6073 -0.3505 0.7130
vn -0.7154 -0.5484 -0.4329
vn 0.4334 -0.7438 -0.5088
vn 0.8825 0.0494 -0.4676
vn 0.6481 0.0338 -0.7608
vn 0.9555 0.1192 0.2700
vn 0.7764 0.1636 0.6087
vn 0.4788 0.2202 0.8499
vn -0.6193 0.2962 0.7271
vn -0.2782 0.2922 0.9150
vn -0.4184 0.1192 -0.9004
vn -0.7244 0.1636 -0.6697
vn 0.3214 0.0494 -0.9457
vn -0.8592 0.2922 0.4201
vn -0.9152 0.2202 -0.3375
vn 0.7345 -0.5725 0.3644
vn 0.5850 -0.4808 0.6531
vn -0.8303 -0.3048 0.4666
vn -0.3287 -0.3048 0.8939
vn 0.4708 -0.6876 -0.5527
vn 0.1716 -0.6834 -0.7095
vn 0.3195 -0.4157 0.8516
vn -0.7379 -0.4808 -0.4737
vn 0.6732 -0.6834 -0.2823
vn -0.4765 -0.5725 -0.6672
vn -0.8915 -0.4157 -0.1800
vn -0.6236 -0.2739 0.7321
vn 0.6481 -0.0335 -0.7608
vn 0.3139 -0.0093 -0.9494
vn 0.4544 0.3269 0.8287
vn -0.7286 0.2104 -0.6518
vn 0.8874 -0.0092 -0.4609
vn -0.4351 0.1165 -0.8928
vn -0.8904 0.3269 -0.3168
vn -0.5687 0.4804 0.6677
vn 0.9506 0.1165 0.2876
vn 0.7594 0.2104 0.6157
vn -0.7943 0.4653 0.3907
vn -0.2594 0.4653 0.8463
vn -0.3018 -0.6344 -0.7116
vn -0.6899 -0.6669 -0.2817
vn -0.4755 -0.6799 0.5583
vn 0.7506 -0.6344 0.1848
vn 0.6233 -0.6368 0.4538
vn -0.6544 -0.6904 0.3084
vn -0.2005 -0.6904 0.6951
vn 0.5209 -0.5955 -0.6116
vn 0.2649 -0.6121 -0.7451
vn 0.3878 -0.6669 0.6363
vn -0.5471 -0.6368 -0.5432
vn 0.6935 -0.6121 -0.3800
vn -0.2344 0.6055 0.7605
vn 0.6123 -0.3294 -0.7188
vn 0.3001 -0.2658 -0.9161
vn 0.4332 0.4349 0.7894
vn -0.7136 0.2770 -0.6435
vn 0.8567 -0.2658 -0.4420
vn -0.4336 0.0886 -0.8967
vn -0.8483 0.4349 -0.3022
vn -0.5106 0.6165 0.5994
vn 0.9543 0.0886 0.2855
vn 0.7488 0.2770 0.6022
vn -0.7136 0.6055 0.3524
vn 0.5922 -0.7863 -0.1763
vn -0.5587 -0.5631 -0.6088
vn -0.9580 -0.2401 -0.1566
vn -0.6479 0.0417 0.7606
vn 0.6899 -0.5631 0.4548
vn 0.5601 -0.3910 0.7303
vn -0.8724 -0.0065 0.4887
vn -0.3438 -0.0065 0.9390
vn 0.3810 -0.8092 -0.4473
vn 0.0798 -0.7863 -0.6127
vn 0.3070 -0.2401 0.9209
vn -0.8101 -0.3910 -0.4369
vn -0.6790 0.1984 -0.7068
vn 0.8327 -0.3956 -0.3875
vn -0.4351 -0.0399 -0.8995
vn -0.7911 0.4394 -0.4256
vn -0.4062 0.7795 0.4768
vn 0.9573 -0.0399 0.2865
vn 0.8058 0.1984 0.5580
vn -0.6350 0.7438 0.2085
vn -0.1049 0.7438 0.6601
vn 0.5781 -0.4531 -0.6786
vn 0.2501 -0.3956 -0.8837
vn 0.5460 0.4394 0.7133
vn 0.1410 -0.5094 0.8489
vn -0.7341 -0.6469 -0.2065
vn 0.2763 -0.9605 0.0345
vn -0.5300 -0.7924 -0.3019
vn -0.8605 -0.5094 -0.0042
vn -0.6336 -0.2131 0.7438
vn 0.3824 -0.7924 0.4752
vn 0.3206 -0.6469 0.6919
vn -0.8163 -0.2719 0.5096
vn -0.3733 -0.2719 0.8870
vn 0.1308 -0.9794 -0.1536
vn -0.0780 -0.9605 -0.2673
vn 0.5458 0.4059 0.7331
vn -0.6834 0.1815 -0.7071
vn 0.8417 -0.3628 -0.3999
vn -0.4301 -0.0367 -0.9020
vn -0.8105 0.4059 -0.4223
vn -0.4385 0.7367 0.5148
vn 0.9589 -0.0367 0.2812
vn 0.8068 0.1815 0.5622
vn -0.6731 0.7013 0.2346
vn -0.1246 0.7013 0.7019
vn 0.5897 -0.4161 -0.6922
vn 0.2610 -0.3628 -0.8946
vn 0.6464 0.0797 -0.7588
vn 0.8740 0.1258 -0.4694
vn -0.7684 0.5388 0.3454
vn -0.2237 0.5432 0.8093
vn -0.3801 0.2466 -0.8915
vn -0.8349 0.4185 -0.3576
vn 0.9406 0.2466 0.2335
vn 0.3244 0.1258 -0.9375
vn 0.7727 0.3057 0.5563
vn -0.6742 0.3053 -0.6725
vn -0.5519 0.5331 0.6413
vn 0.4896 0.4207 0.7637
vn 0.1271 -0.7828 -0.6092
vn 0.2567 -0.5335 0.8059
vn -0.7041 -0.5768 -0.4141
vn 0.5812 -0.7828 -0.2224
vn -0.4550 -0.6834 -0.5709
vn -0.8306 -0.5415 -0.1299
vn 0.4147 -0.7687 -0.4869
vn 0.6360 -0.6834 0.3584
vn 0.5189 -0.5722 0.6351
vn -0.7758 -0.4415 0.4508
vn -0.3154 -0.4368 0.8425
vn -0.5957 -0.3836 0.7057
vn 0.3336 0.8576 -0.3916
vn 0.3335 0.8576 -0.3916
vn -0.4303 -0.7844 0.4467
vn -0.4450 -0.7694 0.4583
vn -0.6158 -0.5878 0.5247
vn -0.1544 -0.9713 0.1812
vn 0.1111 -0.9706 -0.2134
vn 0.0824 -0.9856 -0.1475
vn 0.3732 -0.8222 -0.4298
vn 0.4297 0.7850 -0.4462
vn 0.4446 0.7698 -0.4579
vn 0.6180 0.5861 -0.5240
vn 0.1544 0.9713 -0.1812
vn -0.1127 0.9698 0.2162
vn -0.0881 0.9835 0.1580
vn -0.3690 0.8226 0.4326
vn -0.7595 -0.0004 -0.6505
vn -0.7761 -0.0020 -0.6306
vn 0.9755 0.0302 0.2177
vn -0.7613 -0.0000 -0.6485
vn -0.5058 0.2352 0.8300
vn 0.7613 -0.0000 0.6485
vn 0.3472 0.0750 0.9348
vn -0.7707 0.0028 -0.6372
vn -0.7012 -0.0134 -0.7128
vn 0.7307 0.0087 0.6827
vn -0.7520 0.0034 -0.6591
vn 0.1146 -0.1998 -0.9731
vn 0.9688 -0.0646 0.2394
vn 0.3152 -0.1151 0.9420
vn 0.8352 -0.0242 0.5494
vn -0.7403 -0.0062 -0.6723
vn -0.3202 -0.7920 -0.5198
vn -0.4582 -0.8005 -0.3863
vn -0.5294 -0.8479 0.0302
vn -0.1285 -0.8287 -0.5447
vn -0.1039 -0.8505 -0.5156
vn -0.3366 -0.8964 -0.2883
vn 0.0375 -0.9319 -0.3607
vn 0.3020 0.7925 0.5299
vn 0.4535 0.8002 0.3924
vn 0.5289 0.8484 -0.0221
vn 0.1265 0.8289 0.5450
vn 0.0933 0.8480 0.5217
vn 0.3345 0.8946 0.2963
vn -0.0397 0.9301 0.3651
vn 0.0190 0.4465 -0.8946
vn -0.1246 0.2619 -0.9570
vn 0.9226 -0.3286 0.2021
vn 0.0113 0.3907 -0.9205
vn -0.6298 0.2380 0.7394
vn 0.0513 -0.4679 0.8823
vn -0.6470 -0.1854 0.7396
vn -0.5552 0.1239 -0.8225
vn -0.2279 0.4503 -0.8633
vn 0.2058 -0.0212 0.9784
vn -0.0403 0.3383 -0.9402
vn -0.0175 0.1196 -0.9927
vn 0.9170 -0.3554 0.1809
vn -0.6775 -0.0149 0.7354
vn 0.6108 -0.3079 0.7295
vn -0.3775 0.3030 -0.8750
vn -0.0167 -0.3946 0.9187
vn -0.0244 0.4482 -0.8936
vn 0.2867 0.7955 0.5339
vn -0.2576 -0.7982 -0.5446
vn -0.5133 -0.8303 0.2172
vn -0.4018 -0.8886 0.2211
vn -0.2651 -0.9220 0.2822
vn -0.6307 -0.7650 -0.1302
vn -0.6302 -0.7382 -0.2408
vn -0.5601 -0.7858 -0.2622
vn -0.3995 -0.7391 -0.5424
vn 0.5148 0.8294 -0.2168
vn 0.4031 0.8884 -0.2198
vn 0.2682 0.9215 -0.2810
vn 0.6298 0.7661 0.1280
vn 0.6299 0.7396 0.2371
vn 0.5611 0.7830 0.2686
vn 0.4006 0.7406 0.5394
vn -0.6531 0.6150 0.4418
vn -0.8793 0.4586 -0.1283
vn 0.4659 -0.4704 -0.7494
vn -0.7251 0.6407 0.2525
vn 0.0565 0.1744 0.9830
vn 0.6402 -0.6663 -0.3824
vn 0.8533 -0.3469 0.3892
vn -0.9222 0.2285 -0.3121
vn -0.6539 0.5736 0.4933
vn 0.8067 -0.1422 0.5736
vn -0.8296 0.5547 0.0634
vn -0.9549 0.1937 0.2248
vn 0.0225 -0.3815 -0.9241
vn 0.6424 -0.1809 0.7447
vn 0.5161 -0.3736 -0.7707
vn -0.5996 0.3925 0.6974
vn 0.7218 -0.6509 -0.2353
vn -0.6556 0.6557 0.3746
vn 0.5800 0.8025 -0.1399
vn -0.5792 -0.8026 0.1425
vn -0.1467 -0.7563 0.6375
vn -0.0693 -0.8088 0.5839
vn 0.1898 -0.9313 0.3108
vn -0.6710 -0.6150 0.4141
vn -0.7536 -0.5829 0.3039
vn -0.7743 -0.6035 0.1904
vn -0.8207 -0.5689 -0.0525
vn 0.1498 0.7550 -0.6384
vn 0.0722 0.8072 -0.5859
vn -0.1848 0.9305 -0.3163
vn 0.6695 0.6165 -0.4143
vn 0.7516 0.5846 -0.3054
vn 0.7735 0.6038 -0.1928
vn 0.8206 0.5692 0.0513
vn -0.2381 0.5569 0.7957
vn -0.7406 0.4741 0.4761
vn -0.1355 -0.4019 -0.9056
vn -0.4268 0.5954 0.6808
vn 0.7654 -0.0016 0.6435
vn 0.3426 -0.6072 -0.7169
vn 0.8685 -0.4002 -0.2923
vn -0.8921 0.3064 0.3322
vn -0.1209 0.4997 0.8577
vn 0.9452 -0.2760 -0.1746
vn -0.5762 0.5434 0.6105
vn -0.4625 0.2331 0.8554
vn -0.6620 -0.2176 -0.7172
vn 0.9457 -0.3243 0.0212
vn -0.2161 -0.2656 -0.9396
vn -0.0480 0.3257 0.9442
vn 0.4323 -0.6019 -0.6714
vn -0.3367 0.6005 0.7253
vn 0.2948 0.7223 -0.6256
vn -0.2920 -0.7229 0.6262
vn 0.2528 -0.8539 0.4549
vn 0.2450 -0.9009 0.3582
vn 0.1570 -0.9874 -0.0179
vn -0.1990 -0.6267 0.7534
vn -0.3267 -0.5663 0.7567
vn -0.4321 -0.5618 0.7055
vn -0.6420 -0.4753 0.6016
vn -0.2520 0.8525 -0.4580
vn -0.2453 0.8994 -0.3618
vn -0.1585 0.9873 0.0106
vn 0.1983 0.6284 -0.7522
vn 0.3248 0.5684 -0.7559
vn 0.4298 0.5626 -0.7062
vn 0.6411 0.4758 -0.6022
vn 0.6015 0.4036 0.6895
vn 0.0396 0.4296 0.9022
vn -0.8732 -0.1987 -0.4449
vn 0.4092 0.4802 0.7758
vn 0.9513 -0.1956 -0.2382
vn -0.4893 -0.4774 -0.7298
vn 0.1947 -0.4052 -0.8932
vn -0.1972 0.3076 0.9309
vn 0.7064 0.3254 0.6286
vn 0.3581 -0.3142 -0.8792
vn 0.2557 0.4563 0.8523
vn 0.4482 0.0946 0.8889
vn -0.9949 -0.0122 0.1001
vn 0.5013 -0.4007 -0.7669
vn -0.9181 -0.0520 -0.3929
vn 0.7799 0.1321 0.6118
vn -0.4001 -0.4890 -0.7752
vn 0.4978 0.4687 0.7297
vn -0.1640 0.8057 -0.5691
vn 0.1660 -0.8067 0.5671
vn 0.3380 -0.9381 0.0762
vn 0.2551 -0.9668 0.0135
vn -0.0885 -0.9792 -0.1827
vn 0.2867 -0.7284 0.6223
vn 0.2137 -0.6588 0.7214
vn 0.1067 -0.6365 0.7638
vn -0.0934 -0.5159 0.8516
vn -0.3398 0.9372 -0.0790
vn -0.2581 0.9660 -0.0158
vn 0.0823 0.9804 0.1788
vn -0.2861 0.7298 -0.6209
vn -0.2141 0.6609 -0.7193
vn -0.1087 0.6377 -0.7626
vn 0.0925 0.5165 -0.8513
vn 0.9728 0.2256 0.0518
vn 0.7489 0.2621 0.6086
vn -0.9448 -0.0437 0.3248
vn 0.9184 0.3022 0.2554
vn 0.4381 -0.2317 -0.8686
vn -0.9393 -0.3006 -0.1654
vn -0.5794 -0.2597 -0.7725
vn 0.5866 0.1576 0.7944
vn 0.9861 0.1505 -0.0708
vn -0.4421 -0.1866 -0.8773
vn 0.8646 0.2785 0.4182
vn 0.9543 -0.0991 0.2820
vn -0.6043 0.0553 0.7948
vn -0.2810 -0.3032 -0.9106
vn -0.9110 0.0950 0.4012
vn 0.9882 -0.0425 -0.1469
vn -0.9133 -0.3117 -0.2621
vn 0.9434 0.2913 0.1586
vn -0.3681 0.9030 -0.2215
vn 0.3678 -0.9038 0.2186
vn 0.1102 -0.9624 -0.2483
vn 0.0041 -0.9727 -0.2319
vn -0.3706 -0.9217 -0.1148
vn 0.5033 -0.8468 0.1723
vn 0.5373 -0.7894 0.2969
vn 0.4993 -0.7658 0.4053
vn 0.4486 -0.6456 0.6181
vn -0.1135 0.9622 0.2477
vn -0.0079 0.9726 0.2325
vn 0.3638 0.9241 0.1168
vn -0.5016 0.8479 -0.1717
vn -0.5357 0.7911 -0.2952
vn -0.4995 0.7669 -0.4030
vn -0.4489 0.6462 -0.6172
vn 0.7370 0.1297 -0.6634
vn 0.9890 0.0882 -0.1190
vn -0.4161 -0.0187 0.9091
vn 0.8593 0.1743 -0.4808
vn -0.3651 -0.1143 -0.9239
vn -0.8091 -0.1864 0.5574
vn -0.9906 -0.0719 -0.1162
vn 0.9922 -0.0327 0.1200
vn 0.6447 0.0760 -0.7606
vn -0.9589 0.0062 -0.2837
vn 0.9346 0.1274 -0.3321
vn 0.8286 -0.2271 -0.5117
vn 0.1676 -0.0318 0.9853
vn -0.8950 -0.1161 -0.4307
vn -0.3132 0.1014 0.9443
vn 0.5564 -0.1004 -0.8248
vn -0.8624 -0.1828 0.4720
vn 0.8053 0.1782 -0.5655
vn -0.2406 0.9557 0.1696
vn 0.2382 -0.9560 -0.1713
vn -0.5186 -0.8258 -0.2218
vn -0.5196 -0.8451 -0.1257
vn -0.5833 -0.7479 0.3168
vn 0.0902 -0.9475 -0.3068
vn 0.2278 -0.9367 -0.2661
vn 0.2273 -0.9565 -0.1829
vn 0.2329 -0.9716 -0.0414
vn 0.5144 0.8272 0.2264
vn 0.5162 0.8462 0.1320
vn 0.5892 0.7523 -0.2948
vn -0.0923 0.9474 0.3065
vn -0.2288 0.9363 0.2665
vn -0.2306 0.9552 0.1853
vn -0.2361 0.9707 0.0437
vn 0.0573 0.1339 -0.9893
vn 0.6101 -0.0052 -0.7923
vn 0.3345 -0.1314 0.9332
vn 0.3037 0.1288 -0.9440
vn -0.9464 0.0927 -0.3095
vn -0.2035 -0.1612 0.9657
vn -0.7262 0.0587 0.6850
vn 0.7426 -0.1448 -0.6539
vn -0.0996 0.1154 -0.9883
vn -0.8350 0.1442 0.5310
vn 0.4435 0.0628 -0.8941
vn 0.0927 -0.1968 -0.9760
vn 0.8229 -0.2117 0.5273
vn -0.9129 0.0593 0.4039
vn 0.5163 -0.0418 0.8554
vn -0.2755 -0.0142 -0.9612
vn -0.3087 -0.1401 0.9408
vn 0.1984 0.1496 -0.9686
vn 0.3788 0.8802 0.2860
vn -0.3832 -0.8791 -0.2834
vn -0.4195 -0.8963 -0.1437
vn -0.4312 -0.8875 -0.1628
vn -0.4990 -0.7761 -0.3854
vn 0.2354 -0.8696 0.4341
vn 0.1704 -0.8953 0.4116
vn 0.4434 -0.6351 0.6325
vn 0.4190 0.8967 0.1430
vn 0.4308 0.8877 0.1623
vn 0.4984 0.7753 0.3880
vn -0.2381 0.8682 -0.4354
vn -0.1807 0.8911 -0.4164
vn -0.4463 0.6369 -0.6287
vn 0.6636 -0.2375 -0.7093
vn 0.6440 -0.2453 -0.7246
vn -0.2356 0.3511 0.9062
vn 0.6616 -0.2378 -0.7112
vn -0.8265 0.0265 -0.5623
vn -0.6616 0.2378 0.7112
vn -0.9424 0.1603 0.2937
vn 0.6504 -0.2387 -0.7211
vn 0.7252 -0.2283 -0.6496
vn -0.6954 0.2347 0.6792
vn 0.6720 -0.2312 -0.7036
vn 0.9756 -0.1208 0.1833
vn -0.2548 0.2590 0.9317
vn -0.9443 -0.0295 0.3278
vn -0.5633 0.2428 0.7898
vn 0.6852 -0.2359 -0.6891
vn 0.1031 -0.9820 -0.1580
vn 0.1188 -0.9773 -0.1757
vn 0.3156 -0.8934 -0.3198
vn -0.3254 -0.7553 0.5689
vn -0.3156 -0.7995 0.5111
vn -0.4887 -0.4676 0.7365
vn -0.1026 0.9822 0.1573
vn -0.1184 0.9774 0.1751
vn -0.3183 0.8924 0.3200
vn 0.3261 0.7532 -0.5713
vn 0.3183 0.7923 -0.5205
vn 0.4843 0.4684 -0.7389
vn 0.8448 -0.0344 0.5340
vn 0.8561 -0.0478 0.5147
vn -0.9538 0.2727 -0.1262
vn 0.8462 -0.0353 0.5317
vn 0.3744 -0.2272 -0.8990
vn -0.8462 0.0353 -0.5317
vn -0.4931 -0.1265 -0.8607
vn 0.8536 -0.0396 0.5195
vn 0.7989 -0.0066 0.6015
vn -0.8219 0.0218 -0.5693
vn 0.8405 -0.0258 0.5411
vn 0.0321 0.1784 0.9834
vn -0.9775 0.1792 -0.1116
vn -0.5160 -0.3079 -0.7993
vn -0.9026 0.0702 -0.4247
vn 0.8295 -0.0262 0.5579
vn 0.1355 -0.8688 0.4762
vn 0.1501 -0.8577 0.4917
vn 0.2585 -0.7005 0.6652
vn -0.5063 -0.8545 -0.1166
vn -0.4511 -0.8886 -0.0823
vn -0.6426 -0.6548 -0.3979
vn -0.1348 0.8693 -0.4756
vn -0.1497 0.8581 -0.4912
vn -0.2582 0.6986 -0.6673
vn 0.5085 0.8529 0.1185
vn 0.4599 0.8835 0.0889
vn 0.6457 0.6541 0.3940
vn -0.6715 0.2379 0.7018
vn -0.6544 0.2306 0.7201
vn 0.2892 -0.0793 -0.9540
vn -0.6695 0.2377 0.7037
vn 0.8206 -0.0239 0.5711
vn 0.6695 -0.2377 -0.7037
vn 0.9324 -0.2425 -0.2679
vn -0.6587 0.2371 0.7140
vn -0.7300 0.2433 0.6386
vn 0.7023 -0.2393 -0.6705
vn -0.6778 0.2440 0.6936
vn -0.9738 0.1186 -0.1939
vn 0.2786 -0.1757 -0.9442
vn 0.8755 -0.4234 -0.2331
vn 0.5739 -0.2318 -0.7854
vn -0.6924 0.2386 0.6809
vn 0.3719 -0.7379 0.5632
vn -0.2116 -0.6275 0.7493
vn -0.9256 -0.3497 -0.1451
vn -0.7509 -0.4676 0.4664
vn -0.0004 -0.4704 -0.8824
vn -0.6131 -0.3501 -0.7081
vn 0.6706 -0.7410 0.0360
vn 0.5269 -0.6331 -0.5671
vn -0.4991 -0.5994 0.6258
vn -0.8042 -0.3938 -0.4451
vn 0.2687 -0.6046 -0.7499
vn 0.5303 -0.7905 0.3063
vn 0.6303 0.0566 0.7743
vn 0.8723 0.0387 0.4874
vn -0.0774 0.1364 0.9876
vn -0.4435 0.1871 0.8765
vn -0.7354 0.2512 0.6293
vn -0.8207 0.3352 -0.4626
vn -0.9388 0.3310 -0.0948
vn 0.8004 0.1359 -0.5839
vn 0.5146 0.1861 -0.8370
vn 0.9898 0.0565 0.1307
vn -0.5679 0.3300 -0.7540
vn 0.1529 0.2497 -0.9562
vn -0.2120 -0.6352 0.7427
vn -0.5096 -0.5413 0.6688
vn -0.6124 -0.3515 -0.7081
vn -0.9249 -0.3512 -0.1459
vn 0.5737 -0.7505 0.3280
vn 0.6632 -0.7478 0.0317
vn -0.7499 -0.4726 0.4629
vn 0.3012 -0.5446 -0.7828
vn 0.3664 -0.7454 0.5569
vn 0.5213 -0.6395 -0.5651
vn -0.0019 -0.4747 -0.8801
vn -0.8291 -0.3167 -0.4608
vn 0.8720 -0.0390 0.4880
vn 0.9923 -0.0108 0.1234
vn -0.7097 0.3743 0.5968
vn 0.4962 0.2422 -0.8338
vn 0.6245 -0.0108 0.7810
vn 0.7901 0.1349 -0.5979
vn 0.1390 0.3721 -0.9177
vn -0.7335 0.5384 -0.4148
vn -0.0950 0.1354 0.9862
vn -0.4504 0.2434 0.8590
vn -0.5126 0.5214 -0.6822
vn -0.8479 0.5231 -0.0864
vn 0.5878 -0.6986 -0.4079
vn 0.1227 -0.7270 -0.6756
vn -0.5948 -0.7342 -0.3273
vn -0.0438 -0.6954 0.7172
vn -0.3098 -0.6962 0.6475
vn -0.4039 -0.7452 -0.5306
vn -0.6661 -0.7436 -0.0581
vn 0.6530 -0.6610 0.3697
vn 0.7272 -0.6777 0.1092
vn -0.5124 -0.7233 0.4629
vn 0.3882 -0.6998 -0.5996
vn 0.4685 -0.6766 0.5680
vn -0.7457 0.6621 -0.0748
vn 0.8078 -0.3757 0.4541
vn 0.9455 -0.3045 0.1151
vn -0.6656 0.4867 0.5658
vn 0.4913 0.3133 -0.8127
vn 0.5907 -0.3044 0.7473
vn 0.7953 0.1014 -0.5977
vn 0.1356 0.4841 -0.8644
vn -0.6440 0.6726 -0.3644
vn -0.0925 0.1017 0.9905
vn -0.4349 0.3147 0.8437
vn -0.4497 0.6603 -0.6014
vn 0.2478 -0.8311 0.4979
vn 0.4543 -0.6153 -0.6442
vn -0.0378 -0.2694 -0.9623
vn -0.8717 0.0472 -0.4877
vn -0.3123 -0.6132 0.7255
vn -0.6017 -0.4337 0.6707
vn -0.6490 -0.0073 -0.7607
vn -0.9879 -0.0073 -0.1547
vn 0.4533 -0.8533 0.2578
vn 0.5520 -0.8327 -0.0433
vn -0.8392 -0.2692 0.4726
vn 0.2557 -0.4346 -0.8636
vn 0.5622 0.2187 -0.7976
vn 0.5273 -0.4359 0.7293
vn 0.7972 -0.0443 -0.6021
vn 0.2664 0.4759 -0.8382
vn -0.5042 0.8152 -0.2851
vn -0.0958 -0.0444 0.9944
vn -0.3850 0.2192 0.8965
vn -0.2979 0.7803 -0.5498
vn -0.6227 0.7819 0.0296
vn 0.7562 -0.4976 0.4250
vn 0.8971 -0.4362 0.0703
vn -0.5746 0.4776 0.6646
vn -0.7917 -0.5378 0.2898
vn 0.0436 -0.6763 -0.7353
vn -0.0025 -0.9692 0.2463
vn 0.1646 -0.8165 -0.5534
vn -0.1691 -0.5384 -0.8256
vn -0.8498 -0.2293 -0.4746
vn -0.3864 -0.8148 0.4322
vn -0.6038 -0.6752 0.4237
vn -0.6565 -0.2916 -0.6957
vn -0.9367 -0.2916 -0.1939
vn 0.1404 -0.9867 0.0814
vn 0.2067 -0.9702 -0.1268
vn -0.6036 0.4247 0.6747
vn 0.5618 0.1910 -0.8049
vn 0.5490 -0.3827 0.7430
vn 0.8009 -0.0388 -0.5976
vn 0.2593 0.4239 -0.8678
vn -0.5687 0.7579 -0.3196
vn -0.0899 -0.0388 0.9952
vn -0.3916 0.1913 0.9000
vn -0.3450 0.7225 -0.5991
vn -0.6903 0.7233 0.0175
vn 0.7840 -0.4385 0.4394
vn 0.9203 -0.3828 0.0802
vn 0.8555 -0.1836 0.4842
vn 0.6265 -0.1348 0.7677
vn -0.4206 0.4564 -0.7840
vn -0.8781 0.4785 0.0018
vn 0.8418 0.0854 -0.5330
vn -0.0094 0.3851 -0.9228
vn 0.0838 0.0535 0.9950
vn 0.9817 -0.1287 0.1401
vn -0.4311 0.2305 0.8724
vn 0.5169 0.2119 -0.8294
vn -0.7638 0.4892 -0.4210
vn -0.7232 0.3830 0.5747
vn 0.9884 -0.0523 0.1429
vn -0.8431 -0.2734 0.4631
vn 0.2859 -0.5869 -0.7575
vn 0.6405 0.2146 0.7373
vn 0.5972 -0.5627 -0.5715
vn -0.1953 -0.5187 -0.8324
vn 0.8571 0.1901 0.4788
vn 0.0328 -0.0185 0.9993
vn -0.5120 -0.1814 0.8396
vn -0.5117 -0.3957 -0.7626
vn -0.9690 -0.2408 -0.0558
vn -0.8266 -0.3442 -0.4453
vn 0.4451 0.8603 0.2486
vn 0.4453 0.8602 0.2484
vn 0.4455 0.8602 0.2482
vn 0.4453 0.8603 0.2483
vn 0.4455 0.8603 0.2481
vn 0.4451 0.8603 0.2485
vn 0.4452 0.8603 0.2483
vn 0.4454 0.8603 0.2480
vn -0.5218 -0.7844 -0.3352
vn -0.5360 -0.7694 -0.3474
vn -0.6344 -0.5878 -0.5021
vn -0.2078 -0.9713 -0.1162
vn 0.2309 -0.9706 0.0675
vn 0.1607 -0.9856 0.0522
vn 0.4920 -0.8247 0.2790
vn 0.5212 0.7850 0.3348
vn 0.5356 0.7698 0.3471
vn 0.6341 0.5861 0.5043
vn 0.2078 0.9713 0.1162
vn -0.2340 0.9698 -0.0685
vn -0.1721 0.9835 -0.0557
vn -0.4946 0.8244 -0.2751
vn 0.4905 -0.0004 -0.8714
vn 0.4677 -0.0020 -0.8839
vn -0.0239 0.0302 0.9993
vn 0.4881 -0.0000 -0.8728
vn -0.9110 0.2417 -0.3341
vn -0.4881 -0.0000 0.8728
vn -0.8495 0.0749 0.5222
vn 0.4752 0.0028 -0.8799
vn 0.5629 -0.0134 -0.8264
vn -0.5276 0.0088 0.8494
vn 0.5004 0.0034 -0.8658
vn 0.9768 -0.1998 -0.0767
vn -0.0466 -0.0646 0.9968
vn -0.8628 -0.1151 0.4923
vn -0.3766 -0.0243 0.9260
vn 0.5156 -0.0062 -0.8568
vn 0.4475 -0.7921 -0.4152
vn 0.2899 -0.8005 -0.5245
vn -0.1325 -0.8478 -0.5134
vn 0.5082 -0.8293 -0.2323
vn 0.4853 -0.8509 -0.2012
vn 0.2163 -0.8966 -0.3865
vn 0.3564 -0.9336 -0.0375
vn -0.4611 0.7925 0.3993
vn -0.2968 0.8002 0.5211
vn 0.1245 0.8484 0.5145
vn -0.5095 0.8291 0.2303
vn -0.4935 0.8482 0.1925
vn -0.2253 0.8947 0.3858
vn -0.3626 0.9313 0.0354
vn 0.8812 0.4465 -0.1552
vn 0.9145 0.2619 -0.3083
vn -0.0191 -0.3295 0.9440
vn 0.9051 0.3907 -0.1678
vn -0.8463 0.2441 -0.4734
vn -0.8550 -0.4692 0.2209
vn -0.8513 -0.1854 -0.4909
vn 0.6989 0.1255 -0.7041
vn 0.8025 0.4503 -0.3914
vn -0.9197 -0.0215 0.3920
vn 0.9144 0.3383 -0.2223
vn 0.9703 0.1195 -0.2101
vn 0.0009 -0.3557 0.9346
vn -0.8530 -0.0150 -0.5217
vn -0.5968 -0.3079 0.7409
vn 0.7849 0.3030 -0.5404
vn -0.9038 -0.3965 0.1611
vn 0.8718 0.4482 -0.1976
vn -0.4677 0.7955 0.3852
vn 0.4835 -0.7984 -0.3589
vn -0.3128 -0.8303 -0.4613
vn -0.2949 -0.8886 -0.3512
vn -0.3284 -0.9220 -0.2052
vn 0.0051 -0.7650 -0.6440
vn 0.1137 -0.7382 -0.6649
vn 0.1484 -0.7858 -0.6004
vn 0.4511 -0.7410 -0.4974
vn 0.3128 0.8294 0.4628
vn 0.2939 0.8884 0.3527
vn 0.3278 0.9215 0.2084
vn -0.0031 0.7661 0.6427
vn -0.1101 0.7396 0.6639
vn -0.1544 0.7830 0.6026
vn -0.4488 0.7420 0.4980
vn -0.5603 0.6150 -0.5548
vn -0.0450 0.4586 -0.8875
vn 0.8257 -0.4704 0.3113
vn -0.3886 0.6407 -0.6622
vn -0.9523 0.1787 0.2472
vn 0.4995 -0.6663 0.5536
vn -0.2159 -0.3469 0.9127
vn 0.1262 0.2319 -0.9645
vn -0.6111 0.5736 -0.5456
vn -0.4058 -0.1442 0.9025
vn -0.2234 0.5547 -0.8015
vn -0.4062 0.1937 -0.8930
vn 0.9108 -0.3815 -0.1576
vn -0.6056 -0.1809 0.7749
vn 0.8564 -0.3736 0.3565
vn -0.8007 0.3925 -0.4526
vn 0.3712 -0.6509 0.6623
vn -0.4949 0.6557 -0.5702
vn 0.2500 0.8025 0.5418
vn -0.2524 -0.8026 -0.5405
vn -0.6539 -0.7563 -0.0200
vn -0.5863 -0.8088 0.0455
vn -0.2680 -0.9313 0.2466
vn -0.5366 -0.6150 -0.5777
vn -0.4446 -0.5829 -0.6801
vn -0.3372 -0.6035 -0.7225
vn -0.1098 -0.5704 -0.8140
vn 0.6553 0.7550 0.0228
vn 0.5888 0.8072 -0.0431
vn 0.2743 0.9305 -0.2427
vn 0.5365 0.6165 0.5762
vn 0.4456 0.5846 0.6779
vn 0.3395 0.6038 0.7212
vn 0.1105 0.5702 0.8140
vn -0.8268 0.5569 -0.0789
vn -0.6110 0.4741 -0.6340
vn 0.8620 -0.4019 -0.3089
vn -0.7507 0.5954 -0.2863
vn -0.4825 -0.0016 0.8759
vn 0.7698 -0.6072 0.1967
vn 0.4556 -0.4002 0.7952
vn -0.4992 0.3105 -0.8089
vn -0.8649 0.4997 0.0481
vn 0.3544 -0.2796 0.8923
vn -0.7108 0.5434 -0.4466
vn -0.9290 0.2331 -0.2874
vn 0.5749 -0.2176 -0.7888
vn 0.1631 -0.3243 0.9318
vn 0.8796 -0.2655 -0.3946
vn -0.9356 0.3258 0.1364
vn 0.7427 -0.6019 0.2935
vn -0.7769 0.6005 -0.1893
vn 0.6710 0.7223 0.1676
vn -0.6710 -0.7229 -0.1647
vn -0.3971 -0.8539 0.3364
vn -0.3038 -0.9009 0.3100
vn 0.0480 -0.9874 0.1505
vn -0.7777 -0.6267 -0.0488
vn -0.8058 -0.5663 -0.1734
vn -0.7760 -0.5618 -0.2867
vn -0.7149 -0.4770 -0.5112
vn 0.4002 0.8525 -0.3362
vn 0.3072 0.8994 -0.3109
vn -0.0412 0.9873 -0.1534
vn 0.7764 0.6284 0.0483
vn 0.8046 0.5684 0.1717
vn 0.7763 0.5626 0.2843
vn 0.7153 0.4770 0.5106
vn -0.5594 0.4036 0.7240
vn -0.8772 0.4296 0.2142
vn 0.2667 -0.1987 -0.9431
vn -0.6815 0.4802 0.5522
vn 0.4172 -0.2005 0.8864
vn 0.6208 -0.4774 -0.6218
vn 0.9140 -0.4052 0.0174
vn -0.9502 0.3115 -0.0107
vn -0.4792 0.3254 0.8151
vn 0.9309 -0.3182 0.1794
vn -0.7863 0.4563 0.4165
vn -0.7848 0.0946 0.6124
vn -0.2916 -0.0122 -0.9565
vn 0.8497 -0.4007 0.3427
vn 0.2070 -0.0520 -0.9770
vn -0.4485 0.1321 0.8840
vn 0.6826 -0.4890 -0.5431
vn -0.6190 0.4687 0.6302
vn 0.5264 0.8057 -0.2715
vn -0.5240 -0.8067 0.2731
vn -0.0091 -0.9381 0.3463
vn 0.0363 -0.9668 0.2529
vn 0.1620 -0.9792 -0.1223
vn -0.5547 -0.7284 0.4022
vn -0.6660 -0.6588 0.3499
vn -0.7285 -0.6365 0.2532
vn -0.8521 -0.5180 0.0746
vn 0.0114 0.9372 -0.3486
vn -0.0346 0.9660 -0.2562
vn -0.1594 0.9804 0.1154
vn 0.5534 0.7298 -0.4013
vn 0.6640 0.6609 -0.3498
vn 0.7269 0.6377 -0.2548
vn 0.8520 0.5181 -0.0753
vn 0.1383 0.2256 0.9643
vn -0.4514 0.2621 0.8529
vn -0.5022 -0.0437 -0.8636
vn -0.0720 0.3022 0.9505
vn 0.9358 -0.2377 0.2604
vn -0.0203 -0.3006 -0.9535
vn 0.6452 -0.2597 -0.7186
vn -0.6641 0.1596 0.7304
vn 0.2611 0.1505 0.9535
vn 0.7738 -0.1891 -0.6046
vn -0.2422 0.2786 0.9294
vn -0.0911 -0.0991 0.9909
vn -0.8971 0.0553 -0.4383
vn 0.8386 -0.3032 -0.4527
vn -0.5707 0.0951 -0.8157
vn 0.3362 -0.0425 0.9408
vn 0.0796 -0.3117 -0.9468
vn 0.0278 0.2913 0.9562
vn 0.1457 0.9030 -0.4041
vn -0.1430 -0.9038 0.4033
vn 0.2649 -0.9624 0.0598
vn 0.2283 -0.9727 -0.0411
vn 0.0406 -0.9217 -0.3858
vn -0.0712 -0.8468 0.5272
vn -0.1868 -0.7894 0.5848
vn -0.3005 -0.7658 0.5685
vn -0.5173 -0.6482 0.5587
vn -0.2650 0.9622 -0.0632
vn -0.2296 0.9726 0.0374
vn -0.0438 0.9241 0.3796
vn 0.0710 0.8479 -0.5254
vn 0.1854 0.7911 -0.5829
vn 0.2982 0.7669 -0.5683
vn 0.5168 0.6482 -0.5592
vn 0.7940 0.1297 0.5939
vn 0.3090 0.0882 0.9470
vn -0.9727 -0.0187 -0.2315
vn 0.6387 0.1743 0.7495
vn 0.8346 -0.1173 -0.5382
vn -0.7040 -0.1865 -0.6853
vn -0.0786 -0.0719 -0.9943
vn 0.0749 -0.0331 0.9966
vn 0.8714 0.0761 0.4846
vn 0.0920 0.0063 -0.9957
vn 0.5074 0.1274 0.8522
vn 0.6630 -0.2272 0.7134
vn -0.9340 -0.0318 0.3559
vn 0.2485 -0.1161 -0.9617
vn -0.9871 0.1014 -0.1237
vn 0.9173 -0.1004 0.3855
vn -0.6307 -0.1828 -0.7542
vn 0.7113 0.1782 0.6800
vn -0.2131 0.9557 -0.2030
vn 0.2144 -0.9560 0.2003
vn 0.1149 -0.8264 -0.5512
vn 0.0210 -0.8458 -0.5331
vn -0.4186 -0.7503 -0.5117
vn 0.3150 -0.9487 0.0262
vn 0.3009 -0.9388 0.1679
vn 0.2178 -0.9591 0.1808
vn 0.0808 -0.9737 0.2130
vn -0.1210 0.8274 0.5485
vn -0.0284 0.8466 0.5314
vn 0.3991 0.7541 0.5216
vn -0.3165 0.9482 -0.0292
vn -0.3029 0.9377 -0.1703
vn -0.2220 0.9574 -0.1849
vn -0.0845 0.9725 -0.2170
vn 0.9816 0.1342 -0.1360
vn 0.8958 -0.0052 0.4445
vn -0.8505 -0.1337 0.5087
vn 0.9850 0.1290 0.1144
vn 0.1203 0.0951 -0.9882
vn -0.9866 -0.1629 -0.0126
vn -0.8132 0.0593 -0.5790
vn 0.7854 -0.1477 0.6011
vn 0.9501 0.1159 -0.2896
vn -0.6828 0.1478 -0.7155
vn 0.9632 0.0632 0.2613
vn 0.9743 -0.2012 -0.1013
vn -0.3576 -0.2137 0.9091
vn -0.5737 0.0601 -0.8169
vn -0.7389 -0.0424 0.6725
vn 0.8892 -0.0145 -0.4572
vn -0.9825 -0.1419 -0.1205
vn 0.9887 0.1497 0.0064
vn -0.2057 0.8805 0.4272
vn 0.2013 -0.8797 -0.4309
vn 0.0595 -0.8963 -0.4394
vn 0.0759 -0.8875 -0.4546
vn 0.2811 -0.7761 -0.5644
vn -0.3800 -0.8696 0.3153
vn -0.3707 -0.8953 0.2472
vn -0.5329 -0.6371 0.5569
vn -0.0589 0.8967 0.4388
vn -0.0754 0.8877 0.4542
vn -0.2838 0.7753 0.5643
vn 0.3808 0.8682 -0.3182
vn 0.3733 0.8911 -0.2582
vn 0.5289 0.6382 -0.5594
vn 0.8248 -0.2375 0.5131
vn 0.8360 -0.2453 0.4909
vn -0.9347 0.3511 -0.0549
vn 0.8262 -0.2378 0.5107
vn 0.3911 0.0270 -0.9200
vn -0.8262 0.2378 -0.5107
vn -0.4713 0.1603 -0.8673
vn 0.8319 -0.2418 0.4995
vn 0.7782 -0.2283 0.5851
vn -0.8000 0.2369 -0.5513
vn 0.8208 -0.2312 0.5224
vn 0.0098 -0.1208 0.9926
vn -0.9634 0.2590 -0.0688
vn -0.5051 -0.0295 -0.8626
vn -0.8842 0.2428 -0.3991
vn 0.8092 -0.2359 0.5382
vn 0.1751 -0.9820 0.0704
vn 0.1954 -0.9773 0.0824
vn 0.3750 -0.8934 0.2474
vn -0.6213 -0.7553 -0.2086
vn -0.5627 -0.7995 -0.2102
vn -0.8172 -0.4691 -0.3349
vn -0.1742 0.9822 -0.0700
vn -0.1948 0.9774 -0.0821
vn -0.3758 0.8924 -0.2500
vn 0.6238 0.7532 0.2089
vn 0.5724 0.7923 0.2111
vn 0.8188 0.4694 0.3304
vn -0.3596 -0.0344 0.9325
vn -0.3385 -0.0478 0.9398
vn -0.0616 0.2727 -0.9601
vn -0.3571 -0.0353 0.9334
vn 0.9535 -0.2321 0.1920
vn 0.3571 0.0353 -0.9334
vn 0.7485 -0.1265 -0.6510
vn -0.3441 -0.0400 0.9381
vn -0.4347 -0.0066 0.9005
vn 0.3988 0.0220 -0.9168
vn -0.3674 -0.0257 0.9297
vn -0.9584 0.1784 0.2226
vn -0.0806 0.1792 -0.9805
vn 0.6838 -0.3079 -0.6615
vn 0.2412 0.0702 -0.9679
vn -0.3861 -0.0262 0.9221
vn -0.4408 -0.8688 0.2255
vn -0.4531 -0.8577 0.2429
vn -0.6022 -0.7005 0.3828
vn 0.0160 -0.8545 -0.5193
vn -0.0070 -0.8887 -0.4585
vn 0.2622 -0.6562 -0.7076
vn 0.4403 0.8693 -0.2247
vn 0.4528 0.8581 -0.2423
vn 0.6044 0.6986 -0.3830
vn -0.0173 0.8529 0.5218
vn 0.0022 0.8835 0.4684
vn -0.2585 0.6550 0.7100
vn -0.8189 0.2379 -0.5223
vn -0.8336 0.2306 -0.5020
vn 0.9920 -0.0793 0.0983
vn -0.8204 0.2377 -0.5200
vn -0.4008 -0.0244 0.9158
vn 0.8204 -0.2377 0.5200
vn 0.4440 -0.2424 0.8626
vn -0.8290 0.2405 -0.5049
vn -0.7684 0.2433 -0.5920
vn 0.7947 -0.2416 0.5569
vn -0.8121 0.2440 -0.5300
vn 0.0009 0.1186 -0.9929
vn 0.9803 -0.1757 0.0897
vn 0.3988 -0.4234 0.8134
vn 0.8820 -0.2318 0.4103
vn -0.8025 0.2386 -0.5469
vt 0.583917 0.041324
vt 0.580370 0.064726
vt 0.526163 0.052257
vt 0.526848 0.022691
vt 0.576451 0.099402
vt 0.527323 0.071092
vt 0.521038 0.022691
vt 0.520095 0.052247
vt 0.465607 0.058198
vt 0.455326 0.033984
vt 0.521091 0.071095
vt 0.472503 0.093407
vt 0.195898 0.153100
vt 0.135796 0.119667
vt 0.193574 0.048802
vt 0.236559 0.130941
vt 0.653236 0.103299
vt 0.644378 0.118286
vt 0.629336 0.140568
vt 0.613045 0.167575
vt 0.576622 0.150604
vt 0.533043 0.145326
vt 0.526163 0.145394
vt 0.483979 0.145307
vt 0.448024 0.157223
vt 0.420930 0.127228
vt 0.403535 0.103030
vt 0.387622 0.087084
vt 0.803032 0.125483
vt 0.802932 0.036015
vt 0.863997 0.090246
vt 0.837537 0.136891
vt 0.765251 0.124969
vt 0.736254 0.022691
vt 0.237500 0.022691
vt 0.277251 0.119858
vt 0.330243 0.176650
vt 0.354623 0.178809
vt 0.336520 0.271981
vt 0.314775 0.271859
vt 0.383186 0.187312
vt 0.368251 0.273493
vt 0.912712 0.180514
vt 0.854194 0.189474
vt 0.433310 0.197414
vt 0.424368 0.274857
vt 0.924801 0.276073
vt 0.862978 0.286300
vt 0.736254 0.296023
vt 0.722072 0.293935
vt 0.700406 0.201695
vt 0.717456 0.201543
vt 0.690729 0.291705
vt 0.673092 0.206723
vt 0.639419 0.286743
vt 0.629903 0.210072
vt 0.193513 0.208086
vt 0.083662 0.225954
vt 0.193040 0.305753
vt 0.075199 0.322483
vt 0.817339 0.200044
vt 0.823198 0.293179
vt 0.784486 0.296668
vt 0.778955 0.208966
vt 0.299868 0.201156
vt 0.314775 0.287339
vt 0.267274 0.295554
vt 0.254397 0.203693
vt 0.476692 0.277165
vt 0.479501 0.194236
vt 0.525253 0.197132
vt 0.523317 0.280827
vt 0.531380 0.280786
vt 0.532585 0.197072
vt 0.581259 0.200174
vt 0.584278 0.283641
vt 0.587447 0.536221
vt 0.526163 0.547121
vt 0.529475 0.516622
vt 0.583723 0.509814
vt 0.530301 0.477737
vt 0.579804 0.473178
vt 0.515777 0.547085
vt 0.454537 0.529019
vt 0.464897 0.503597
vt 0.519355 0.516628
vt 0.471906 0.467952
vt 0.520520 0.477755
vt 0.221412 0.448749
vt 0.264851 0.456092
vt 0.236476 0.541858
vt 0.168216 0.496367
vt 0.656076 0.481387
vt 0.647457 0.462924
vt 0.632660 0.437652
vt 0.579956 0.416583
vt 0.618470 0.404272
vt 0.535416 0.417268
vt 0.483553 0.412462
vt 0.526163 0.417350
vt 0.420451 0.427807
vt 0.447642 0.396539
vt 0.402981 0.450894
vt 0.387017 0.467103
vt 0.796163 0.452691
vt 0.831270 0.435425
vt 0.856010 0.470694
vt 0.792528 0.531609
vt 0.758252 0.458337
vt 0.736254 0.548792
vt 0.306117 0.451601
vt 0.294011 0.544591
vt 0.329937 0.369061
vt 0.354322 0.367834
vt 0.382907 0.362025
vt 0.850111 0.383944
vt 0.908668 0.373142
vt 0.433061 0.353764
vt 0.718790 0.388630
vt 0.701812 0.384306
vt 0.674879 0.375196
vt 0.632472 0.362487
vt 0.210168 0.399564
vt 0.099880 0.412346
vt 0.813480 0.383841
vt 0.775341 0.381124
vt 0.314775 0.372474
vt 0.270269 0.386098
vt 0.525301 0.364607
vt 0.479234 0.362076
vt 0.583748 0.366596
vt 0.534094 0.364537
vt 0.843823 0.955585
vt 0.841960 0.957319
vt 0.838745 0.955915
vt 0.842059 0.952819
vt 0.722199 0.785166
vt 0.719670 0.785042
vt 0.718611 0.780774
vt 0.723197 0.781001
vt 0.766914 0.838505
vt 0.764423 0.838951
vt 0.762824 0.834732
vt 0.767262 0.833941
vt 0.730168 0.786433
vt 0.727964 0.785930
vt 0.728304 0.781678
vt 0.732303 0.782589
vt 0.814617 0.820436
vt 0.812234 0.819766
vt 0.811103 0.816260
vt 0.815427 0.817474
vt 0.775109 0.838951
vt 0.772705 0.838505
vt 0.772452 0.833941
vt 0.776736 0.834732
vt 0.839185 0.962986
vt 0.838702 0.966042
vt 0.835392 0.966434
vt 0.836257 0.960994
vt 0.839852 0.968582
vt 0.837482 0.971032
vt 0.841000 0.974400
vt 0.843823 0.972383
vt 0.890743 0.951723
vt 0.889875 0.933336
vt 0.892787 0.932987
vt 0.895014 0.951210
vt 0.885554 0.951723
vt 0.886337 0.933336
vt 0.723474 0.764407
vt 0.726601 0.764561
vt 0.730083 0.765023
vt 0.732809 0.765644
vt 0.767792 0.818176
vt 0.771331 0.818176
vt 0.764766 0.818715
vt 0.823085 0.800342
vt 0.824882 0.818567
vt 0.820567 0.818334
vt 0.820143 0.800184
vt 0.816638 0.799597
vt 0.881105 0.951210
vt 0.883304 0.932987
vt 0.774252 0.818715
vt 0.813690 0.798769
vt 0.722279 0.759502
vt 0.726619 0.759717
vt 0.731453 0.760358
vt 0.772053 0.813123
vt 0.776107 0.813871
vt 0.762941 0.813871
vt 0.767141 0.813123
vt 0.849226 0.983936
vt 0.850018 0.980051
vt 0.853665 0.979816
vt 0.852566 0.985208
vt 0.849690 0.976298
vt 0.853210 0.974606
vt 0.735237 0.761219
vt 0.816508 0.795884
vt 0.821372 0.796698
vt 0.847568 0.986711
vt 0.850264 0.989060
vt 0.847568 0.973765
vt 0.850264 0.971090
vt 0.812416 0.794735
vt 0.943316 0.930236
vt 0.938405 0.930236
vt 0.939328 0.912563
vt 0.942422 0.912563
vt 0.934195 0.929750
vt 0.936673 0.912642
vt 0.731050 0.746210
vt 0.733229 0.747635
vt 0.819326 0.780915
vt 0.822359 0.780350
vt 0.947358 0.929750
vt 0.944969 0.912642
vt 0.825456 0.796919
vt 0.824905 0.779584
vt 0.816775 0.781096
vt 0.767711 0.802122
vt 0.770807 0.802122
vt 0.725720 0.743740
vt 0.728249 0.744757
vt 0.773359 0.802219
vt 0.765061 0.802219
vt 0.932031 0.980535
vt 0.931710 0.983719
vt 0.928373 0.983739
vt 0.928856 0.978945
vt 0.932485 0.987009
vt 0.934109 0.989355
vt 0.931986 0.992228
vt 0.929540 0.988694
vt 0.767036 0.798466
vt 0.771698 0.798466
vt 0.725236 0.739211
vt 0.729044 0.740742
vt 0.733263 0.742931
vt 0.775542 0.798612
vt 0.763045 0.798612
vt 0.938670 0.908915
vt 0.943331 0.908915
vt 0.934109 0.978379
vt 0.931986 0.975698
vt 0.736544 0.745077
vt 0.947166 0.909033
vt 0.750987 0.982463
vt 0.747015 0.981022
vt 0.750857 0.967304
vt 0.753058 0.967916
vt 0.939912 0.898811
vt 0.942404 0.898811
vt 0.934672 0.909033
vt 0.937778 0.898374
vt 0.728609 0.727647
vt 0.730516 0.727598
vt 0.946355 0.725569
vt 0.942601 0.728741
vt 0.943189 0.711486
vt 0.945647 0.711111
vt 0.944458 0.898374
vt 0.949338 0.722513
vt 0.947620 0.710587
vt 0.939274 0.731014
vt 0.941032 0.711591
vt 0.755438 0.982061
vt 0.755438 0.967701
vt 0.723983 0.728277
vt 0.726172 0.727900
vt 0.770028 0.785060
vt 0.772089 0.785617
vt 0.971966 0.988486
vt 0.972996 0.986506
vt 0.977391 0.988112
vt 0.975788 0.991192
vt 0.973284 0.981104
vt 0.971966 0.979337
vt 0.975788 0.976955
vt 0.977839 0.979704
vt 0.939274 0.707184
vt 0.942630 0.707019
vt 0.767535 0.785060
vt 0.766805 0.779462
vt 0.770685 0.779462
vt 0.721609 0.722993
vt 0.725016 0.722406
vt 0.728809 0.722012
vt 0.773893 0.780329
vt 0.765407 0.785617
vt 0.763494 0.780329
vt 0.973488 0.983752
vt 0.978156 0.983826
vt 0.731777 0.721936
vt 0.946455 0.706436
vt 0.945354 0.692060
vt 0.947466 0.691738
vt 0.746940 0.976684
vt 0.743743 0.977364
vt 0.743160 0.965021
vt 0.744927 0.964645
vt 0.949526 0.705620
vt 0.949162 0.691288
vt 0.943499 0.692151
vt 0.943840 0.829845
vt 0.940126 0.829845
vt 0.941799 0.816528
vt 0.943851 0.816528
vt 0.718721 0.709755
vt 0.720603 0.709431
vt 0.722698 0.709213
vt 0.946729 0.828586
vt 0.945447 0.815832
vt 0.936773 0.828586
vt 0.939947 0.815832
vt 0.739864 0.977364
vt 0.741018 0.965021
vt 0.736544 0.976684
vt 0.739184 0.964645
vt 0.724337 0.709171
vt 0.722887 0.706703
vt 0.725460 0.706637
vt 0.774358 0.980828
vt 0.773008 0.979658
vt 0.774821 0.977661
vt 0.776941 0.979498
vt 0.773008 0.988531
vt 0.774167 0.987074
vt 0.776641 0.989304
vt 0.774820 0.991591
vt 0.775207 0.982584
vt 0.778274 0.982254
vt 0.751632 0.992369
vt 0.752502 0.991409
vt 0.754830 0.992929
vt 0.753464 0.994438
vt 0.752636 0.989280
vt 0.752311 0.986793
vt 0.754532 0.985682
vt 0.755041 0.989587
vt 0.716643 0.707554
vt 0.719597 0.707045
vt 0.751632 0.984743
vt 0.753464 0.982463
vt 0.774988 0.984855
vt 0.777929 0.985820
vt 0.716636 0.691424
vt 0.717741 0.691288
vt 0.940447 0.975766
vt 0.937107 0.975979
vt 0.940521 0.958752
vt 0.941973 0.958787
vt 0.791012 0.977361
vt 0.788238 0.977951
vt 0.787594 0.963298
vt 0.788805 0.963002
vt 0.943147 0.975294
vt 0.943147 0.958689
vt 0.934195 0.975866
vt 0.939255 0.958595
vt 0.914411 0.976129
vt 0.911250 0.976860
vt 0.910899 0.961884
vt 0.912277 0.961565
vt 0.713952 0.692030
vt 0.715223 0.691701
vt 0.916689 0.974489
vt 0.913270 0.960877
vt 0.908217 0.976448
vt 0.909574 0.961732
vt 0.784875 0.977951
vt 0.786127 0.963298
vt 0.781995 0.977361
vt 0.784872 0.963002
vt 0.868977 0.769960
vt 0.868977 0.763162
vt 0.887106 0.759743
vt 0.887106 0.773158
vt 0.868730 0.760348
vt 0.886620 0.754189
vt 0.780822 0.855195
vt 0.776076 0.854315
vt 0.986769 0.816937
vt 0.989403 0.816704
vt 0.989403 0.831532
vt 0.984205 0.831993
vt 0.820419 0.821408
vt 0.822798 0.821535
vt 0.825456 0.843194
vt 0.820761 0.842943
vt 0.809311 0.841026
vt 0.804606 0.839703
vt 0.718943 0.803414
vt 0.713952 0.803169
vt 0.868730 0.772892
vt 0.886620 0.778944
vt 0.730320 0.804922
vt 0.764648 0.854315
vt 0.734670 0.805915
vt 0.782327 0.918518
vt 0.783995 0.912705
vt 0.787354 0.913882
vt 0.786005 0.918584
vt 0.732109 0.809474
vt 0.728591 0.808671
vt 0.790829 0.932582
vt 0.783972 0.923856
vt 0.787335 0.922901
vt 0.792881 0.929959
vt 0.790761 0.902541
vt 0.794813 0.899762
vt 0.796104 0.903413
vt 0.792826 0.905661
vt 0.794813 0.934407
vt 0.796104 0.931435
vt 0.719389 0.807451
vt 0.715352 0.807253
vt 0.778770 0.859294
vt 0.774932 0.858582
vt 0.759732 0.855195
vt 0.765689 0.858582
vt 0.761713 0.859294
vt 0.908694 0.960828
vt 0.910193 0.960653
vt 0.911975 0.960241
vt 0.913350 0.959752
vt 0.908217 0.959621
vt 0.909593 0.959133
vt 0.911374 0.958721
vt 0.912873 0.958545
vt 0.908297 0.958496
vt 0.909290 0.957808
vt 0.910668 0.957490
vt 0.911993 0.957642
vt 0.161395 0.855682
vt 0.162294 0.869411
vt 0.155686 0.869484
vt 0.158835 0.855817
vt 0.162392 0.844793
vt 0.166684 0.846605
vt 0.175166 0.955158
vt 0.171470 0.977228
vt 0.168771 0.979141
vt 0.168771 0.953118
vt 0.162073 0.886948
vt 0.155460 0.887504
vt 0.160145 0.897653
vt 0.157659 0.898553
vt 0.166684 0.909986
vt 0.160730 0.911920
vt 0.251495 0.946758
vt 0.250384 0.965254
vt 0.242714 0.967757
vt 0.242714 0.947701
vt 0.149130 0.855675
vt 0.151650 0.855778
vt 0.155035 0.869422
vt 0.148567 0.869439
vt 0.143743 0.846662
vt 0.147901 0.844793
vt 0.155460 0.950645
vt 0.161982 0.949628
vt 0.159588 0.976647
vt 0.157108 0.974215
vt 0.155460 0.887931
vt 0.148981 0.887471
vt 0.153251 0.899107
vt 0.150806 0.898188
vt 0.150241 0.911939
vt 0.144417 0.910080
vt 0.276179 0.945497
vt 0.284942 0.946274
vt 0.284800 0.966754
vt 0.277119 0.964525
vt 0.185838 0.726849
vt 0.188623 0.712876
vt 0.189343 0.712734
vt 0.186563 0.726724
vt 0.184945 0.684041
vt 0.181402 0.670938
vt 0.182109 0.670780
vt 0.185601 0.683313
vt 0.143743 0.910003
vt 0.150144 0.897584
vt 0.188063 0.694839
vt 0.188767 0.694206
vt 0.284800 0.968245
vt 0.277119 0.965883
vt 0.140073 0.840319
vt 0.140073 0.822741
vt 0.140838 0.822877
vt 0.140838 0.840955
vt 0.132609 0.808404
vt 0.132845 0.799300
vt 0.133618 0.799414
vt 0.133379 0.808523
vt 0.168771 0.651500
vt 0.169632 0.651500
vt 0.183644 0.738082
vt 0.184372 0.737962
vt 0.168074 0.843558
vt 0.168059 0.819062
vt 0.168737 0.818650
vt 0.168737 0.842971
vt 0.159588 0.977717
vt 0.157108 0.975314
vt 0.133107 0.850517
vt 0.133835 0.851190
vt 0.115319 0.766583
vt 0.115974 0.766579
vt 0.172405 0.766790
vt 0.173040 0.766790
vt 0.262108 0.689478
vt 0.257143 0.686665
vt 0.266444 0.684512
vt 0.265974 0.688976
vt 0.266373 0.693661
vt 0.257368 0.694525
vt 0.267678 0.712489
vt 0.266549 0.720849
vt 0.257349 0.681546
vt 0.257896 0.676692
vt 0.267369 0.674530
vt 0.266800 0.679379
vt 0.264212 0.671714
vt 0.267620 0.670805
vt 0.259797 0.668506
vt 0.267678 0.666280
vt 0.258045 0.652744
vt 0.259825 0.651500
vt 0.262627 0.798211
vt 0.258761 0.797741
vt 0.258321 0.793360
vt 0.267664 0.795493
vt 0.267334 0.803206
vt 0.258310 0.802421
vt 0.257960 0.829602
vt 0.256874 0.821299
vt 0.267436 0.790349
vt 0.257946 0.788251
vt 0.257356 0.783475
vt 0.266825 0.785554
vt 0.257044 0.779807
vt 0.260419 0.780683
vt 0.256874 0.775341
vt 0.264715 0.777465
vt 0.264502 0.760612
vt 0.266249 0.761821
vt 0.207282 0.864642
vt 0.205787 0.861189
vt 0.206606 0.860736
vt 0.208142 0.864141
vt 0.198545 0.850752
vt 0.196646 0.847056
vt 0.197571 0.846854
vt 0.199498 0.850441
vt 0.208005 0.941660
vt 0.205583 0.937178
vt 0.206528 0.936899
vt 0.208874 0.941343
vt 0.203635 0.857164
vt 0.200583 0.853620
vt 0.201542 0.853233
vt 0.204566 0.856717
vt 0.216604 0.766561
vt 0.216604 0.763217
vt 0.217671 0.763216
vt 0.217671 0.766561
vt 0.266040 0.954047
vt 0.266205 0.949274
vt 0.267089 0.949267
vt 0.267078 0.953998
vt 0.318546 0.694391
vt 0.318546 0.702146
vt 0.317614 0.702086
vt 0.317614 0.694382
vt 0.187704 0.830640
vt 0.188428 0.830640
vt 0.208027 0.868883
vt 0.208913 0.868413
vt 0.205583 0.959257
vt 0.206258 0.958834
vt 0.294895 0.969687
vt 0.294895 0.962518
vt 0.295934 0.962728
vt 0.295934 0.969896
vt 0.265670 0.943966
vt 0.266635 0.943990
vt 0.218162 0.958739
vt 0.218149 0.968447
vt 0.217132 0.968557
vt 0.217132 0.958751
vt 0.085813 0.795805
vt 0.085813 0.767441
vt 0.086693 0.767725
vt 0.086685 0.796267
vt 0.205954 0.886371
vt 0.206790 0.886060
vt 0.265670 0.958460
vt 0.266675 0.958348
vt 0.100254 0.793036
vt 0.109454 0.797953
vt 0.096886 0.798302
vt 0.095801 0.793482
vt 0.094482 0.789166
vt 0.104801 0.787424
vt 0.086779 0.776720
vt 0.088195 0.766764
vt 0.110259 0.805015
vt 0.109765 0.812836
vt 0.097217 0.812030
vt 0.097697 0.804389
vt 0.100658 0.818209
vt 0.096077 0.817469
vt 0.104618 0.825297
vt 0.093781 0.824152
vt 0.090202 0.845995
vt 0.086779 0.845739
vt 0.153879 0.791787
vt 0.158323 0.792217
vt 0.157195 0.796990
vt 0.144586 0.796675
vt 0.149363 0.786225
vt 0.159675 0.787967
vt 0.166203 0.766075
vt 0.167671 0.775904
vt 0.143743 0.803715
vt 0.156348 0.803051
vt 0.156896 0.810681
vt 0.144328 0.811516
vt 0.158101 0.816120
vt 0.153522 0.816872
vt 0.160440 0.822883
vt 0.149614 0.824024
vt 0.167671 0.844591
vt 0.164271 0.844793
vt 0.111279 0.804406
vt 0.111418 0.810360
vt 0.110431 0.810528
vt 0.110259 0.804523
vt 0.069737 0.964951
vt 0.069450 0.958879
vt 0.070287 0.959208
vt 0.070607 0.965377
vt 0.285000 0.968179
vt 0.284942 0.959154
vt 0.285937 0.958830
vt 0.285937 0.967885
vt 0.111902 0.817144
vt 0.114284 0.822896
vt 0.113293 0.823101
vt 0.110961 0.817371
vt 0.216604 0.763241
vt 0.216604 0.766582
vt 0.215440 0.766557
vt 0.215440 0.763216
vt 0.085720 0.883483
vt 0.085021 0.876290
vt 0.085995 0.876222
vt 0.086677 0.883484
vt 0.309698 0.873708
vt 0.309697 0.881828
vt 0.308763 0.881935
vt 0.308763 0.873872
vt 0.063675 0.940254
vt 0.064465 0.940254
vt 0.111448 0.798534
vt 0.110414 0.798599
vt 0.054894 0.794206
vt 0.054894 0.768130
vt 0.055634 0.767573
vt 0.055699 0.793946
vt 0.069046 0.969303
vt 0.069899 0.969806
vt 0.114284 0.766877
vt 0.113440 0.777022
vt 0.112280 0.776909
vt 0.113123 0.766764
vt 0.085684 0.865063
vt 0.086677 0.864873
vt 0.226880 0.956559
vt 0.226880 0.968469
vt 0.225998 0.968954
vt 0.225988 0.956975
vt 0.274783 0.945580
vt 0.274643 0.908637
vt 0.275803 0.908552
vt 0.275803 0.945746
vt 0.085564 0.890006
vt 0.086547 0.889955
vt 0.259187 0.730437
vt 0.252995 0.726569
vt 0.263474 0.726316
vt 0.263309 0.730213
vt 0.263606 0.734142
vt 0.254009 0.734138
vt 0.264243 0.751941
vt 0.262789 0.757993
vt 0.108556 0.898624
vt 0.110585 0.904101
vt 0.102472 0.906518
vt 0.100663 0.900954
vt 0.106248 0.910226
vt 0.103278 0.911154
vt 0.110883 0.915131
vt 0.103277 0.917396
vt 0.103322 0.942910
vt 0.100663 0.944087
vt 0.209345 0.736565
vt 0.205240 0.736347
vt 0.205003 0.732391
vt 0.215440 0.732599
vt 0.214611 0.740328
vt 0.204977 0.740323
vt 0.205875 0.764339
vt 0.204113 0.758132
vt 0.058056 0.894921
vt 0.066024 0.897149
vt 0.064215 0.902647
vt 0.056042 0.900327
vt 0.063406 0.907245
vt 0.060428 0.906349
vt 0.063400 0.913459
vt 0.055765 0.911258
vt 0.066024 0.940254
vt 0.063376 0.939044
vt 0.223412 0.699485
vt 0.223996 0.695047
vt 0.224879 0.695233
vt 0.224328 0.699669
vt 0.221176 0.678073
vt 0.219136 0.672110
vt 0.220092 0.672192
vt 0.222094 0.678188
vt 0.053172 0.821600
vt 0.054792 0.814854
vt 0.055566 0.814298
vt 0.053969 0.821086
vt 0.224530 0.689338
vt 0.222696 0.682972
vt 0.223582 0.683114
vt 0.225372 0.689515
vt 0.218736 0.766561
vt 0.218736 0.763217
vt 0.219501 0.763216
vt 0.219501 0.766561
vt 0.135779 0.958724
vt 0.135107 0.952393
vt 0.135945 0.952161
vt 0.136590 0.958509
vt 0.142514 0.981483
vt 0.139944 0.974773
vt 0.140858 0.974659
vt 0.143417 0.981336
vt 0.207055 0.651500
vt 0.208122 0.651500
vt 0.222710 0.703340
vt 0.223659 0.703510
vt 0.054615 0.845536
vt 0.055566 0.844972
vt 0.215356 0.725354
vt 0.215325 0.716015
vt 0.216392 0.716015
vt 0.216423 0.725354
vt 0.226129 0.977718
vt 0.226129 0.968954
vt 0.226880 0.969053
vt 0.226863 0.977908
vt 0.069336 0.969956
vt 0.069336 0.979406
vt 0.068649 0.979319
vt 0.068659 0.969806
vt 0.136842 0.957114
vt 0.137907 0.957114
vt 0.135107 0.965709
vt 0.135950 0.965520
vt 0.204113 0.727953
vt 0.214367 0.728214
vt 0.253900 0.722299
vt 0.264243 0.721962
vt 0.048745 0.914521
vt 0.042833 0.909644
vt 0.052436 0.909193
vt 0.052461 0.914083
vt 0.052741 0.918688
vt 0.044398 0.919670
vt 0.051378 0.935862
vt 0.051091 0.944912
vt 0.043004 0.903407
vt 0.042996 0.897622
vt 0.052462 0.898175
vt 0.052741 0.903343
vt 0.049192 0.894288
vt 0.052584 0.894553
vt 0.306682 0.935681
vt 0.310381 0.937485
vt 0.304415 0.944424
vt 0.303998 0.938501
vt 0.310381 0.967782
vt 0.309543 0.970334
vt 0.202614 0.906455
vt 0.198836 0.906034
vt 0.198950 0.901142
vt 0.208727 0.901551
vt 0.207000 0.911570
vt 0.198431 0.910648
vt 0.199323 0.936899
vt 0.198984 0.927911
vt 0.208573 0.895329
vt 0.198705 0.895295
vt 0.198758 0.890199
vt 0.208379 0.889620
vt 0.198431 0.886640
vt 0.201874 0.886371
vt 0.314980 0.894567
vt 0.317694 0.897308
vt 0.317294 0.903404
vt 0.311206 0.896686
vt 0.312315 0.929931
vt 0.311431 0.927460
vt 0.309267 0.852883
vt 0.309296 0.848053
vt 0.310148 0.847984
vt 0.310112 0.852837
vt 0.303611 0.943730
vt 0.303246 0.937765
vt 0.274258 0.977562
vt 0.274226 0.971011
vt 0.275001 0.970735
vt 0.275001 0.977324
vt 0.308717 0.842299
vt 0.305462 0.836921
vt 0.306300 0.836814
vt 0.309563 0.842199
vt 0.311317 0.930369
vt 0.310433 0.927898
vt 0.285827 0.952018
vt 0.284942 0.945742
vt 0.285747 0.945497
vt 0.286646 0.951804
vt 0.320435 0.694420
vt 0.320435 0.701477
vt 0.319467 0.701389
vt 0.319460 0.694382
vt 0.308543 0.969900
vt 0.308730 0.857449
vt 0.309558 0.857422
vt 0.310433 0.897334
vt 0.302484 0.833166
vt 0.303313 0.833056
vt 0.052122 0.935649
vt 0.051834 0.944699
vt 0.084480 0.837931
vt 0.084480 0.831656
vt 0.085451 0.831499
vt 0.085430 0.837840
vt 0.317458 0.691202
vt 0.317458 0.701499
vt 0.316544 0.701711
vt 0.316503 0.691367
vt 0.154843 0.912331
vt 0.155460 0.939878
vt 0.154843 0.939597
vt 0.154118 0.911939
vt 0.302484 0.873708
vt 0.303167 0.873692
vt 0.284942 0.958830
vt 0.285736 0.958623
vt 0.280330 0.839327
vt 0.286426 0.841439
vt 0.276884 0.845208
vt 0.276651 0.841103
vt 0.276179 0.837621
vt 0.284435 0.833056
vt 0.302953 0.952924
vt 0.301271 0.970606
vt 0.295942 0.976982
vt 0.295942 0.953368
vt 0.286530 0.847546
vt 0.286807 0.854547
vt 0.277357 0.857230
vt 0.276834 0.850586
vt 0.280800 0.861448
vt 0.277412 0.862409
vt 0.284874 0.867102
vt 0.276900 0.868824
vt 0.278069 0.892186
vt 0.276179 0.892353
vt 0.274596 0.766960
vt 0.278267 0.768730
vt 0.277836 0.772948
vt 0.268276 0.769184
vt 0.270652 0.760612
vt 0.278948 0.765134
vt 0.219087 0.956559
vt 0.225988 0.957123
vt 0.225988 0.980481
vt 0.220608 0.974192
vt 0.267973 0.775399
vt 0.277673 0.778453
vt 0.277148 0.785086
vt 0.267664 0.782421
vt 0.277113 0.790235
vt 0.273718 0.789282
vt 0.277686 0.796574
vt 0.269627 0.794914
vt 0.278948 0.819473
vt 0.276982 0.819379
vt 0.109214 0.895487
vt 0.111586 0.891909
vt 0.112367 0.892223
vt 0.109987 0.895783
vt 0.113355 0.875990
vt 0.111806 0.869575
vt 0.112599 0.869761
vt 0.114148 0.876223
vt 0.062836 0.976939
vt 0.062813 0.970542
vt 0.063661 0.969984
vt 0.063661 0.976353
vt 0.113971 0.887016
vt 0.113914 0.880923
vt 0.114704 0.881195
vt 0.114754 0.887336
vt 0.217671 0.766511
vt 0.217671 0.763230
vt 0.218736 0.763216
vt 0.218736 0.766497
vt 0.333289 0.906559
vt 0.335239 0.912202
vt 0.334447 0.912429
vt 0.332485 0.906788
vt 0.042749 0.962376
vt 0.042749 0.969915
vt 0.041977 0.969992
vt 0.041963 0.962496
vt 0.100663 0.845995
vt 0.101346 0.845995
vt 0.106602 0.898361
vt 0.107362 0.898624
vt 0.085840 0.827685
vt 0.085813 0.796801
vt 0.086429 0.796267
vt 0.086429 0.827333
vt 0.286672 0.959079
vt 0.286672 0.968121
vt 0.285937 0.967871
vt 0.285937 0.958830
vt 0.112100 0.943913
vt 0.112081 0.935002
vt 0.113048 0.934967
vt 0.113048 0.943973
vt 0.335239 0.891122
vt 0.332999 0.900068
vt 0.332210 0.900248
vt 0.334457 0.891296
vt 0.168580 0.871517
vt 0.167725 0.896803
vt 0.166684 0.896530
vt 0.167725 0.870982
vt 0.285664 0.942205
vt 0.285664 0.927114
vt 0.286338 0.926259
vt 0.286553 0.941516
vt 0.232460 0.912769
vt 0.227035 0.909820
vt 0.236844 0.907995
vt 0.236377 0.911919
vt 0.236491 0.915785
vt 0.227119 0.917279
vt 0.238090 0.933159
vt 0.235566 0.939529
vt 0.197294 0.886371
vt 0.198431 0.892221
vt 0.188896 0.896095
vt 0.187704 0.890236
vt 0.192782 0.899546
vt 0.189337 0.900992
vt 0.197460 0.904185
vt 0.189076 0.907608
vt 0.190070 0.933889
vt 0.187704 0.935274
vt 0.148372 0.916267
vt 0.144422 0.915748
vt 0.143743 0.911939
vt 0.153647 0.912947
vt 0.153954 0.920248
vt 0.144506 0.919561
vt 0.146669 0.942922
vt 0.143743 0.936945
vt 0.047130 0.769660
vt 0.051934 0.780144
vt 0.047646 0.783715
vt 0.042849 0.773305
vt 0.044495 0.787116
vt 0.042791 0.783332
vt 0.040906 0.792349
vt 0.036635 0.783235
vt 0.026426 0.814298
vt 0.025408 0.811455
vt 0.303097 0.783756
vt 0.303305 0.778897
vt 0.304206 0.778738
vt 0.304031 0.783617
vt 0.298966 0.764455
vt 0.296359 0.760819
vt 0.297322 0.760612
vt 0.299895 0.764253
vt 0.320435 0.702542
vt 0.320435 0.694961
vt 0.321227 0.694382
vt 0.321239 0.701978
vt 0.303342 0.773136
vt 0.300937 0.768002
vt 0.301837 0.767806
vt 0.304203 0.772950
vt 0.025702 0.814298
vt 0.024685 0.811455
vt 0.175919 0.959321
vt 0.175166 0.953146
vt 0.176056 0.953118
vt 0.176786 0.959329
vt 0.226906 0.916540
vt 0.232206 0.912043
vt 0.114485 0.954798
vt 0.114461 0.934993
vt 0.115144 0.934967
vt 0.115144 0.955116
vt 0.302711 0.788374
vt 0.303675 0.788252
vt 0.195575 0.935274
vt 0.198431 0.961457
vt 0.197803 0.961776
vt 0.194914 0.935274
vt 0.297210 0.814231
vt 0.296359 0.805306
vt 0.297420 0.805191
vt 0.298271 0.814116
vt 0.322044 0.703026
vt 0.322028 0.694597
vt 0.322728 0.694382
vt 0.322728 0.702904
vt 0.136582 0.965709
vt 0.136590 0.975984
vt 0.135895 0.976129
vt 0.135895 0.965807
vt 0.168621 0.845104
vt 0.167722 0.870982
vt 0.166684 0.870691
vt 0.167722 0.844793
vt 0.175166 0.965487
vt 0.176058 0.965489
vt 0.050652 0.767573
vt 0.054894 0.778545
vt 0.228633 0.905353
vt 0.238090 0.903497
vt 0.121620 0.874897
vt 0.115319 0.870751
vt 0.125129 0.868795
vt 0.125484 0.873844
vt 0.126228 0.878625
vt 0.117513 0.880560
vt 0.127982 0.898080
vt 0.128514 0.906132
vt 0.115384 0.864564
vt 0.115905 0.859242
vt 0.125652 0.858176
vt 0.125242 0.862755
vt 0.122941 0.855312
vt 0.126526 0.854940
vt 0.120004 0.851190
vt 0.128514 0.851508
vt 0.323867 0.737454
vt 0.323867 0.757336
vt 0.321805 0.759424
vt 0.318143 0.741840
vt 0.273357 0.724076
vt 0.269461 0.723298
vt 0.269637 0.718241
vt 0.279528 0.719493
vt 0.277668 0.729415
vt 0.268880 0.728118
vt 0.267678 0.755780
vt 0.267792 0.747682
vt 0.279240 0.713340
vt 0.269305 0.712231
vt 0.268693 0.707748
vt 0.278475 0.708134
vt 0.267678 0.704629
vt 0.271267 0.704760
vt 0.317008 0.805511
vt 0.319543 0.806514
vt 0.318796 0.811407
vt 0.312185 0.808527
vt 0.319543 0.830474
vt 0.317083 0.829008
vt 0.138594 0.954096
vt 0.140293 0.950617
vt 0.141325 0.950927
vt 0.139661 0.954384
vt 0.140939 0.934928
vt 0.140116 0.928517
vt 0.141146 0.928697
vt 0.141958 0.935156
vt 0.308073 0.977128
vt 0.308017 0.970716
vt 0.308841 0.970334
vt 0.308841 0.976764
vt 0.142207 0.945825
vt 0.141518 0.939821
vt 0.142525 0.940089
vt 0.143197 0.946143
vt 0.319378 0.831302
vt 0.316918 0.829835
vt 0.154344 0.958737
vt 0.154999 0.964215
vt 0.153973 0.964333
vt 0.153342 0.958864
vt 0.287833 0.824350
vt 0.287817 0.832494
vt 0.286773 0.832222
vt 0.286773 0.824118
vt 0.136842 0.904799
vt 0.137907 0.904781
vt 0.136842 0.956861
vt 0.137946 0.957114
vt 0.168737 0.766085
vt 0.168653 0.794230
vt 0.167671 0.794389
vt 0.167671 0.766075
vt 0.282923 0.832236
vt 0.282923 0.824169
vt 0.284205 0.824118
vt 0.283987 0.832194
vt 0.113956 0.935336
vt 0.113956 0.943693
vt 0.113048 0.943407
vt 0.113082 0.934967
vt 0.154364 0.942922
vt 0.155256 0.952512
vt 0.154259 0.952588
vt 0.153342 0.942983
vt 0.085896 0.838301
vt 0.086661 0.864873
vt 0.085896 0.864839
vt 0.085021 0.837997
vt 0.114461 0.969893
vt 0.114461 0.955569
vt 0.115295 0.955116
vt 0.115314 0.969682
vt 0.272701 0.860177
vt 0.267089 0.845802
vt 0.276179 0.846411
vt 0.275922 0.860026
vt 0.274891 0.871501
vt 0.268344 0.869118
vt 0.273248 0.905886
vt 0.270734 0.908552
vt 0.267089 0.833056
vt 0.276179 0.833314
vt 0.295942 0.894567
vt 0.289980 0.904944
vt 0.286807 0.905323
vt 0.286850 0.895023
vt 0.295942 0.915985
vt 0.287220 0.917876
vt 0.295748 0.942619
vt 0.288168 0.945517
vt 0.261468 0.860168
vt 0.258247 0.860004
vt 0.257998 0.846483
vt 0.267089 0.845886
vt 0.265821 0.869056
vt 0.259272 0.871415
vt 0.263408 0.908706
vt 0.260895 0.906001
vt 0.257998 0.833314
vt 0.070684 0.894501
vt 0.079759 0.895057
vt 0.079837 0.905688
vt 0.076651 0.905184
vt 0.079458 0.918060
vt 0.070752 0.916046
vt 0.078303 0.945267
vt 0.070767 0.942423
vt 0.138042 0.726568
vt 0.142679 0.712582
vt 0.143743 0.712432
vt 0.139113 0.726435
vt 0.138455 0.683831
vt 0.133450 0.670780
vt 0.134497 0.670615
vt 0.139448 0.683096
vt 0.046487 0.748063
vt 0.050305 0.735372
vt 0.051319 0.736048
vt 0.047537 0.748213
vt 0.142511 0.694576
vt 0.143571 0.693935
vt 0.078211 0.946273
vt 0.070684 0.943339
vt 0.054683 0.725529
vt 0.054698 0.707973
vt 0.055764 0.708113
vt 0.055749 0.726168
vt 0.049446 0.693320
vt 0.046101 0.684440
vt 0.047178 0.684557
vt 0.050519 0.693443
vt 0.115319 0.651510
vt 0.116587 0.651500
vt 0.133630 0.737795
vt 0.134706 0.737667
vt 0.029812 0.767573
vt 0.030969 0.767573
vt 0.220093 0.766354
vt 0.220093 0.763366
vt 0.220753 0.763216
vt 0.220736 0.766209
vt 0.024685 0.651500
vt 0.025597 0.651500
vt 0.115319 0.766579
vt 0.116255 0.766572
vt 0.047179 0.846820
vt 0.042833 0.831113
vt 0.049510 0.832119
vt 0.049349 0.846935
vt 0.049035 0.859050
vt 0.044159 0.856260
vt 0.053172 0.892122
vt 0.052117 0.894288
vt 0.046396 0.814298
vt 0.053172 0.814841
vt 0.160837 0.696061
vt 0.160877 0.684941
vt 0.163037 0.683636
vt 0.166618 0.694376
vt 0.153363 0.673678
vt 0.158324 0.670711
vt 0.079186 0.946814
vt 0.078329 0.966799
vt 0.070684 0.967993
vt 0.070684 0.946273
vt 0.118312 0.939202
vt 0.116198 0.939025
vt 0.117464 0.924246
vt 0.124060 0.924132
vt 0.120336 0.949003
vt 0.115319 0.951129
vt 0.161982 0.953070
vt 0.168144 0.949628
vt 0.168144 0.975736
vt 0.165442 0.974408
vt 0.115319 0.906133
vt 0.121970 0.906484
vt 0.289070 0.653892
vt 0.294945 0.651500
vt 0.296528 0.662875
vt 0.294044 0.663103
vt 0.297912 0.676150
vt 0.292183 0.676946
vt 0.144791 0.942922
vt 0.153342 0.943870
vt 0.151232 0.965727
vt 0.143743 0.963346
vt 0.165653 0.726117
vt 0.168016 0.712257
vt 0.168771 0.712116
vt 0.166414 0.725993
vt 0.159065 0.670554
vt 0.163699 0.682915
vt 0.291503 0.677208
vt 0.293198 0.662875
vt 0.167334 0.693748
vt 0.151232 0.967216
vt 0.143743 0.964703
vt 0.114588 0.797982
vt 0.114309 0.780449
vt 0.115032 0.780519
vt 0.115319 0.798549
vt 0.043574 0.855825
vt 0.046598 0.846381
vt 0.143743 0.651500
vt 0.144654 0.651500
vt 0.162731 0.737440
vt 0.163496 0.737321
vt 0.289070 0.701034
vt 0.289760 0.700595
vt 0.168444 0.976748
vt 0.165751 0.975447
vt 0.114592 0.766764
vt 0.115319 0.766815
vt 0.186707 0.905125
vt 0.186707 0.891877
vt 0.187625 0.891998
vt 0.187616 0.905293
vt 0.203382 0.758350
vt 0.189343 0.728052
vt 0.189956 0.727953
vt 0.204113 0.758350
vt 0.151096 0.766075
vt 0.151768 0.766075
vt 0.030467 0.895709
vt 0.024685 0.882276
vt 0.033770 0.882276
vt 0.033657 0.895310
vt 0.032804 0.906449
vt 0.026231 0.904576
vt 0.032235 0.940700
vt 0.029857 0.943599
vt 0.085654 0.767817
vt 0.085813 0.780556
vt 0.076717 0.780530
vt 0.076553 0.767441
vt 0.079694 0.790943
vt 0.076553 0.791247
vt 0.085567 0.802855
vt 0.076812 0.804315
vt 0.084446 0.829136
vt 0.076732 0.831499
vt 0.283445 0.665217
vt 0.280270 0.664830
vt 0.280009 0.651500
vt 0.289070 0.651500
vt 0.287762 0.674263
vt 0.281224 0.676168
vt 0.284261 0.713683
vt 0.281899 0.710788
vt 0.279105 0.760974
vt 0.288206 0.760612
vt 0.288045 0.773773
vt 0.278948 0.773796
vt 0.288206 0.784535
vt 0.285064 0.784199
vt 0.287946 0.797078
vt 0.279192 0.795611
vt 0.287993 0.824118
vt 0.280285 0.821806
vt 0.109619 0.726498
vt 0.114254 0.712458
vt 0.115319 0.712300
vt 0.110691 0.726356
vt 0.110012 0.683698
vt 0.104970 0.670674
vt 0.106018 0.670500
vt 0.111006 0.682955
vt 0.077653 0.748023
vt 0.081835 0.735094
vt 0.082851 0.735768
vt 0.078703 0.748173
vt 0.114072 0.694430
vt 0.115132 0.693780
vt 0.085813 0.836959
vt 0.085813 0.827809
vt 0.086636 0.827685
vt 0.086716 0.836823
vt 0.085711 0.725561
vt 0.085640 0.708053
vt 0.086706 0.708193
vt 0.086779 0.726198
vt 0.080754 0.693168
vt 0.077062 0.684508
vt 0.078138 0.684624
vt 0.081826 0.693290
vt 0.086779 0.651520
vt 0.088049 0.651500
vt 0.105149 0.737789
vt 0.106227 0.737653
vt 0.061158 0.767441
vt 0.062314 0.767441
vt 0.284204 0.714406
vt 0.281841 0.711531
vt 0.055764 0.651500
vt 0.056676 0.651500
vt 0.086779 0.766764
vt 0.087716 0.766749
vt 0.991864 0.828511
vt 0.993020 0.829913
vt 0.991569 0.831993
vt 0.989507 0.829502
vt 0.991804 0.826365
vt 0.989403 0.825610
vt 0.811789 0.872780
vt 0.810585 0.873332
vt 0.809199 0.870504
vt 0.811348 0.869524
vt 0.811927 0.917729
vt 0.810120 0.917961
vt 0.808567 0.915630
vt 0.811842 0.915209
vt 0.818778 0.872813
vt 0.817337 0.872217
vt 0.817990 0.869053
vt 0.820598 0.870135
vt 0.815448 0.872176
vt 0.814627 0.868982
vt 0.880025 0.846205
vt 0.878374 0.846120
vt 0.878410 0.842965
vt 0.881347 0.843118
vt 0.876590 0.846474
vt 0.875179 0.843609
vt 0.990480 0.821501
vt 0.993020 0.821727
vt 0.872284 0.844625
vt 0.873324 0.847622
vt 0.883643 0.843722
vt 0.882587 0.846879
vt 0.729395 0.982517
vt 0.729990 0.969587
vt 0.732237 0.969701
vt 0.732691 0.982684
vt 0.726357 0.981679
vt 0.727919 0.969015
vt 0.734182 0.969015
vt 0.735544 0.981679
vt 0.805529 0.915815
vt 0.806384 0.902862
vt 0.808455 0.902735
vt 0.810689 0.902448
vt 0.813029 0.858079
vt 0.815265 0.857710
vt 0.812599 0.901969
vt 0.814645 0.914505
vt 0.876434 0.831780
vt 0.874231 0.832219
vt 0.872258 0.832912
vt 0.878436 0.831885
vt 0.817558 0.857759
vt 0.819335 0.858496
vt 0.962426 0.892081
vt 0.962223 0.894725
vt 0.959429 0.895456
vt 0.959711 0.891786
vt 0.963444 0.889405
vt 0.961123 0.888071
vt 0.815125 0.854060
vt 0.818308 0.854127
vt 0.811564 0.858748
vt 0.809989 0.855500
vt 0.812022 0.854572
vt 0.880002 0.832296
vt 0.879246 0.828302
vt 0.881420 0.828873
vt 0.876467 0.828156
vt 0.807481 0.899946
vt 0.810581 0.899548
vt 0.870671 0.829728
vt 0.873409 0.828766
vt 0.963444 0.896611
vt 0.961123 0.898073
vt 0.820776 0.855150
vt 0.838112 0.986933
vt 0.835180 0.986510
vt 0.835180 0.974400
vt 0.837028 0.974666
vt 0.875374 0.817255
vt 0.877078 0.817095
vt 0.806611 0.889032
vt 0.808574 0.889433
vt 0.871976 0.819577
vt 0.873564 0.818247
vt 0.841227 0.986694
vt 0.839009 0.974779
vt 0.969102 0.775658
vt 0.965962 0.775935
vt 0.967201 0.768943
vt 0.969102 0.768514
vt 0.814359 0.846489
vt 0.816316 0.846166
vt 0.843823 0.985405
vt 0.840688 0.974601
vt 0.804606 0.900121
vt 0.804787 0.888366
vt 0.818319 0.845940
vt 0.813233 0.898882
vt 0.810250 0.889284
vt 0.872187 0.815468
vt 0.874914 0.813974
vt 0.871119 0.820820
vt 0.868506 0.819343
vt 0.869797 0.817471
vt 0.812851 0.844020
vt 0.815797 0.843534
vt 0.769487 0.986482
vt 0.770127 0.988594
vt 0.767948 0.990326
vt 0.766984 0.987145
vt 0.769487 0.983897
vt 0.766984 0.983252
vt 0.818815 0.843194
vt 0.771673 0.980620
vt 0.770127 0.981665
vt 0.767948 0.979890
vt 0.770275 0.978317
vt 0.878447 0.817455
vt 0.877479 0.813732
vt 0.879542 0.814275
vt 0.771673 0.989349
vt 0.770275 0.991463
vt 0.912908 0.774691
vt 0.910635 0.773384
vt 0.912000 0.759833
vt 0.913339 0.760200
vt 0.926177 0.772703
vt 0.925414 0.775870
vt 0.919886 0.775870
vt 0.920293 0.774177
vt 0.876645 0.806030
vt 0.878053 0.806248
vt 0.908346 0.771104
vt 0.910476 0.759415
vt 0.967492 0.826296
vt 0.965959 0.829763
vt 0.964032 0.820381
vt 0.965080 0.818895
vt 0.926775 0.769267
vt 0.920325 0.772339
vt 0.875101 0.805991
vt 0.963821 0.832090
vt 0.962697 0.821316
vt 0.914811 0.775211
vt 0.914357 0.760478
vt 0.926936 0.766293
vt 0.919717 0.770747
vt 0.906409 0.768606
vt 0.909084 0.759032
vt 0.961236 0.831883
vt 0.961236 0.821077
vt 0.988913 0.719436
vt 0.989416 0.721037
vt 0.986195 0.722228
vt 0.985413 0.719736
vt 0.874937 0.801951
vt 0.877340 0.802012
vt 0.835180 0.993297
vt 0.835708 0.991771
vt 0.839241 0.992654
vt 0.838419 0.995029
vt 0.835620 0.989890
vt 0.835180 0.988096
vt 0.838419 0.986933
vt 0.839104 0.989726
vt 0.989416 0.717700
vt 0.986195 0.717035
vt 0.990436 0.716159
vt 0.987784 0.714637
vt 0.912727 0.756135
vt 0.914811 0.756705
vt 0.990436 0.722304
vt 0.987784 0.724200
vt 0.879531 0.802352
vt 0.910355 0.755484
vt 0.873720 0.806064
vt 0.872788 0.802065
vt 0.877281 0.792282
vt 0.878468 0.792219
vt 0.749341 0.991861
vt 0.747015 0.991004
vt 0.747015 0.982463
vt 0.748300 0.982937
vt 0.879795 0.792253
vt 0.887494 0.987084
vt 0.885471 0.988641
vt 0.885442 0.978740
vt 0.886560 0.977880
vt 0.883185 0.988382
vt 0.881105 0.987083
vt 0.883030 0.977880
vt 0.884179 0.978597
vt 0.751632 0.991487
vt 0.749565 0.982731
vt 0.908189 0.754888
vt 0.909647 0.744855
vt 0.910844 0.745184
vt 0.912154 0.745543
vt 0.913305 0.745859
vt 0.881247 0.802803
vt 0.881005 0.792441
vt 0.881953 0.792690
vt 0.834231 0.983460
vt 0.833188 0.984194
vt 0.831619 0.983055
vt 0.833256 0.981903
vt 0.809378 0.990943
vt 0.810055 0.990001
vt 0.811585 0.991491
vt 0.810523 0.992971
vt 0.831878 0.987010
vt 0.832310 0.988386
vt 0.830241 0.989637
vt 0.829563 0.987476
vt 0.878316 0.790414
vt 0.880400 0.790467
vt 0.810480 0.988676
vt 0.812253 0.989412
vt 0.810370 0.987062
vt 0.809959 0.985531
vt 0.811435 0.984473
vt 0.812081 0.986877
vt 0.832310 0.985518
vt 0.830241 0.985134
vt 0.809378 0.984572
vt 0.810523 0.982968
vt 0.833188 0.989476
vt 0.831619 0.991348
vt 0.834231 0.989930
vt 0.833256 0.992061
vt 0.872546 0.989869
vt 0.870435 0.989804
vt 0.869342 0.977754
vt 0.870259 0.977703
vt 0.876452 0.790513
vt 0.881119 0.778944
vt 0.881920 0.778994
vt 0.970777 0.831913
vt 0.968940 0.830685
vt 0.971084 0.820930
vt 0.971891 0.821440
vt 0.882819 0.779096
vt 0.823537 0.990159
vt 0.821960 0.991784
vt 0.820296 0.980936
vt 0.820995 0.980274
vt 0.819970 0.991886
vt 0.818050 0.991067
vt 0.818585 0.980604
vt 0.819423 0.980961
vt 0.972777 0.832090
vt 0.972777 0.821456
vt 0.868506 0.989744
vt 0.868506 0.977823
vt 0.874402 0.989925
vt 0.871067 0.977694
vt 0.967492 0.829027
vt 0.970452 0.820206
vt 0.882299 0.790761
vt 0.883643 0.779257
vt 0.952492 0.871769
vt 0.955923 0.872467
vt 0.956728 0.887801
vt 0.949958 0.886423
vt 0.957776 0.872431
vt 0.960386 0.887730
vt 0.817932 0.883477
vt 0.814205 0.883395
vt 0.813503 0.917333
vt 0.818050 0.931759
vt 0.814941 0.932539
vt 0.879787 0.858477
vt 0.876267 0.859177
vt 0.952634 0.973290
vt 0.952078 0.975344
vt 0.943172 0.970643
vt 0.944269 0.966589
vt 0.959321 0.871769
vt 0.963435 0.886423
vt 0.883045 0.858646
vt 0.806691 0.918171
vt 0.811374 0.932998
vt 0.804606 0.933411
vt 0.952196 0.980173
vt 0.943405 0.980173
vt 0.806983 0.884587
vt 0.882334 0.861672
vt 0.879699 0.861536
vt 0.891857 0.756840
vt 0.894513 0.754189
vt 0.895828 0.756584
vt 0.893681 0.758728
vt 0.869820 0.861441
vt 0.876852 0.862102
vt 0.871638 0.863933
vt 0.888809 0.772594
vt 0.887106 0.769303
vt 0.889838 0.768809
vt 0.891216 0.771470
vt 0.820776 0.884652
vt 0.819470 0.887537
vt 0.817171 0.886587
vt 0.894513 0.776966
vt 0.895828 0.775006
vt 0.887790 0.765141
vt 0.890391 0.765442
vt 0.814155 0.886521
vt 0.804606 0.885676
vt 0.808315 0.887485
vt 0.806392 0.888366
vt 0.080791 0.833106
vt 0.079483 0.833077
vt 0.079300 0.831499
vt 0.080354 0.831891
vt 0.077861 0.833284
vt 0.078045 0.831659
vt 0.076553 0.833648
vt 0.076990 0.832321
vt 0.080791 0.834620
vt 0.079483 0.834983
vt 0.077861 0.835191
vt 0.076553 0.835161
vt 0.080354 0.835947
vt 0.079300 0.836609
vt 0.078045 0.836769
vt 0.076990 0.836377
vt 0.303152 0.725261
vt 0.299845 0.714123
vt 0.305659 0.715152
vt 0.305304 0.725417
vt 0.304297 0.733870
vt 0.300164 0.731683
vt 0.300431 0.757877
vt 0.298436 0.759456
vt 0.298436 0.703233
vt 0.304211 0.703963
vt 0.316155 0.931147
vt 0.312766 0.938217
vt 0.310962 0.938152
vt 0.310433 0.930369
vt 0.317335 0.947346
vt 0.311864 0.947686
vt 0.315577 0.966783
vt 0.310433 0.967927
vt 0.221679 0.922506
vt 0.219486 0.922642
vt 0.219087 0.912387
vt 0.225048 0.911430
vt 0.224754 0.928946
vt 0.220518 0.931074
vt 0.226233 0.956559
vt 0.224229 0.954984
vt 0.220304 0.900782
vt 0.226233 0.900124
vt 0.312457 0.704080
vt 0.318143 0.703233
vt 0.317585 0.711045
vt 0.315804 0.711109
vt 0.316723 0.720199
vt 0.311291 0.719924
vt 0.318143 0.740260
vt 0.313051 0.739226
vt 0.072615 0.809953
vt 0.075796 0.801453
vt 0.076553 0.801301
vt 0.073377 0.809809
vt 0.072516 0.784775
vt 0.068850 0.777579
vt 0.069595 0.777418
vt 0.073217 0.784284
vt 0.062813 0.970065
vt 0.062813 0.979757
vt 0.062209 0.979410
vt 0.062364 0.969984
vt 0.075516 0.790907
vt 0.076266 0.790467
vt 0.054464 0.893284
vt 0.053172 0.888580
vt 0.053766 0.887900
vt 0.055116 0.892538
vt 0.141931 0.878090
vt 0.143743 0.888278
vt 0.142977 0.888365
vt 0.141113 0.877887
vt 0.143680 0.767219
vt 0.141391 0.774611
vt 0.140838 0.773972
vt 0.143131 0.766579
vt 0.055764 0.767524
vt 0.056669 0.767441
vt 0.069626 0.817239
vt 0.070393 0.817098
vt 0.054522 0.870323
vt 0.055116 0.869769
vt 0.055764 0.837996
vt 0.056876 0.835637
vt 0.057543 0.835576
vt 0.056414 0.837937
vt 0.317309 0.967942
vt 0.317317 0.977660
vt 0.316770 0.977652
vt 0.316770 0.967927
vt 0.143743 0.868617
vt 0.142958 0.868385
vt 0.143680 0.800192
vt 0.143180 0.799696
vt 0.037708 0.950183
vt 0.034701 0.949158
vt 0.041100 0.946822
vt 0.040351 0.949460
vt 0.040415 0.952364
vt 0.034008 0.953610
vt 0.041963 0.965467
vt 0.039966 0.970035
vt 0.203296 0.765539
vt 0.201410 0.765760
vt 0.201411 0.758350
vt 0.203952 0.758350
vt 0.199682 0.761207
vt 0.199647 0.758565
vt 0.255145 0.762201
vt 0.252995 0.765402
vt 0.252995 0.757993
vt 0.254976 0.759195
vt 0.328252 0.791437
vt 0.325012 0.801213
vt 0.323207 0.801420
vt 0.323207 0.788623
vt 0.261739 0.950278
vt 0.259157 0.949627
vt 0.258350 0.946982
vt 0.264638 0.949196
vt 0.265420 0.953691
vt 0.259112 0.952569
vt 0.259564 0.970395
vt 0.257415 0.965663
vt 0.231168 0.978959
vt 0.226906 0.977555
vt 0.227400 0.973563
vt 0.231099 0.975226
vt 0.255145 0.765430
vt 0.255145 0.757993
vt 0.256856 0.758152
vt 0.256837 0.760774
vt 0.280765 0.828449
vt 0.280921 0.825525
vt 0.282923 0.824118
vt 0.282923 0.831469
vt 0.273213 0.822200
vt 0.278279 0.819473
vt 0.278151 0.832050
vt 0.276359 0.831791
vt 0.085532 0.924610
vt 0.085851 0.921278
vt 0.086420 0.921290
vt 0.086152 0.924592
vt 0.085083 0.910242
vt 0.085002 0.906747
vt 0.085736 0.906855
vt 0.085792 0.910335
vt 0.268317 0.760349
vt 0.268317 0.755935
vt 0.268939 0.755950
vt 0.268903 0.760273
vt 0.085876 0.917314
vt 0.085362 0.913262
vt 0.086048 0.913337
vt 0.086528 0.917360
vt 0.278279 0.832732
vt 0.276487 0.832474
vt 0.231811 0.978952
vt 0.231811 0.982862
vt 0.231284 0.982857
vt 0.033770 0.953065
vt 0.037441 0.949651
vt 0.079837 0.894501
vt 0.080598 0.894524
vt 0.085045 0.927858
vt 0.085706 0.927847
vt 0.319543 0.819355
vt 0.319543 0.805783
vt 0.320205 0.805511
vt 0.320277 0.819099
vt 0.080032 0.946056
vt 0.079837 0.939380
vt 0.080591 0.939339
vt 0.080786 0.946015
vt 0.313352 0.805368
vt 0.313352 0.800529
vt 0.313937 0.800529
vt 0.313907 0.805387
vt 0.112031 0.974005
vt 0.112085 0.980829
vt 0.111589 0.980851
vt 0.111589 0.973954
vt 0.295914 0.814912
vt 0.295914 0.832581
vt 0.295173 0.832452
vt 0.295303 0.814786
vt 0.231763 0.975200
vt 0.257415 0.943966
vt 0.263857 0.946132
vt 0.035425 0.946253
vt 0.041963 0.943927
vt 0.250718 0.792852
vt 0.256542 0.797601
vt 0.248174 0.797249
vt 0.247803 0.792889
vt 0.247345 0.788790
vt 0.253919 0.788466
vt 0.244145 0.775549
vt 0.245776 0.766790
vt 0.256874 0.803418
vt 0.256585 0.809338
vt 0.248253 0.808061
vt 0.248395 0.802512
vt 0.250756 0.812621
vt 0.247628 0.811958
vt 0.253428 0.818206
vt 0.246493 0.816312
vt 0.246061 0.829602
vt 0.244145 0.828617
vt 0.215400 0.863996
vt 0.218341 0.863993
vt 0.217861 0.868399
vt 0.209409 0.868831
vt 0.212238 0.859636
vt 0.218916 0.859838
vt 0.221233 0.837585
vt 0.222758 0.846391
vt 0.209002 0.874671
vt 0.217540 0.873708
vt 0.217773 0.879198
vt 0.209364 0.880548
vt 0.218478 0.883053
vt 0.215347 0.883719
vt 0.219730 0.887329
vt 0.212687 0.889313
vt 0.222758 0.899079
vt 0.220764 0.900124
vt 0.171611 0.868465
vt 0.170463 0.872505
vt 0.169737 0.872195
vt 0.170892 0.868150
vt 0.171032 0.887247
vt 0.172782 0.892087
vt 0.172095 0.891883
vt 0.170304 0.887002
vt 0.070499 0.934933
vt 0.070499 0.939761
vt 0.069763 0.939897
vt 0.069830 0.935013
vt 0.169494 0.877500
vt 0.170302 0.883137
vt 0.169575 0.882870
vt 0.168771 0.877210
vt 0.032645 0.963160
vt 0.031706 0.960204
vt 0.032473 0.959818
vt 0.033413 0.962774
vt 0.317394 0.746083
vt 0.316893 0.740500
vt 0.317627 0.740260
vt 0.318132 0.745864
vt 0.267495 0.722121
vt 0.264971 0.726376
vt 0.264243 0.726200
vt 0.266758 0.721962
vt 0.181589 0.906152
vt 0.180964 0.905946
vt 0.173017 0.864744
vt 0.172316 0.864427
vt 0.032875 0.944191
vt 0.033413 0.943599
vt 0.181589 0.844713
vt 0.179930 0.853500
vt 0.179305 0.853293
vt 0.180964 0.844507
vt 0.321246 0.702495
vt 0.321239 0.694382
vt 0.322028 0.694466
vt 0.322028 0.702671
vt 0.062209 0.969984
vt 0.062209 0.977475
vt 0.061477 0.977819
vt 0.061439 0.970255
vt 0.267495 0.748399
vt 0.266878 0.748221
vt 0.316893 0.752041
vt 0.317618 0.751846
vt 0.246334 0.907261
vt 0.251325 0.907901
vt 0.244561 0.910972
vt 0.243738 0.908666
vt 0.242714 0.906857
vt 0.248673 0.903140
vt 0.061439 0.969984
vt 0.059590 0.981788
vt 0.055764 0.985059
vt 0.055764 0.970527
vt 0.252050 0.911677
vt 0.252526 0.916483
vt 0.245738 0.918850
vt 0.245229 0.914167
vt 0.248232 0.921755
vt 0.245775 0.922626
vt 0.251208 0.925647
vt 0.245230 0.927509
vt 0.244433 0.946180
vt 0.242714 0.946758
vt 0.215392 0.904380
vt 0.217949 0.905821
vt 0.217016 0.908242
vt 0.210325 0.905079
vt 0.213181 0.900124
vt 0.219087 0.903902
vt 0.033770 0.970034
vt 0.039436 0.970599
vt 0.039436 0.984806
vt 0.035571 0.981689
vt 0.209487 0.908984
vt 0.216228 0.911578
vt 0.215724 0.916306
vt 0.209002 0.913868
vt 0.215698 0.920103
vt 0.213271 0.919210
vt 0.216271 0.924990
vt 0.210325 0.923114
vt 0.219087 0.944013
vt 0.217348 0.943476
vt 0.054206 0.848993
vt 0.053745 0.846002
vt 0.054253 0.845536
vt 0.054745 0.848542
vt 0.223392 0.847220
vt 0.223333 0.851813
vt 0.222758 0.851471
vt 0.222835 0.846843
vt 0.135107 0.980646
vt 0.135107 0.975622
vt 0.135716 0.975319
vt 0.135717 0.980331
vt 0.224576 0.840219
vt 0.223772 0.843964
vt 0.223231 0.843558
vt 0.224057 0.839779
vt 0.205640 0.764355
vt 0.205640 0.766327
vt 0.204875 0.766311
vt 0.204875 0.764339
vt 0.217762 0.955104
vt 0.218973 0.958605
vt 0.218346 0.958739
vt 0.217132 0.955247
vt 0.233828 0.973571
vt 0.233828 0.979166
vt 0.233210 0.979126
vt 0.233200 0.973563
vt 0.226900 0.870483
vt 0.226320 0.870328
vt 0.054627 0.852053
vt 0.055199 0.851618
vt 0.055199 0.868215
vt 0.055199 0.845926
vt 0.055717 0.845536
vt 0.055745 0.867978
vt 0.054502 0.869769
vt 0.053172 0.865128
vt 0.053869 0.864757
vt 0.055199 0.869399
vt 0.232569 0.979673
vt 0.232557 0.973685
vt 0.233200 0.979617
vt 0.218973 0.944013
vt 0.217809 0.950986
vt 0.217183 0.951087
vt 0.218346 0.944098
vt 0.114573 0.818636
vt 0.114573 0.798549
vt 0.115319 0.798732
vt 0.115183 0.818934
vt 0.226900 0.838015
vt 0.226373 0.837585
vt 0.091168 0.950726
vt 0.086779 0.948009
vt 0.094188 0.947881
vt 0.094080 0.950596
vt 0.094295 0.953363
vt 0.087521 0.953246
vt 0.094716 0.966193
vt 0.093722 0.970287
vt 0.239339 0.939529
vt 0.240862 0.943530
vt 0.235409 0.945518
vt 0.234075 0.941468
vt 0.238017 0.948139
vt 0.236015 0.948895
vt 0.241230 0.951618
vt 0.236047 0.953444
vt 0.235958 0.971907
vt 0.234075 0.972787
vt 0.046367 0.950552
vt 0.043460 0.950515
vt 0.043357 0.947842
vt 0.050778 0.947737
vt 0.050011 0.952916
vt 0.043239 0.953257
vt 0.043849 0.970019
vt 0.042833 0.966054
vt 0.228783 0.939529
vt 0.234075 0.941901
vt 0.232738 0.946017
vt 0.227268 0.943634
vt 0.232128 0.949452
vt 0.230129 0.948557
vt 0.232088 0.954081
vt 0.226906 0.951961
vt 0.234075 0.973563
vt 0.232201 0.972638
vt 0.278263 0.910256
vt 0.277546 0.913373
vt 0.276944 0.913170
vt 0.277635 0.910052
vt 0.278198 0.925644
vt 0.279098 0.930015
vt 0.278433 0.929879
vt 0.277564 0.925489
vt 0.238139 0.947547
vt 0.241334 0.951064
vt 0.276751 0.917391
vt 0.277538 0.922055
vt 0.276931 0.921883
vt 0.276179 0.917199
vt 0.206221 0.764339
vt 0.206221 0.766730
vt 0.205640 0.766765
vt 0.205640 0.764374
vt 0.319998 0.826335
vt 0.319543 0.821845
vt 0.320127 0.821683
vt 0.320561 0.826184
vt 0.111589 0.974179
vt 0.111589 0.979627
vt 0.110981 0.979375
vt 0.110981 0.973954
vt 0.285664 0.945497
vt 0.284903 0.945406
vt 0.279002 0.907556
vt 0.278348 0.907358
vt 0.085920 0.963535
vt 0.085920 0.946325
vt 0.086516 0.946056
vt 0.086643 0.963253
vt 0.285664 0.892445
vt 0.284986 0.899085
vt 0.284225 0.898994
vt 0.284903 0.892353
vt 0.106941 0.980250
vt 0.106941 0.974121
vt 0.107469 0.974247
vt 0.107457 0.980439
vt 0.143743 0.921658
vt 0.143743 0.928286
vt 0.143213 0.928230
vt 0.143218 0.921556
vt 0.114754 0.886739
vt 0.114832 0.868704
vt 0.115266 0.868591
vt 0.115266 0.886830
vt 0.319543 0.831302
vt 0.320131 0.831171
vt 0.042833 0.944912
vt 0.050170 0.944913
vt 0.087397 0.945107
vt 0.094716 0.944880
vt 0.202507 0.948741
vt 0.198431 0.944974
vt 0.205241 0.945167
vt 0.205145 0.948643
vt 0.205227 0.951977
vt 0.199321 0.952104
vt 0.203722 0.964851
vt 0.203347 0.971060
vt 0.198673 0.940675
vt 0.198738 0.936899
vt 0.205434 0.937768
vt 0.205583 0.941080
vt 0.100317 0.944880
vt 0.097185 0.951372
vt 0.095270 0.953328
vt 0.094886 0.950203
vt 0.099912 0.953099
vt 0.095659 0.957808
vt 0.100317 0.975083
vt 0.099734 0.976710
vt 0.291000 0.826561
vt 0.288393 0.826417
vt 0.288410 0.822933
vt 0.295173 0.822856
vt 0.294052 0.829981
vt 0.288206 0.829755
vt 0.331809 0.865193
vt 0.335097 0.862876
vt 0.335097 0.883040
vt 0.331671 0.877855
vt 0.295077 0.818546
vt 0.288206 0.818832
vt 0.288445 0.815532
vt 0.295111 0.814786
vt 0.080340 0.946056
vt 0.085920 0.951313
vt 0.085517 0.954450
vt 0.083551 0.952521
vt 0.085134 0.958951
vt 0.080710 0.954296
vt 0.081216 0.978045
vt 0.080562 0.976412
vt 0.049591 0.973159
vt 0.048729 0.976429
vt 0.048177 0.976284
vt 0.049052 0.973001
vt 0.095068 0.957365
vt 0.094716 0.952854
vt 0.278424 0.760612
vt 0.278399 0.756015
vt 0.278948 0.755857
vt 0.278948 0.760480
vt 0.048154 0.980468
vt 0.049398 0.984858
vt 0.048849 0.984742
vt 0.047595 0.980344
vt 0.080491 0.978321
vt 0.079837 0.976687
vt 0.099179 0.938201
vt 0.098544 0.933760
vt 0.099111 0.933601
vt 0.099758 0.938062
vt 0.069763 0.934956
vt 0.069763 0.940198
vt 0.069084 0.940138
vt 0.069080 0.934933
vt 0.099003 0.976444
vt 0.050778 0.970187
vt 0.050259 0.970019
vt 0.080149 0.954716
vt 0.050778 0.988087
vt 0.050239 0.987975
vt 0.204273 0.964634
vt 0.203899 0.970842
vt 0.085702 0.894400
vt 0.085688 0.890246
vt 0.086345 0.890006
vt 0.086345 0.894206
vt 0.083006 0.952989
vt 0.079837 0.946535
vt 0.226233 0.919658
vt 0.226826 0.900181
vt 0.226628 0.919800
vt 0.205583 0.951764
vt 0.098544 0.942992
vt 0.099102 0.942859
vt 0.306047 0.899123
vt 0.310238 0.900849
vt 0.303493 0.903447
vt 0.303446 0.900354
vt 0.303246 0.897680
vt 0.309038 0.894567
vt 0.218660 0.969842
vt 0.217440 0.982791
vt 0.213687 0.987618
vt 0.213687 0.969986
vt 0.310220 0.905329
vt 0.310433 0.910291
vt 0.303763 0.912102
vt 0.303342 0.907441
vt 0.306255 0.915055
vt 0.303868 0.915695
vt 0.309203 0.919017
vt 0.303633 0.920077
vt 0.305186 0.935681
vt 0.303942 0.935652
vt 0.308350 0.765068
vt 0.310948 0.766221
vt 0.310954 0.769307
vt 0.304206 0.766906
vt 0.305298 0.760612
vt 0.311102 0.763560
vt 0.063675 0.969806
vt 0.068649 0.969806
vt 0.067908 0.987917
vt 0.064328 0.982813
vt 0.304298 0.771391
vt 0.311170 0.773298
vt 0.310860 0.777996
vt 0.304206 0.776380
vt 0.310830 0.781614
vt 0.308459 0.781040
vt 0.311142 0.786023
vt 0.305604 0.785116
vt 0.311040 0.801735
vt 0.309834 0.801784
vt 0.334250 0.835772
vt 0.333063 0.838881
vt 0.332527 0.838825
vt 0.333726 0.835724
vt 0.333804 0.850579
vt 0.335710 0.854708
vt 0.335193 0.854738
vt 0.333276 0.850580
vt 0.312801 0.805511
vt 0.312779 0.800996
vt 0.313352 0.800529
vt 0.313352 0.805024
vt 0.332060 0.842905
vt 0.332812 0.847226
vt 0.332275 0.847201
vt 0.331516 0.842849
vt 0.204113 0.766714
vt 0.204113 0.764339
vt 0.204875 0.764355
vt 0.204875 0.766730
vt 0.111457 0.939640
vt 0.112081 0.944041
vt 0.111517 0.944033
vt 0.110883 0.939630
vt 0.257413 0.908563
vt 0.257413 0.903192
vt 0.257943 0.903140
vt 0.257953 0.908481
vt 0.303365 0.935554
vt 0.303246 0.919933
vt 0.335710 0.833088
vt 0.335205 0.833056
vt 0.114919 0.840998
vt 0.114890 0.819295
vt 0.115319 0.818934
vt 0.115319 0.840768
vt 0.318749 0.972375
vt 0.318749 0.978986
vt 0.318172 0.978893
vt 0.318172 0.972283
vt 0.318816 0.978713
vt 0.318802 0.972323
vt 0.319498 0.972283
vt 0.319498 0.978741
vt 0.066024 0.939837
vt 0.066051 0.935086
vt 0.066717 0.934933
vt 0.066717 0.939731
vt 0.295654 0.945849
vt 0.295654 0.962518
vt 0.294895 0.962402
vt 0.295016 0.945518
vt 0.316122 0.978377
vt 0.316122 0.968534
vt 0.316613 0.967927
vt 0.316770 0.977905
vt 0.112081 0.935007
vt 0.111526 0.934967
vt 0.308144 0.809856
vt 0.304259 0.807096
vt 0.311289 0.805770
vt 0.310958 0.809151
vt 0.311045 0.812406
vt 0.304349 0.813516
vt 0.312185 0.826430
vt 0.310514 0.831302
vt 0.030736 0.943599
vt 0.031705 0.947102
vt 0.025767 0.952031
vt 0.024685 0.948533
vt 0.028493 0.953281
vt 0.026292 0.955055
vt 0.031571 0.954982
vt 0.026432 0.959303
vt 0.026592 0.974501
vt 0.025214 0.975939
vt 0.059856 0.948298
vt 0.057072 0.947695
vt 0.056710 0.944282
vt 0.063675 0.945334
vt 0.063666 0.951907
vt 0.057001 0.950976
vt 0.057598 0.969984
vt 0.055764 0.964834
vt 0.177870 0.943394
vt 0.183988 0.948246
vt 0.182992 0.951754
vt 0.176996 0.946908
vt 0.182531 0.954789
vt 0.180315 0.953049
vt 0.182464 0.959055
vt 0.177288 0.954800
vt 0.183988 0.975810
vt 0.182622 0.974368
vt 0.322258 0.907227
vt 0.322352 0.903601
vt 0.323060 0.903293
vt 0.322994 0.906927
vt 0.319280 0.893726
vt 0.317694 0.891454
vt 0.318388 0.891122
vt 0.319969 0.893396
vt 0.067710 0.939948
vt 0.067696 0.935203
vt 0.068393 0.934933
vt 0.068393 0.939697
vt 0.322361 0.899333
vt 0.320603 0.896001
vt 0.321286 0.895674
vt 0.323035 0.899013
vt 0.183449 0.976105
vt 0.182083 0.974663
vt 0.289781 0.705272
vt 0.290433 0.709638
vt 0.289704 0.709530
vt 0.289070 0.705139
vt 0.304206 0.812975
vt 0.307973 0.809321
vt 0.024685 0.975656
vt 0.026056 0.958847
vt 0.322048 0.910712
vt 0.322812 0.910418
vt 0.176923 0.955234
vt 0.319668 0.930369
vt 0.317694 0.924416
vt 0.318571 0.924098
vt 0.320396 0.930105
vt 0.289835 0.714044
vt 0.289070 0.713983
vt 0.328571 0.922686
vt 0.328571 0.930229
vt 0.328068 0.930274
vt 0.328083 0.922702
vt 0.286386 0.906501
vt 0.286386 0.926259
vt 0.285664 0.925960
vt 0.285682 0.906148
vt 0.290217 0.701163
vt 0.289506 0.701034
vt 0.055764 0.940254
vt 0.062474 0.941287
vt 0.305392 0.803130
vt 0.312185 0.801784
vt 0.299638 0.917134
vt 0.295942 0.906539
vt 0.301523 0.906094
vt 0.301513 0.916758
vt 0.301217 0.925681
vt 0.297144 0.924504
vt 0.303246 0.950863
vt 0.302130 0.952924
vt 0.297619 0.895320
vt 0.303246 0.894567
vt 0.194344 0.692292
vt 0.193727 0.701366
vt 0.192076 0.702681
vt 0.190016 0.694888
vt 0.198648 0.708506
vt 0.194851 0.712013
vt 0.207055 0.724570
vt 0.204475 0.727953
vt 0.298744 0.856207
vt 0.296844 0.855905
vt 0.296847 0.845198
vt 0.302484 0.845465
vt 0.301258 0.863510
vt 0.297145 0.864813
vt 0.296351 0.891798
vt 0.295207 0.889824
vt 0.295207 0.833056
vt 0.300886 0.833636
vt 0.192493 0.935471
vt 0.193556 0.943611
vt 0.191594 0.943216
vt 0.194442 0.953058
vt 0.189786 0.951764
vt 0.191731 0.972244
vt 0.188172 0.970486
vt 0.192308 0.675068
vt 0.189897 0.683211
vt 0.189342 0.683099
vt 0.191750 0.674944
vt 0.194306 0.711914
vt 0.191560 0.702961
vt 0.127814 0.975511
vt 0.127791 0.965847
vt 0.128514 0.965743
vt 0.128514 0.975204
vt 0.189465 0.695094
vt 0.317335 0.977932
vt 0.317335 0.972657
vt 0.318098 0.972283
vt 0.318172 0.977522
vt 0.175693 0.976929
vt 0.175693 0.965610
vt 0.176260 0.965489
vt 0.176260 0.977129
vt 0.242714 0.970297
vt 0.242714 0.978056
vt 0.242177 0.977785
vt 0.242181 0.970024
vt 0.203814 0.727711
vt 0.195001 0.668413
vt 0.194440 0.668284
vt 0.187704 0.971008
vt 0.189325 0.952151
vt 0.207055 0.651674
vt 0.204888 0.653151
vt 0.204399 0.652972
vt 0.206580 0.651500
vt 0.100459 0.933965
vt 0.100459 0.944174
vt 0.099758 0.943815
vt 0.099765 0.933601
vt 0.114461 0.978704
vt 0.114461 0.969893
vt 0.115142 0.970159
vt 0.115134 0.978989
vt 0.115240 0.846694
vt 0.115193 0.868591
vt 0.114754 0.868020
vt 0.114754 0.845995
vt 0.313677 0.844553
vt 0.310148 0.833056
vt 0.315511 0.834595
vt 0.315678 0.844835
vt 0.315105 0.853338
vt 0.311231 0.850768
vt 0.312003 0.878689
vt 0.310148 0.880342
vt 0.134154 0.905126
vt 0.136526 0.916239
vt 0.130951 0.916200
vt 0.128514 0.904781
vt 0.132807 0.923944
vt 0.131064 0.924297
vt 0.136842 0.933104
vt 0.131447 0.934145
vt 0.133691 0.950759
vt 0.128514 0.952161
vt 0.183570 0.856040
vt 0.181589 0.856363
vt 0.181723 0.846169
vt 0.187019 0.844507
vt 0.186011 0.862168
vt 0.182192 0.864818
vt 0.187381 0.891877
vt 0.185513 0.890243
vt 0.171112 0.906458
vt 0.176923 0.906153
vt 0.174699 0.917974
vt 0.168946 0.917975
vt 0.174631 0.926121
vt 0.172808 0.925707
vt 0.174335 0.935550
vt 0.168771 0.934473
vt 0.176923 0.953118
vt 0.171676 0.951750
vt 0.191607 0.791360
vt 0.188466 0.798784
vt 0.187704 0.798868
vt 0.190840 0.791436
vt 0.191887 0.814025
vt 0.195687 0.820713
vt 0.194937 0.820806
vt 0.191184 0.814418
vt 0.135107 0.975272
vt 0.135871 0.966001
vt 0.135737 0.975319
vt 0.188836 0.808285
vt 0.188084 0.808628
vt 0.208015 0.982099
vt 0.205583 0.977644
vt 0.206169 0.976960
vt 0.208658 0.981348
vt 0.303386 0.823351
vt 0.302213 0.814360
vt 0.302965 0.814231
vt 0.304171 0.823477
vt 0.143533 0.800828
vt 0.141381 0.808115
vt 0.140838 0.807479
vt 0.142994 0.800192
vt 0.209002 0.830628
vt 0.208092 0.830640
vt 0.194690 0.784910
vt 0.193918 0.784983
vt 0.208083 0.959819
vt 0.208658 0.959257
vt 0.209002 0.766790
vt 0.207511 0.769156
vt 0.206839 0.769164
vt 0.208348 0.766799
vt 0.187381 0.845122
vt 0.183937 0.856648
vt 0.302213 0.832704
vt 0.302964 0.832858
vt 0.143533 0.830141
vt 0.143042 0.829638
vt 0.212184 0.980725
vt 0.209002 0.970526
vt 0.213687 0.969842
vt 0.213687 0.980269
vt 0.213598 0.989016
vt 0.210155 0.988047
vt 0.187432 0.947228
vt 0.185617 0.967121
vt 0.183988 0.967929
vt 0.183988 0.943394
vt 0.305510 0.651500
vt 0.303660 0.662714
vt 0.298039 0.663342
vt 0.299940 0.651820
vt 0.300021 0.671121
vt 0.297912 0.671696
vt 0.303432 0.680105
vt 0.298075 0.681827
vt 0.305510 0.698709
vt 0.301209 0.700776
vt 0.182251 0.812091
vt 0.180961 0.811128
vt 0.183482 0.801136
vt 0.187704 0.803418
vt 0.182374 0.819812
vt 0.178914 0.819544
vt 0.222758 0.874225
vt 0.226225 0.870483
vt 0.226268 0.895884
vt 0.224621 0.894964
vt 0.267089 0.908552
vt 0.272714 0.908696
vt 0.274535 0.920831
vt 0.268863 0.920375
vt 0.274643 0.929280
vt 0.272525 0.928702
vt 0.274423 0.939041
vt 0.269014 0.937482
vt 0.271488 0.957407
vt 0.267089 0.955581
vt 0.180389 0.811417
vt 0.182914 0.801435
vt 0.180729 0.783489
vt 0.178241 0.776047
vt 0.178800 0.775741
vt 0.181261 0.782824
vt 0.218197 0.967959
vt 0.218963 0.958739
vt 0.218941 0.967769
vt 0.182908 0.789759
vt 0.183476 0.789142
vt 0.265756 0.976970
vt 0.265756 0.971726
vt 0.266548 0.971434
vt 0.266625 0.976650
vt 0.195476 0.971069
vt 0.198431 0.981937
vt 0.197825 0.981852
vt 0.194786 0.970675
vt 0.209685 0.987591
vt 0.211716 0.980267
vt 0.168771 0.767036
vt 0.169447 0.766790
vt 0.178339 0.819830
vt 0.032993 0.977819
vt 0.032982 0.963431
vt 0.033540 0.963160
vt 0.033540 0.977448
vt 0.168846 0.844507
vt 0.168771 0.842272
vt 0.169270 0.842090
vt 0.169332 0.844330
vt 0.267548 0.748882
vt 0.267548 0.759851
vt 0.266887 0.759372
vt 0.266893 0.748399
vt 0.198431 0.962193
vt 0.197763 0.961776
vt 0.226653 0.871246
vt 0.226653 0.896502
vt 0.893795 0.737855
vt 0.892257 0.737887
vt 0.891955 0.735623
vt 0.894695 0.735566
vt 0.719339 0.861696
vt 0.717906 0.861833
vt 0.717027 0.859140
vt 0.719626 0.858894
vt 0.926618 0.922787
vt 0.925257 0.922778
vt 0.924119 0.920450
vt 0.926545 0.920467
vt 0.724352 0.862510
vt 0.722879 0.862068
vt 0.722763 0.859223
vt 0.725435 0.860023
vt 0.994085 0.984412
vt 0.993569 0.982703
vt 0.995255 0.981819
vt 0.996188 0.984919
vt 0.931685 0.922778
vt 0.930101 0.922787
vt 0.929666 0.920467
vt 0.932487 0.920450
vt 0.888726 0.737887
vt 0.887278 0.737855
vt 0.886211 0.735566
vt 0.888790 0.735623
vt 0.993569 0.990257
vt 0.994085 0.988561
vt 0.996188 0.988594
vt 0.995255 0.991671
vt 0.891600 0.724679
vt 0.893468 0.724640
vt 0.889442 0.724679
vt 0.720120 0.850240
vt 0.721892 0.850072
vt 0.724030 0.850296
vt 0.725852 0.850842
vt 0.927193 0.909645
vt 0.929322 0.909645
vt 0.925540 0.909634
vt 0.903023 0.766475
vt 0.905221 0.777300
vt 0.902467 0.777654
vt 0.901145 0.766716
vt 0.899326 0.777654
vt 0.899004 0.766716
vt 0.887683 0.724640
vt 0.931245 0.909634
vt 0.896801 0.777300
vt 0.897282 0.766475
vt 0.719125 0.847147
vt 0.721585 0.846914
vt 0.724553 0.847226
vt 0.929492 0.906970
vt 0.932162 0.906955
vt 0.924242 0.906955
vt 0.926538 0.906970
vt 0.888907 0.722059
vt 0.891902 0.722059
vt 0.886465 0.722005
vt 0.727082 0.847983
vt 0.994045 0.929653
vt 0.994045 0.927147
vt 0.996224 0.926968
vt 0.996224 0.930447
vt 0.894495 0.722005
vt 0.993409 0.931751
vt 0.995341 0.933358
vt 0.993409 0.925033
vt 0.995341 0.924035
vt 0.889555 0.711383
vt 0.891442 0.711383
vt 0.888015 0.711584
vt 0.724540 0.839789
vt 0.726015 0.840767
vt 0.946124 0.898125
vt 0.943186 0.897594
vt 0.945263 0.888495
vt 0.947103 0.888177
vt 0.893075 0.711584
vt 0.948743 0.898260
vt 0.948743 0.887713
vt 0.940868 0.896835
vt 0.943813 0.888565
vt 0.927485 0.898616
vt 0.929347 0.898616
vt 0.721378 0.838644
vt 0.722810 0.838997
vt 0.931024 0.898374
vt 0.926033 0.898374
vt 0.979934 0.932686
vt 0.978798 0.933956
vt 0.977074 0.932402
vt 0.978785 0.930489
vt 0.977993 0.935903
vt 0.977778 0.937905
vt 0.975538 0.938350
vt 0.975862 0.935335
vt 0.978611 0.939466
vt 0.979934 0.940518
vt 0.978785 0.942284
vt 0.976792 0.940701
vt 0.720792 0.835709
vt 0.722948 0.836241
vt 0.725554 0.837434
vt 0.726670 0.841796
vt 0.727776 0.838906
vt 0.728762 0.840456
vt 0.888990 0.708832
vt 0.891833 0.708832
vt 0.886671 0.709134
vt 0.894292 0.709134
vt 0.750118 0.967304
vt 0.747924 0.967011
vt 0.750218 0.956171
vt 0.751382 0.956017
vt 0.889576 0.702305
vt 0.891096 0.702305
vt 0.888336 0.702154
vt 0.782147 0.960414
vt 0.780137 0.958969
vt 0.780916 0.951421
vt 0.782147 0.951970
vt 0.981724 0.771177
vt 0.979464 0.773117
vt 0.980024 0.762422
vt 0.981508 0.762183
vt 0.892411 0.702154
vt 0.983632 0.769207
vt 0.982761 0.761800
vt 0.977573 0.774407
vt 0.978781 0.762440
vt 0.752922 0.967212
vt 0.752881 0.955968
vt 0.720268 0.830069
vt 0.721504 0.829676
vt 0.722995 0.829507
vt 0.755438 0.966765
vt 0.754235 0.956040
vt 0.891349 0.699657
vt 0.893394 0.699422
vt 0.950342 0.732105
vt 0.950342 0.730550
vt 0.953039 0.730956
vt 0.953039 0.733375
vt 0.977573 0.759896
vt 0.979507 0.759867
vt 0.750784 0.952612
vt 0.753116 0.952536
vt 0.718545 0.826771
vt 0.720468 0.826159
vt 0.722789 0.825897
vt 0.755224 0.952648
vt 0.748972 0.952853
vt 0.888983 0.699657
vt 0.949526 0.733181
vt 0.951768 0.735050
vt 0.724266 0.829617
vt 0.724767 0.826068
vt 0.949856 0.728958
vt 0.952283 0.728478
vt 0.981818 0.759495
vt 0.981313 0.750599
vt 0.982590 0.750394
vt 0.890646 0.691417
vt 0.891775 0.691288
vt 0.983767 0.758900
vt 0.983666 0.750065
vt 0.980245 0.750615
vt 0.752106 0.944984
vt 0.753394 0.944942
vt 0.716929 0.819741
vt 0.717991 0.819403
vt 0.719274 0.819258
vt 0.754558 0.945004
vt 0.847348 0.993260
vt 0.845419 0.993411
vt 0.846283 0.985627
vt 0.847348 0.985544
vt 0.889339 0.691417
vt 0.887052 0.699422
vt 0.888273 0.691288
vt 0.843823 0.991902
vt 0.845401 0.984794
vt 0.720366 0.819352
vt 0.719123 0.817464
vt 0.720838 0.817612
vt 0.965567 0.989129
vt 0.964775 0.988010
vt 0.966087 0.986997
vt 0.967330 0.988753
vt 0.963834 0.992816
vt 0.964775 0.992443
vt 0.966087 0.993957
vt 0.964610 0.994542
vt 0.965957 0.990384
vt 0.967942 0.990725
vt 0.963834 0.987386
vt 0.964610 0.986018
vt 0.751587 0.943503
vt 0.753610 0.943437
vt 0.715442 0.818222
vt 0.717110 0.817692
vt 0.755438 0.943534
vt 0.751104 0.945117
vt 0.750016 0.943712
vt 0.965567 0.991536
vt 0.967330 0.992532
vt 0.804530 0.989627
vt 0.802842 0.988974
vt 0.802405 0.980863
vt 0.803140 0.981112
vt 0.987919 0.869849
vt 0.985902 0.870032
vt 0.988008 0.859349
vt 0.988886 0.859347
vt 0.954243 0.898057
vt 0.952469 0.898260
vt 0.951715 0.888579
vt 0.952489 0.888464
vt 0.989632 0.869450
vt 0.989632 0.859238
vt 0.984227 0.869941
vt 0.987278 0.859244
vt 0.752980 0.934245
vt 0.753863 0.934216
vt 0.713952 0.809937
vt 0.714667 0.809645
vt 0.715531 0.809474
vt 0.754659 0.934285
vt 0.752294 0.934363
vt 0.950417 0.898260
vt 0.950820 0.888579
vt 0.948743 0.898057
vt 0.950089 0.888464
vt 0.893766 0.750428
vt 0.886796 0.750428
vt 0.896801 0.750365
vt 0.934195 0.935186
vt 0.931069 0.935204
vt 0.924192 0.935116
vt 0.921504 0.935039
vt 0.858717 0.966128
vt 0.858884 0.967911
vt 0.847898 0.971090
vt 0.847568 0.967572
vt 0.858884 0.960332
vt 0.858717 0.961966
vt 0.847568 0.959357
vt 0.847898 0.956132
vt 0.716780 0.870925
vt 0.713952 0.871196
vt 0.883940 0.750365
vt 0.723793 0.871575
vt 0.993020 0.821501
vt 0.994549 0.821551
vt 0.996050 0.830758
vt 0.993020 0.830675
vt 0.745976 0.992037
vt 0.743731 0.993925
vt 0.742114 0.992298
vt 0.743929 0.990771
vt 0.726716 0.872402
vt 0.725402 0.874852
vt 0.723040 0.874176
vt 0.745243 0.980472
vt 0.746475 0.988530
vt 0.744333 0.987934
vt 0.743336 0.981417
vt 0.895672 0.752448
vt 0.893217 0.752499
vt 0.743731 0.977364
vt 0.742114 0.978903
vt 0.887580 0.752499
vt 0.717372 0.873635
vt 0.715085 0.873854
vt 0.933194 0.937316
vt 0.930666 0.937331
vt 0.925104 0.937275
vt 0.922930 0.937222
vt 0.803031 0.980230
vt 0.803805 0.980743
vt 0.803701 0.979351
vt 0.804324 0.980063
vt 0.804156 0.978568
vt 0.804530 0.979291
vt 0.801745 0.980284
vt 0.802200 0.979501
vt 0.802870 0.978623
vt 0.803496 0.977990
vt 0.801371 0.979562
vt 0.801577 0.978790
vt 0.802095 0.978110
vt 0.802761 0.977740
vt 0.308870 0.721775
vt 0.305886 0.712463
vt 0.311291 0.713254
vt 0.310822 0.721884
vt 0.309880 0.728988
vt 0.306041 0.727204
vt 0.307334 0.749066
vt 0.305659 0.750397
vt 0.305659 0.703233
vt 0.311058 0.703770
vt 0.127399 0.951694
vt 0.123875 0.956911
vt 0.122047 0.956753
vt 0.121948 0.951129
vt 0.127667 0.963385
vt 0.122432 0.963666
vt 0.126662 0.979294
vt 0.121948 0.980428
vt 0.307925 0.670221
vt 0.305973 0.670331
vt 0.305510 0.661697
vt 0.310911 0.660885
vt 0.310748 0.675646
vt 0.306912 0.677444
vt 0.311170 0.699120
vt 0.309489 0.697766
vt 0.305776 0.652064
vt 0.311170 0.651500
vt 0.321133 0.803261
vt 0.326633 0.802893
vt 0.326581 0.808744
vt 0.324720 0.808789
vt 0.326265 0.815625
vt 0.320982 0.815135
vt 0.326550 0.832304
vt 0.321837 0.831077
vt 0.223542 0.811845
vt 0.226257 0.803430
vt 0.226906 0.803340
vt 0.224195 0.811765
vt 0.223420 0.786123
vt 0.220253 0.778328
vt 0.220892 0.778228
vt 0.224020 0.785681
vt 0.232190 0.662877
vt 0.229717 0.669290
vt 0.229115 0.668863
vt 0.231551 0.662762
vt 0.225998 0.792606
vt 0.226641 0.792221
vt 0.326633 0.833056
vt 0.321912 0.831762
vt 0.226527 0.676127
vt 0.226021 0.686577
vt 0.225372 0.686467
vt 0.225893 0.675720
vt 0.229042 0.694384
vt 0.230677 0.700501
vt 0.230022 0.700405
vt 0.228389 0.694285
vt 0.209002 0.766797
vt 0.209778 0.766790
vt 0.220963 0.818738
vt 0.221621 0.818661
vt 0.242977 0.651529
vt 0.242269 0.651500
vt 0.209002 0.837585
vt 0.210033 0.836182
vt 0.210605 0.836177
vt 0.209560 0.837580
vt 0.242977 0.720030
vt 0.242419 0.720008
vt 0.305893 0.876567
vt 0.303910 0.875423
vt 0.308763 0.873708
vt 0.307880 0.876072
vt 0.307713 0.878637
vt 0.302777 0.879478
vt 0.308763 0.889785
vt 0.306450 0.893991
vt 0.193296 0.766421
vt 0.191576 0.765828
vt 0.190930 0.758698
vt 0.193226 0.759347
vt 0.189607 0.760919
vt 0.189343 0.758350
vt 0.082663 0.835284
vt 0.080791 0.837578
vt 0.080791 0.831499
vt 0.082543 0.832929
vt 0.310839 0.751974
vt 0.307329 0.759778
vt 0.305659 0.760245
vt 0.318529 0.880359
vt 0.320917 0.880935
vt 0.320982 0.882718
vt 0.315241 0.881070
vt 0.276179 0.968245
vt 0.278183 0.968564
vt 0.281489 0.971147
vt 0.276524 0.970753
vt 0.278813 0.985841
vt 0.276179 0.981960
vt 0.315132 0.883178
vt 0.320952 0.884951
vt 0.320982 0.887832
vt 0.315250 0.885431
vt 0.320940 0.889837
vt 0.318900 0.888954
vt 0.082663 0.835347
vt 0.082796 0.833025
vt 0.084480 0.831499
vt 0.084480 0.837548
vt 0.311170 0.691202
vt 0.316503 0.691202
vt 0.314775 0.701143
vt 0.313253 0.700185
vt 0.322170 0.954321
vt 0.322447 0.951868
vt 0.322929 0.951718
vt 0.322695 0.954145
vt 0.321814 0.944043
vt 0.321750 0.941409
vt 0.322373 0.941406
vt 0.322416 0.943987
vt 0.032346 0.966310
vt 0.032403 0.963303
vt 0.032982 0.963160
vt 0.032924 0.966136
vt 0.322474 0.948960
vt 0.322046 0.946194
vt 0.322628 0.946099
vt 0.323027 0.948829
vt 0.314549 0.701722
vt 0.313027 0.700764
vt 0.279574 0.830374
vt 0.278948 0.827481
vt 0.279413 0.827498
vt 0.280135 0.830369
vt 0.302484 0.879073
vt 0.305577 0.876172
vt 0.317335 0.930369
vt 0.317985 0.930429
vt 0.321756 0.957074
vt 0.322317 0.956916
vt 0.032369 0.976842
vt 0.032982 0.976578
vt 0.317487 0.972283
vt 0.317335 0.967639
vt 0.317977 0.967546
vt 0.318128 0.972190
vt 0.280229 0.824118
vt 0.280765 0.824155
vt 0.318721 0.889507
vt 0.315139 0.886000
vt 0.079837 0.946506
vt 0.079837 0.963659
vt 0.079209 0.963497
vt 0.079325 0.946273
vt 0.280193 0.833036
vt 0.280765 0.832989
vt 0.195019 0.766765
vt 0.195019 0.759807
vt 0.247758 0.742721
vt 0.242977 0.737925
vt 0.250146 0.739303
vt 0.250282 0.743113
vt 0.250531 0.746780
vt 0.244766 0.745943
vt 0.252995 0.759310
vt 0.251220 0.766640
vt 0.243020 0.733075
vt 0.243679 0.728416
vt 0.250762 0.730545
vt 0.250210 0.734817
vt 0.248984 0.726744
vt 0.251603 0.727621
vt 0.247074 0.721962
vt 0.252995 0.724606
vt 0.295707 0.970065
vt 0.295707 0.986495
vt 0.295103 0.988574
vt 0.291885 0.975351
vt 0.092062 0.920858
vt 0.089558 0.921301
vt 0.089699 0.917469
vt 0.096854 0.915949
vt 0.095031 0.924030
vt 0.089313 0.924991
vt 0.088611 0.944880
vt 0.086779 0.937576
vt 0.096820 0.911074
vt 0.089639 0.912959
vt 0.089050 0.908698
vt 0.096107 0.906433
vt 0.088174 0.905787
vt 0.090783 0.904869
vt 0.086779 0.902792
vt 0.092656 0.900044
vt 0.043292 0.970019
vt 0.047297 0.975306
vt 0.044153 0.988596
vt 0.043477 0.986490
vt 0.318603 0.783792
vt 0.318280 0.787577
vt 0.317622 0.787467
vt 0.317949 0.783658
vt 0.321027 0.799464
vt 0.323207 0.802604
vt 0.322595 0.802530
vt 0.320375 0.799382
vt 0.112139 0.979305
vt 0.112085 0.974147
vt 0.112722 0.973954
vt 0.112722 0.979151
vt 0.318251 0.792051
vt 0.319798 0.796477
vt 0.319144 0.796397
vt 0.317600 0.791974
vt 0.043510 0.988956
vt 0.042833 0.986850
vt 0.275063 0.950866
vt 0.274643 0.945952
vt 0.275280 0.945746
vt 0.275703 0.950692
vt 0.085677 0.890006
vt 0.085688 0.894252
vt 0.085021 0.894456
vt 0.085021 0.890244
vt 0.294458 0.988220
vt 0.291403 0.974829
vt 0.319189 0.780174
vt 0.318548 0.780019
vt 0.042833 0.970518
vt 0.323207 0.760805
vt 0.323133 0.767869
vt 0.322564 0.767676
vt 0.322639 0.760612
vt 0.068398 0.940065
vt 0.068393 0.934946
vt 0.069080 0.934933
vt 0.069080 0.940112
vt 0.265723 0.970395
vt 0.265723 0.977623
vt 0.265104 0.977918
vt 0.265070 0.970638
vt 0.055764 0.869915
vt 0.055727 0.891694
vt 0.055116 0.891640
vt 0.055116 0.869769
vt 0.274643 0.955829
vt 0.275274 0.955650
vt 0.231257 0.732690
vt 0.235404 0.734028
vt 0.229566 0.736220
vt 0.229002 0.733732
vt 0.228233 0.731624
vt 0.233456 0.728926
vt 0.225848 0.725525
vt 0.225372 0.720030
vt 0.235780 0.737739
vt 0.235850 0.742013
vt 0.230036 0.743544
vt 0.229940 0.739481
vt 0.231903 0.746163
vt 0.229797 0.746712
vt 0.234102 0.749664
vt 0.228981 0.750636
vt 0.226867 0.764997
vt 0.225372 0.765091
vt 0.284618 0.726917
vt 0.286879 0.727945
vt 0.286310 0.730427
vt 0.280437 0.728266
vt 0.282410 0.723177
vt 0.287655 0.725850
vt 0.290489 0.714406
vt 0.290035 0.719894
vt 0.280053 0.731982
vt 0.285931 0.733691
vt 0.285850 0.737773
vt 0.280009 0.736273
vt 0.286096 0.740958
vt 0.283988 0.740417
vt 0.286912 0.744905
vt 0.281783 0.743954
vt 0.290489 0.759456
vt 0.289010 0.759355
vt 0.322275 0.705154
vt 0.320677 0.707182
vt 0.320184 0.706835
vt 0.321777 0.704812
vt 0.318656 0.717151
vt 0.319061 0.721317
vt 0.318535 0.721032
vt 0.318143 0.716845
vt 0.273191 0.759673
vt 0.273179 0.756148
vt 0.273711 0.755841
vt 0.273711 0.759345
vt 0.318940 0.709997
vt 0.318648 0.713949
vt 0.318146 0.713627
vt 0.318455 0.709655
vt 0.206874 0.764339
vt 0.206874 0.766328
vt 0.206221 0.766345
vt 0.206221 0.764356
vt 0.266314 0.967671
vt 0.267089 0.971280
vt 0.266528 0.971434
vt 0.265756 0.967822
vt 0.269520 0.755941
vt 0.269520 0.760471
vt 0.268946 0.760442
vt 0.268939 0.755935
vt 0.323930 0.737454
vt 0.323414 0.737257
vt 0.323930 0.703563
vt 0.323428 0.703233
vt 0.143246 0.921050
vt 0.143246 0.902570
vt 0.143697 0.902169
vt 0.143723 0.920705
vt 0.328571 0.928357
vt 0.328571 0.922795
vt 0.329106 0.922686
vt 0.329106 0.928248
vt 0.127940 0.980853
vt 0.127928 0.975511
vt 0.128514 0.975524
vt 0.128514 0.980921
vt 0.267089 0.958460
vt 0.266612 0.963548
vt 0.266052 0.963674
vt 0.266520 0.958588
vt 0.320903 0.805875
vt 0.320903 0.821217
vt 0.320277 0.821007
vt 0.320403 0.805511
vt 0.114754 0.897270
vt 0.114754 0.887384
vt 0.115122 0.886830
vt 0.115267 0.896794
vt 0.260830 0.911887
vt 0.265293 0.912444
vt 0.260100 0.914735
vt 0.258850 0.912949
vt 0.257415 0.911564
vt 0.262090 0.908706
vt 0.314634 0.882363
vt 0.314088 0.891921
vt 0.312280 0.893991
vt 0.308763 0.882363
vt 0.266461 0.915423
vt 0.267089 0.919293
vt 0.261794 0.921028
vt 0.261274 0.917233
vt 0.263758 0.923452
vt 0.261821 0.924095
vt 0.266127 0.926687
vt 0.261230 0.928075
vt 0.259092 0.943485
vt 0.221756 0.731060
vt 0.223749 0.732092
vt 0.222482 0.733836
vt 0.217236 0.731611
vt 0.220489 0.727953
vt 0.225204 0.730757
vt 0.267664 0.821569
vt 0.273213 0.819473
vt 0.273213 0.832046
vt 0.270718 0.830629
vt 0.216047 0.734554
vt 0.221292 0.736296
vt 0.220780 0.740091
vt 0.215440 0.738419
vt 0.220758 0.743164
vt 0.218813 0.742542
vt 0.221353 0.747161
vt 0.216433 0.745815
vt 0.225204 0.763216
vt 0.223532 0.762718
vt 0.239033 0.922206
vt 0.238941 0.925204
vt 0.238418 0.925293
vt 0.238487 0.922289
vt 0.241347 0.934510
vt 0.242714 0.937070
vt 0.242147 0.937204
vt 0.240803 0.934633
vt 0.279528 0.758031
vt 0.279528 0.753485
vt 0.279988 0.753137
vt 0.280001 0.757692
vt 0.238916 0.928826
vt 0.240271 0.932145
vt 0.239748 0.932259
vt 0.238420 0.928927
vt 0.041963 0.962376
vt 0.042114 0.960480
vt 0.042670 0.960396
vt 0.042520 0.962293
vt 0.318961 0.698223
vt 0.318546 0.694382
vt 0.319063 0.694397
vt 0.319460 0.698257
vt 0.270638 0.756116
vt 0.270629 0.760594
vt 0.270128 0.760385
vt 0.270128 0.755935
vt 0.278802 0.819832
vt 0.278802 0.832887
vt 0.278279 0.832717
vt 0.278356 0.819473
vt 0.239198 0.919412
vt 0.238631 0.919492
vt 0.041963 0.944195
vt 0.042450 0.943927
vt 0.242242 0.903497
vt 0.242714 0.909146
vt 0.242068 0.909259
vt 0.241596 0.903610
vt 0.260928 0.911482
vt 0.265436 0.912055
vt 0.113263 0.973954
vt 0.113256 0.980141
vt 0.112722 0.980214
vt 0.112722 0.973994
vt 0.031706 0.978374
vt 0.031706 0.963160
vt 0.032346 0.963299
vt 0.032245 0.978510
vt 0.318546 0.702031
vt 0.319066 0.702066
vt 0.191335 0.978414
vt 0.187704 0.975081
vt 0.193598 0.976191
vt 0.193613 0.978754
vt 0.193776 0.981351
vt 0.188677 0.980295
vt 0.039436 0.984001
vt 0.039615 0.974157
vt 0.042568 0.970035
vt 0.042568 0.986949
vt 0.331589 0.802431
vt 0.331587 0.806318
vt 0.327385 0.809645
vt 0.327072 0.805879
vt 0.329101 0.811533
vt 0.327627 0.812747
vt 0.332845 0.802853
vt 0.335527 0.805423
vt 0.332077 0.807698
vt 0.331589 0.803820
vt 0.333063 0.822933
vt 0.331589 0.823791
vt 0.269616 0.963519
vt 0.267281 0.963818
vt 0.267297 0.961258
vt 0.273339 0.960244
vt 0.272373 0.965443
vt 0.267089 0.966413
vt 0.268013 0.981630
vt 0.267733 0.977621
vt 0.282325 0.971426
vt 0.286582 0.975209
vt 0.285946 0.978996
vt 0.281979 0.975384
vt 0.285444 0.982096
vt 0.284059 0.980788
vt 0.284808 0.986181
vt 0.281783 0.983287
vt 0.076365 0.967993
vt 0.079469 0.970796
vt 0.077696 0.986908
vt 0.076365 0.985780
vt 0.106768 0.976809
vt 0.106941 0.979567
vt 0.106498 0.979578
vt 0.106334 0.976800
vt 0.327928 0.816865
vt 0.327399 0.816569
vt 0.327129 0.812428
vt 0.333028 0.802431
vt 0.335701 0.805037
vt 0.326912 0.809308
vt 0.326633 0.805520
vt 0.208076 0.764466
vt 0.208076 0.766373
vt 0.207526 0.766247
vt 0.207526 0.764339
vt 0.281859 0.971690
vt 0.281489 0.968509
vt 0.281975 0.968245
vt 0.314496 0.800461
vt 0.314496 0.805387
vt 0.313939 0.805274
vt 0.313937 0.800376
vt 0.331589 0.833056
vt 0.330957 0.832865
vt 0.106941 0.974150
vt 0.106526 0.974121
vt 0.226233 0.938005
vt 0.226233 0.920085
vt 0.226732 0.919800
vt 0.226856 0.937782
vt 0.268317 0.755945
vt 0.268317 0.760612
vt 0.267664 0.760602
vt 0.267664 0.755935
vt 0.273536 0.960681
vt 0.269856 0.963928
vt 0.283538 0.981022
vt 0.281489 0.975620
vt 0.272632 0.965852
vt 0.268460 0.981990
vt 0.279528 0.729871
vt 0.279528 0.718628
vt 0.279799 0.718208
vt 0.279970 0.729467
vt 0.327935 0.803321
vt 0.327470 0.802960
vt 0.267089 0.958415
vt 0.273193 0.957407
vt 0.187787 0.972244
vt 0.193776 0.973348
vt 0.313876 0.743640
vt 0.316893 0.746362
vt 0.311647 0.747032
vt 0.311855 0.744080
vt 0.311975 0.741376
vt 0.316388 0.740260
vt 0.265070 0.971328
vt 0.264278 0.982277
vt 0.261150 0.986768
vt 0.261150 0.970395
vt 0.316690 0.750315
vt 0.316893 0.754287
vt 0.311725 0.754302
vt 0.311291 0.750656
vt 0.313783 0.756985
vt 0.311946 0.756963
vt 0.316221 0.760532
vt 0.312027 0.759956
vt 0.291403 0.970065
vt 0.291403 0.986350
vt 0.290660 0.988092
vt 0.287269 0.974371
vt 0.073884 0.971329
vt 0.075961 0.971725
vt 0.076085 0.974702
vt 0.070684 0.974141
vt 0.071360 0.967993
vt 0.075942 0.968988
vt 0.198431 0.971971
vt 0.202239 0.971060
vt 0.202239 0.987452
vt 0.199087 0.982982
vt 0.070830 0.978100
vt 0.076365 0.978345
vt 0.076006 0.981932
vt 0.070684 0.982018
vt 0.075863 0.984533
vt 0.073972 0.984590
vt 0.324192 0.869969
vt 0.326004 0.871637
vt 0.325595 0.874672
vt 0.321426 0.870427
vt 0.322334 0.888950
vt 0.321580 0.887239
vt 0.186259 0.970433
vt 0.185261 0.973182
vt 0.184828 0.973077
vt 0.185839 0.970329
vt 0.185875 0.983535
vt 0.187498 0.987111
vt 0.187085 0.987067
vt 0.185451 0.983473
vt 0.140838 0.849388
vt 0.140838 0.844868
vt 0.141144 0.844631
vt 0.141169 0.849153
vt 0.184429 0.976697
vt 0.185042 0.980572
vt 0.184609 0.980494
vt 0.183988 0.976599
vt 0.321736 0.889254
vt 0.320982 0.887543
vt 0.317396 0.756007
vt 0.316893 0.752089
vt 0.317324 0.752041
vt 0.317839 0.755970
vt 0.220093 0.763285
vt 0.220093 0.766768
vt 0.219506 0.766672
vt 0.219501 0.763216
vt 0.290061 0.987788
vt 0.286807 0.973907
vt 0.187498 0.968027
vt 0.187095 0.967929
vt 0.320982 0.870868
vt 0.242166 0.970024
vt 0.241439 0.964303
vt 0.241987 0.964162
vt 0.242714 0.969882
vt 0.312185 0.805511
vt 0.312185 0.800642
vt 0.312779 0.800587
vt 0.312766 0.805506
vt 0.113677 0.979849
vt 0.113677 0.974095
vt 0.114236 0.973954
vt 0.114261 0.979744
vt 0.143370 0.942922
vt 0.143206 0.928377
vt 0.143743 0.942862
vt 0.242302 0.954524
vt 0.242714 0.954457
vt 0.316893 0.760156
vt 0.317315 0.760135
vt 0.131674 0.959144
vt 0.128764 0.956478
vt 0.134241 0.955694
vt 0.133877 0.958670
vt 0.133884 0.961512
vt 0.128514 0.962296
vt 0.135107 0.973138
vt 0.133249 0.977810
vt 0.330869 0.833056
vt 0.331516 0.836652
vt 0.327084 0.841206
vt 0.326249 0.837757
vt 0.329200 0.842451
vt 0.327552 0.844094
vt 0.331516 0.844242
vt 0.327846 0.848004
vt 0.328726 0.861857
vt 0.327929 0.862876
vt 0.118783 0.958074
vt 0.116598 0.957611
vt 0.116216 0.954645
vt 0.121660 0.955398
vt 0.121948 0.961190
vt 0.116599 0.960448
vt 0.117247 0.976770
vt 0.115319 0.972108
vt 0.252339 0.946758
vt 0.257289 0.950945
vt 0.256642 0.954552
vt 0.251869 0.950519
vt 0.256346 0.957532
vt 0.254579 0.956083
vt 0.256303 0.961504
vt 0.252313 0.958212
vt 0.257289 0.976441
vt 0.256380 0.975560
vt 0.142968 0.850723
vt 0.142733 0.848124
vt 0.143241 0.847653
vt 0.143506 0.850263
vt 0.327389 0.847787
vt 0.327112 0.843845
vt 0.269537 0.759973
vt 0.269520 0.756131
vt 0.270128 0.759779
vt 0.221219 0.766704
vt 0.221235 0.763277
vt 0.221639 0.763216
vt 0.221639 0.766674
vt 0.206874 0.766071
vt 0.206874 0.764357
vt 0.207526 0.764339
vt 0.207526 0.766054
vt 0.284808 0.824311
vt 0.285397 0.827205
vt 0.284778 0.827039
vt 0.271134 0.755841
vt 0.271134 0.760594
vt 0.270642 0.760591
vt 0.270638 0.755867
vt 0.327372 0.862802
vt 0.143175 0.853398
vt 0.143743 0.852950
vt 0.255845 0.975665
vt 0.251909 0.958420
vt 0.326658 0.840931
vt 0.143158 0.868385
vt 0.141242 0.865023
vt 0.141947 0.864617
vt 0.143743 0.868048
vt 0.284855 0.832027
vt 0.284205 0.831911
vt 0.254176 0.956335
vt 0.251495 0.950776
vt 0.226858 0.938345
vt 0.226858 0.955799
vt 0.226233 0.955578
vt 0.226271 0.938004
vt 0.276425 0.756254
vt 0.276425 0.760055
vt 0.276011 0.759958
vt 0.276040 0.756132
vt 0.142470 0.845274
vt 0.142944 0.844793
vt 0.115319 0.951129
vt 0.120480 0.951820
vt 0.129907 0.952874
vt 0.135107 0.952161
vt 0.290523 0.866067
vt 0.286807 0.856939
vt 0.291544 0.856899
vt 0.292110 0.865922
vt 0.292322 0.873325
vt 0.288787 0.872104
vt 0.295207 0.893132
vt 0.294336 0.894567
vt 0.287493 0.846441
vt 0.292249 0.846112
vt 0.292074 0.840783
vt 0.293683 0.840194
vt 0.290418 0.834090
vt 0.295207 0.833056
vt 0.186707 0.892381
vt 0.186202 0.905241
vt 0.181589 0.905822
vt 0.181589 0.891877
vt 0.038669 0.915267
vt 0.037107 0.915119
vt 0.037694 0.906078
vt 0.042376 0.906117
vt 0.040362 0.921313
vt 0.036862 0.922535
vt 0.034598 0.943927
vt 0.033770 0.942483
vt 0.036912 0.895005
vt 0.041614 0.895329
vt 0.035369 0.889058
vt 0.036963 0.889676
vt 0.038521 0.883309
vt 0.322813 0.688170
vt 0.328002 0.687922
vt 0.327916 0.701909
vt 0.323282 0.701182
vt 0.245676 0.856938
vt 0.243273 0.865303
vt 0.242714 0.865363
vt 0.245114 0.856988
vt 0.245545 0.882910
vt 0.248311 0.890943
vt 0.247761 0.891013
vt 0.245026 0.883327
vt 0.168271 0.802992
vt 0.167758 0.794428
vt 0.168368 0.794389
vt 0.168737 0.802680
vt 0.243422 0.876244
vt 0.242867 0.876603
vt 0.328002 0.702814
vt 0.323361 0.702007
vt 0.320982 0.833615
vt 0.317863 0.843664
vt 0.317371 0.843391
vt 0.320579 0.833056
vt 0.316176 0.851757
vt 0.317393 0.858342
vt 0.316892 0.858080
vt 0.315678 0.851492
vt 0.257998 0.903140
vt 0.257331 0.903109
vt 0.248218 0.850135
vt 0.247652 0.850181
vt 0.167758 0.818650
vt 0.168221 0.818225
vt 0.207577 0.727867
vt 0.207566 0.725809
vt 0.207989 0.725354
vt 0.207989 0.727425
vt 0.287265 0.845911
vt 0.291860 0.840238
vt 0.320982 0.880359
vt 0.320540 0.880193
vt 0.257998 0.833079
vt 0.257505 0.833056
vt 0.326131 0.939044
vt 0.323027 0.930369
vt 0.328188 0.932078
vt 0.328019 0.939392
vt 0.327287 0.945560
vt 0.323592 0.943260
vt 0.324697 0.965478
vt 0.323027 0.966774
vt 0.316510 0.760949
vt 0.317564 0.770324
vt 0.312253 0.770244
vt 0.311170 0.760612
vt 0.313995 0.776752
vt 0.312239 0.777036
vt 0.317600 0.784473
vt 0.312474 0.785299
vt 0.315868 0.799207
vt 0.311170 0.800331
vt 0.323150 0.841748
vt 0.321233 0.842026
vt 0.320982 0.834565
vt 0.326249 0.833056
vt 0.325785 0.846149
vt 0.322022 0.848321
vt 0.326249 0.869969
vt 0.324570 0.868598
vt 0.312282 0.651870
vt 0.317614 0.651500
vt 0.316475 0.661296
vt 0.311172 0.661414
vt 0.316494 0.668162
vt 0.314744 0.667868
vt 0.316288 0.676122
vt 0.311170 0.675322
vt 0.317614 0.691202
vt 0.312933 0.690112
vt 0.028014 0.840067
vt 0.025334 0.848217
vt 0.024685 0.848334
vt 0.027360 0.840175
vt 0.028247 0.864588
vt 0.031484 0.871822
vt 0.030845 0.871948
vt 0.027648 0.865038
vt 0.237509 0.822211
vt 0.240509 0.816568
vt 0.241111 0.817000
vt 0.238146 0.822342
vt 0.025647 0.858515
vt 0.025006 0.858913
vt 0.067696 0.934933
vt 0.067637 0.939865
vt 0.067029 0.939867
vt 0.067029 0.934935
vt 0.243053 0.809475
vt 0.243498 0.799333
vt 0.244145 0.799459
vt 0.243688 0.809889
vt 0.241015 0.792179
vt 0.238941 0.785817
vt 0.239595 0.785929
vt 0.241666 0.792294
vt 0.042833 0.882233
vt 0.042057 0.882276
vt 0.030641 0.833265
vt 0.029983 0.833370
vt 0.226906 0.833008
vt 0.227612 0.833056
vt 0.042833 0.814298
vt 0.041573 0.816020
vt 0.041000 0.816052
vt 0.042275 0.814329
vt 0.226906 0.766790
vt 0.227463 0.766828
vt 0.294983 0.711313
vt 0.296118 0.719074
vt 0.291387 0.718980
vt 0.293222 0.711306
vt 0.295284 0.705203
vt 0.298436 0.706307
vt 0.261150 0.972598
vt 0.259044 0.987181
vt 0.257415 0.988094
vt 0.257415 0.970395
vt 0.295243 0.729564
vt 0.290489 0.729759
vt 0.292557 0.736322
vt 0.290802 0.736781
vt 0.295927 0.744199
vt 0.291449 0.745296
vt 0.298436 0.758258
vt 0.294845 0.759456
vt 0.291704 0.766704
vt 0.293451 0.766700
vt 0.295389 0.774363
vt 0.290714 0.774452
vt 0.288206 0.761708
vt 0.291302 0.760612
vt 0.247427 0.969733
vt 0.251234 0.967757
vt 0.251094 0.985829
vt 0.249462 0.984781
vt 0.296359 0.785428
vt 0.291660 0.785232
vt 0.296005 0.792525
vt 0.294264 0.792031
vt 0.295306 0.800701
vt 0.290886 0.799595
vt 0.291753 0.814786
vt 0.288206 0.813595
vt 0.254208 0.696937
vt 0.256601 0.688303
vt 0.257143 0.688192
vt 0.254753 0.696836
vt 0.254497 0.670798
vt 0.252070 0.662945
vt 0.252603 0.662825
vt 0.255004 0.670331
vt 0.233129 0.843857
vt 0.232388 0.850762
vt 0.231881 0.850281
vt 0.232586 0.843691
vt 0.256571 0.677304
vt 0.257111 0.676893
vt 0.231811 0.979303
vt 0.231811 0.973796
vt 0.232491 0.973563
vt 0.232557 0.979047
vt 0.228045 0.856954
vt 0.227459 0.867594
vt 0.226906 0.867434
vt 0.227509 0.856492
vt 0.231387 0.876331
vt 0.231646 0.882318
vt 0.231087 0.882171
vt 0.230830 0.876181
vt 0.242977 0.651529
vt 0.243623 0.651500
vt 0.252163 0.703961
vt 0.252711 0.703863
vt 0.242714 0.833138
vt 0.242110 0.833056
vt 0.251234 0.986463
vt 0.249606 0.985432
vt 0.242714 0.903497
vt 0.242238 0.903433
vt 0.242977 0.721962
vt 0.243454 0.721940
vt 0.933063 0.810216
vt 0.931722 0.810144
vt 0.931181 0.808188
vt 0.933569 0.808313
vt 0.933946 0.810469
vt 0.935165 0.808773
vt 0.958395 0.731902
vt 0.958718 0.733421
vt 0.957636 0.734306
vt 0.957064 0.731600
vt 0.955506 0.710751
vt 0.954202 0.710628
vt 0.953510 0.709055
vt 0.955875 0.709275
vt 0.775986 0.894604
vt 0.775003 0.894881
vt 0.773932 0.893268
vt 0.775718 0.892771
vt 0.855125 0.938678
vt 0.853782 0.938620
vt 0.853303 0.936969
vt 0.855695 0.937070
vt 0.928952 0.810274
vt 0.927951 0.810457
vt 0.926913 0.808624
vt 0.928698 0.808304
vt 0.780056 0.893860
vt 0.778761 0.894044
vt 0.778177 0.892277
vt 0.780525 0.891945
vt 0.870474 0.753236
vt 0.870474 0.750479
vt 0.871772 0.750573
vt 0.871772 0.753683
vt 0.957353 0.728530
vt 0.958718 0.728478
vt 0.931589 0.800943
vt 0.933218 0.801028
vt 0.929897 0.801019
vt 0.949526 0.708256
vt 0.951665 0.700555
vt 0.952765 0.700845
vt 0.951141 0.708675
vt 0.954380 0.701105
vt 0.955993 0.701250
vt 0.850836 0.936804
vt 0.851807 0.928921
vt 0.853489 0.929030
vt 0.849080 0.936627
vt 0.850609 0.928799
vt 0.778707 0.884520
vt 0.777107 0.884749
vt 0.775430 0.885086
vt 0.928680 0.801231
vt 0.855119 0.929093
vt 0.774212 0.885423
vt 0.934305 0.801346
vt 0.933792 0.798892
vt 0.935302 0.799329
vt 0.951916 0.699040
vt 0.954158 0.699396
vt 0.853511 0.927198
vt 0.855774 0.927287
vt 0.873159 0.750580
vt 0.873158 0.752481
vt 0.871772 0.753118
vt 0.871772 0.750479
vt 0.929183 0.798877
vt 0.931532 0.798772
vt 0.927494 0.799171
vt 0.956398 0.699596
vt 0.774698 0.883142
vt 0.777027 0.882678
vt 0.779250 0.882366
vt 0.773008 0.883609
vt 0.851176 0.927048
vt 0.930200 0.791738
vt 0.931681 0.791675
vt 0.929127 0.792074
vt 0.954192 0.692608
vt 0.955550 0.693115
vt 0.775455 0.876617
vt 0.776831 0.875869
vt 0.933095 0.791906
vt 0.778155 0.875288
vt 0.857311 0.927223
vt 0.855407 0.920979
vt 0.856373 0.920548
vt 0.852511 0.920997
vt 0.853983 0.921090
vt 0.950387 0.698642
vt 0.951934 0.691288
vt 0.952843 0.691926
vt 0.849515 0.926884
vt 0.851463 0.920731
vt 0.776331 0.874203
vt 0.778324 0.873326
vt 0.867147 0.984789
vt 0.866005 0.985082
vt 0.864839 0.983493
vt 0.866557 0.983052
vt 0.865281 0.986451
vt 0.864922 0.988243
vt 0.863208 0.988254
vt 0.863748 0.985554
vt 0.934022 0.792561
vt 0.933912 0.789986
vt 0.935308 0.790973
vt 0.865936 0.990843
vt 0.867147 0.991237
vt 0.866557 0.992763
vt 0.864733 0.992169
vt 0.865043 0.989887
vt 0.863391 0.990730
vt 0.929553 0.789728
vt 0.931782 0.789635
vt 0.927935 0.790237
vt 0.774260 0.875333
vt 0.774623 0.977611
vt 0.773008 0.977661
vt 0.774347 0.969210
vt 0.775171 0.968958
vt 0.929928 0.784911
vt 0.931120 0.784862
vt 0.929070 0.784955
vt 0.961565 0.989238
vt 0.959710 0.987969
vt 0.959345 0.980199
vt 0.960459 0.980344
vt 0.777114 0.868079
vt 0.778282 0.868129
vt 0.932265 0.784825
vt 0.779398 0.868209
vt 0.780137 0.975336
vt 0.778855 0.976375
vt 0.777472 0.968516
vt 0.778253 0.968506
vt 0.776804 0.977131
vt 0.776336 0.968699
vt 0.957917 0.986448
vt 0.956758 0.985159
vt 0.957503 0.979857
vt 0.958242 0.980017
vt 0.930865 0.782485
vt 0.932646 0.782426
vt 0.778763 0.865677
vt 0.780502 0.865809
vt 0.776267 0.868075
vt 0.775623 0.865576
vt 0.776943 0.865590
vt 0.774289 0.966612
vt 0.776103 0.966209
vt 0.933025 0.784813
vt 0.933830 0.782400
vt 0.957258 0.977561
vt 0.958978 0.977836
vt 0.777871 0.965927
vt 0.773008 0.967009
vt 0.929011 0.782559
vt 0.927675 0.782625
vt 0.960715 0.978054
vt 0.780346 0.859313
vt 0.781355 0.859376
vt 0.929991 0.776051
vt 0.930975 0.776013
vt 0.782319 0.859461
vt 0.779613 0.859294
vt 0.775281 0.960402
vt 0.776283 0.960178
vt 0.956104 0.977318
vt 0.956104 0.970664
vt 0.956746 0.970788
vt 0.957702 0.970926
vt 0.777260 0.960025
vt 0.962020 0.978114
vt 0.958667 0.971035
vt 0.959389 0.971063
vt 0.928967 0.776090
vt 0.928230 0.776119
vt 0.825008 0.882899
vt 0.824165 0.882456
vt 0.824172 0.881180
vt 0.825496 0.881877
vt 0.823221 0.886759
vt 0.824217 0.886759
vt 0.824254 0.887937
vt 0.822688 0.887937
vt 0.822337 0.882899
vt 0.822004 0.883970
vt 0.820776 0.883558
vt 0.821300 0.881877
vt 0.822378 0.886315
vt 0.821364 0.887240
vt 0.825049 0.886316
vt 0.825561 0.887240
vt 0.774630 0.959401
vt 0.776202 0.959048
vt 0.823169 0.882456
vt 0.822607 0.881180
vt 0.777736 0.958809
vt 0.825368 0.883970
vt 0.826062 0.883558
vt 0.822019 0.885244
vt 0.820800 0.885559
vt 0.985552 0.994571
vt 0.984040 0.994360
vt 0.983199 0.985940
vt 0.983862 0.985969
vt 0.723312 0.991568
vt 0.721754 0.991929
vt 0.723463 0.983407
vt 0.724150 0.983323
vt 0.985255 0.942628
vt 0.983709 0.942628
vt 0.983076 0.934774
vt 0.983750 0.934749
vt 0.724809 0.991263
vt 0.724809 0.983252
vt 0.720632 0.992230
vt 0.722968 0.983476
vt 0.775484 0.951656
vt 0.776170 0.951501
vt 0.986284 0.942625
vt 0.984197 0.934687
vt 0.982543 0.994104
vt 0.982543 0.985902
vt 0.776842 0.951421
vt 0.986687 0.994647
vt 0.984359 0.985976
vt 0.982099 0.942628
vt 0.982374 0.934773
vt 0.980941 0.942628
vt 0.981868 0.934746
vt 0.932517 0.824350
vt 0.927048 0.824617
vt 0.935128 0.824400
vt 0.855741 0.953233
vt 0.852980 0.953361
vt 0.956483 0.710670
vt 0.958989 0.725732
vt 0.956627 0.725648
vt 0.780470 0.908147
vt 0.778980 0.908174
vt 0.856022 0.938636
vt 0.857311 0.953528
vt 0.936773 0.824560
vt 0.925038 0.824891
vt 0.951530 0.710196
vt 0.955224 0.725855
vt 0.950042 0.724962
vt 0.773469 0.909366
vt 0.851028 0.938434
vt 0.847568 0.952943
vt 0.928056 0.826818
vt 0.926456 0.827128
vt 0.955863 0.728478
vt 0.953786 0.728261
vt 0.780253 0.911000
vt 0.775829 0.911917
vt 0.934619 0.826724
vt 0.932479 0.826598
vt 0.782319 0.910706
vt 0.868730 0.750479
vt 0.870417 0.750516
vt 0.870474 0.753737
vt 0.868730 0.752885
vt 0.936027 0.827128
vt 0.949526 0.727544
vt 0.854569 0.956132
vt 0.852425 0.956031
vt 0.957423 0.728345
vt 0.848030 0.955726
vt 0.758203 0.837635
vt 0.758115 0.838544
vt 0.757394 0.838683
vt 0.757631 0.837947
vt 0.758115 0.839670
vt 0.757394 0.839554
vt 0.758203 0.840576
vt 0.757631 0.840283
vt 0.758884 0.837623
vt 0.758972 0.838530
vt 0.758972 0.839656
vt 0.758884 0.840565
vt 0.759456 0.837917
vt 0.759693 0.838645
vt 0.759693 0.839516
vt 0.759456 0.840252
vt 0.332859 0.719361
vt 0.329802 0.712023
vt 0.333476 0.712077
vt 0.334059 0.719287
vt 0.334404 0.725170
vt 0.331633 0.724136
vt 0.205116 0.973297
vt 0.203544 0.987095
vt 0.202239 0.987830
vt 0.330705 0.703416
vt 0.334404 0.703233
vt 0.131890 0.878404
vt 0.131623 0.885057
vt 0.130521 0.886013
vt 0.129021 0.880362
vt 0.135021 0.890158
vt 0.132527 0.892781
vt 0.141083 0.902201
vt 0.139414 0.904781
vt 0.111811 0.839504
vt 0.110634 0.839415
vt 0.111239 0.832174
vt 0.114859 0.832152
vt 0.112995 0.844314
vt 0.110259 0.845328
vt 0.052741 0.917162
vt 0.055598 0.914929
vt 0.055598 0.932298
vt 0.054296 0.931512
vt 0.110259 0.823101
vt 0.113904 0.823313
vt 0.328188 0.930369
vt 0.331568 0.930503
vt 0.332248 0.936475
vt 0.330881 0.936189
vt 0.332799 0.943406
vt 0.329517 0.942466
vt 0.331034 0.957459
vt 0.328484 0.956187
vt 0.130630 0.866674
vt 0.128913 0.872169
vt 0.128514 0.872041
vt 0.130228 0.866537
vt 0.132134 0.892664
vt 0.130150 0.886164
vt 0.105185 0.980120
vt 0.105185 0.974160
vt 0.105748 0.974121
vt 0.105706 0.979982
vt 0.128625 0.880457
vt 0.114284 0.823079
vt 0.114284 0.819055
vt 0.114840 0.818934
vt 0.114890 0.822947
vt 0.257037 0.924651
vt 0.257037 0.916530
vt 0.257413 0.916399
vt 0.257413 0.924751
vt 0.168054 0.818794
vt 0.168059 0.824109
vt 0.167679 0.823967
vt 0.167677 0.818650
vt 0.138952 0.904554
vt 0.132532 0.862201
vt 0.132128 0.862061
vt 0.328188 0.956564
vt 0.329217 0.942750
vt 0.141083 0.851354
vt 0.139591 0.852336
vt 0.139240 0.852168
vt 0.140741 0.851190
vt 0.279975 0.738993
vt 0.279975 0.746246
vt 0.279528 0.745886
vt 0.279531 0.738631
vt 0.279528 0.753060
vt 0.279528 0.746246
vt 0.279949 0.746300
vt 0.279947 0.753137
vt 0.168022 0.837119
vt 0.167677 0.837037
vt 0.325554 0.912528
vt 0.323060 0.910899
vt 0.327767 0.910006
vt 0.327496 0.912350
vt 0.327526 0.914660
vt 0.323151 0.915102
vt 0.326720 0.922946
vt 0.326310 0.927615
vt 0.323160 0.908144
vt 0.323403 0.905505
vt 0.328025 0.904397
vt 0.327921 0.907223
vt 0.326392 0.902749
vt 0.328059 0.902283
vt 0.324450 0.901268
vt 0.328068 0.899826
vt 0.323060 0.892047
vt 0.323720 0.891122
vt 0.325537 0.672762
vt 0.323580 0.672604
vt 0.323335 0.670286
vt 0.328093 0.671160
vt 0.327939 0.675313
vt 0.323478 0.674926
vt 0.324292 0.687922
vt 0.323851 0.683275
vt 0.327957 0.668419
vt 0.323145 0.667533
vt 0.322975 0.664747
vt 0.327669 0.665803
vt 0.322883 0.662658
vt 0.324562 0.663100
vt 0.322813 0.660221
vt 0.326538 0.661595
vt 0.326978 0.651500
vt 0.327691 0.652404
vt 0.114677 0.920022
vt 0.114464 0.917808
vt 0.114907 0.917788
vt 0.115144 0.919984
vt 0.112582 0.910474
vt 0.112238 0.908096
vt 0.112679 0.908185
vt 0.113058 0.910533
vt 0.207055 0.727794
vt 0.207055 0.725354
vt 0.207566 0.725498
vt 0.207555 0.727868
vt 0.114036 0.915153
vt 0.113118 0.912490
vt 0.113611 0.912524
vt 0.114528 0.915159
vt 0.207989 0.726928
vt 0.208507 0.725402
vt 0.208508 0.726976
vt 0.024751 0.978693
vt 0.024685 0.976013
vt 0.025103 0.975939
vt 0.025237 0.978591
vt 0.274217 0.755881
vt 0.274217 0.759499
vt 0.273713 0.759433
vt 0.110883 0.898624
vt 0.111178 0.898714
vt 0.114394 0.922324
vt 0.114865 0.922299
vt 0.328093 0.652396
vt 0.326787 0.661568
vt 0.112001 0.934967
vt 0.110883 0.930588
vt 0.111296 0.930588
vt 0.112413 0.934966
vt 0.221661 0.766704
vt 0.221639 0.764130
vt 0.222146 0.764088
vt 0.222121 0.766704
vt 0.278395 0.755882
vt 0.278399 0.760515
vt 0.277867 0.760554
vt 0.277867 0.755857
vt 0.042786 0.911750
vt 0.042757 0.925919
vt 0.042376 0.925765
vt 0.042376 0.911532
vt 0.024685 0.981241
vt 0.025147 0.981119
vt 0.299651 0.817052
vt 0.296525 0.814231
vt 0.302213 0.815332
vt 0.301722 0.817505
vt 0.301424 0.819767
vt 0.296513 0.818391
vt 0.302213 0.828624
vt 0.299569 0.832664
vt 0.294142 0.948139
vt 0.294895 0.951452
vt 0.288796 0.952150
vt 0.288125 0.948758
vt 0.291134 0.954664
vt 0.288890 0.954637
vt 0.293918 0.957312
vt 0.288471 0.958023
vt 0.288642 0.969489
vt 0.286807 0.970065
vt 0.146303 0.970073
vt 0.144245 0.970579
vt 0.143743 0.968462
vt 0.149431 0.967216
vt 0.149442 0.971273
vt 0.144559 0.972805
vt 0.146462 0.985460
vt 0.143743 0.981589
vt 0.209752 0.946775
vt 0.215753 0.947618
vt 0.215078 0.951113
vt 0.209002 0.950225
vt 0.214987 0.953691
vt 0.212758 0.953640
vt 0.215398 0.957202
vt 0.209974 0.956384
vt 0.217132 0.969361
vt 0.215304 0.968783
vt 0.318753 0.670512
vt 0.318371 0.673639
vt 0.317936 0.673505
vt 0.318299 0.670359
vt 0.318615 0.683753
vt 0.319070 0.686545
vt 0.318604 0.686446
vt 0.318145 0.683644
vt 0.114925 0.845752
vt 0.114915 0.841276
vt 0.115319 0.840998
vt 0.115319 0.845509
vt 0.318026 0.677365
vt 0.318471 0.681164
vt 0.318027 0.681056
vt 0.317614 0.677258
vt 0.216974 0.969842
vt 0.215147 0.969264
vt 0.114063 0.939189
vt 0.113964 0.935073
vt 0.114379 0.934967
vt 0.114461 0.939110
vt 0.296359 0.817956
vt 0.299473 0.816623
vt 0.322813 0.694382
vt 0.322268 0.694196
vt 0.319235 0.667543
vt 0.318772 0.667374
vt 0.086762 0.811534
vt 0.086778 0.823752
vt 0.086443 0.823968
vt 0.086443 0.811572
vt 0.322813 0.651690
vt 0.321240 0.657614
vt 0.320681 0.657425
vt 0.322253 0.651500
vt 0.328254 0.801628
vt 0.328252 0.795494
vt 0.328745 0.795478
vt 0.328745 0.801681
vt 0.168055 0.837119
vt 0.168059 0.843087
vt 0.167673 0.843325
vt 0.167673 0.837318
vt 0.187199 0.922839
vt 0.187098 0.906278
vt 0.187667 0.906152
vt 0.187667 0.922751
vt 0.113964 0.943273
vt 0.114389 0.943190
vt 0.211201 0.944013
vt 0.217132 0.945381
vt 0.292755 0.945517
vt 0.286807 0.946669
vt 0.331987 0.736384
vt 0.328992 0.733992
vt 0.334078 0.733944
vt 0.333989 0.736266
vt 0.334129 0.738536
vt 0.329461 0.738645
vt 0.334465 0.747935
vt 0.333728 0.751872
vt 0.333371 0.760612
vt 0.333371 0.763978
vt 0.329667 0.766267
vt 0.329422 0.762999
vt 0.331136 0.768093
vt 0.329832 0.768930
vt 0.332862 0.770574
vt 0.329995 0.772420
vt 0.094644 0.970287
vt 0.094644 0.982969
vt 0.093522 0.983713
vt 0.091857 0.971150
vt 0.330661 0.962641
vt 0.328660 0.962572
vt 0.328573 0.960257
vt 0.333674 0.960182
vt 0.333189 0.964832
vt 0.328516 0.964842
vt 0.328942 0.978146
vt 0.328188 0.974259
vt 0.124334 0.937982
vt 0.128514 0.940090
vt 0.128451 0.943367
vt 0.124506 0.941337
vt 0.128447 0.946042
vt 0.127057 0.945295
vt 0.128514 0.949554
vt 0.125417 0.947899
vt 0.140838 0.830141
vt 0.143650 0.831271
vt 0.142006 0.844163
vt 0.140887 0.843356
vt 0.167365 0.906836
vt 0.167840 0.908857
vt 0.167396 0.909016
vt 0.166915 0.906975
vt 0.329582 0.772150
vt 0.329445 0.768644
vt 0.275614 0.760080
vt 0.275597 0.756377
vt 0.276011 0.756132
vt 0.276011 0.759843
vt 0.329302 0.765968
vt 0.329086 0.762684
vt 0.141957 0.844631
vt 0.140838 0.843825
vt 0.097974 0.940087
vt 0.098079 0.937440
vt 0.098544 0.937380
vt 0.098440 0.940050
vt 0.274673 0.755872
vt 0.274673 0.759890
vt 0.274218 0.759835
vt 0.274217 0.755841
vt 0.332463 0.786128
vt 0.331970 0.785935
vt 0.167134 0.904760
vt 0.166684 0.904877
vt 0.175166 0.980848
vt 0.175166 0.965731
vt 0.175562 0.965489
vt 0.175658 0.980661
vt 0.272205 0.755913
vt 0.272205 0.759945
vt 0.271674 0.759873
vt 0.271674 0.755841
vt 0.096891 0.933704
vt 0.097353 0.933601
vt 0.126694 0.945605
vt 0.124170 0.941641
vt 0.042376 0.911351
vt 0.042383 0.897367
vt 0.042811 0.897440
vt 0.042811 0.911532
vt 0.168669 0.896803
vt 0.168258 0.896831
vt 0.096891 0.942731
vt 0.097347 0.942681
vt 0.168669 0.911060
vt 0.168236 0.911241
vt 0.328188 0.957597
vt 0.333220 0.957459
vt 0.329451 0.731248
vt 0.334465 0.731265
vt 0.326588 0.717540
vt 0.329802 0.719357
vt 0.324813 0.720618
vt 0.324654 0.718176
vt 0.324333 0.715952
vt 0.328750 0.714428
vt 0.323930 0.708013
vt 0.323977 0.703233
vt 0.329798 0.722629
vt 0.329703 0.725881
vt 0.324780 0.726593
vt 0.324785 0.723636
vt 0.326333 0.728538
vt 0.324560 0.728769
vt 0.328148 0.731145
vt 0.323930 0.731248
vt 0.323027 0.972283
vt 0.323027 0.985831
vt 0.322307 0.987253
vt 0.319498 0.975581
vt 0.326437 0.774887
vt 0.328366 0.775496
vt 0.328202 0.777942
vt 0.323212 0.776750
vt 0.324280 0.771805
vt 0.328691 0.773272
vt 0.329022 0.760612
vt 0.329086 0.765393
vt 0.323207 0.780033
vt 0.328224 0.780967
vt 0.328238 0.783942
vt 0.323319 0.783297
vt 0.328462 0.786131
vt 0.326696 0.785921
vt 0.329086 0.788623
vt 0.324880 0.788568
vt 0.329406 0.786128
vt 0.333002 0.789293
vt 0.330290 0.801090
vt 0.329527 0.799686
vt 0.179125 0.918909
vt 0.178214 0.921114
vt 0.177764 0.920997
vt 0.178676 0.918792
vt 0.178560 0.929694
vt 0.179782 0.932741
vt 0.179326 0.932674
vt 0.178106 0.929612
vt 0.222521 0.766158
vt 0.222517 0.763464
vt 0.222949 0.763255
vt 0.222949 0.765978
vt 0.177369 0.923958
vt 0.177902 0.927197
vt 0.177450 0.927102
vt 0.176923 0.923847
vt 0.329849 0.801407
vt 0.329086 0.800003
vt 0.069801 0.973070
vt 0.069336 0.969864
vt 0.069800 0.969806
vt 0.070265 0.973019
vt 0.220753 0.766647
vt 0.221214 0.763218
vt 0.221219 0.766632
vt 0.187098 0.943394
vt 0.186696 0.943371
vt 0.180191 0.917000
vt 0.179745 0.916889
vt 0.329086 0.786552
vt 0.187098 0.906180
vt 0.186276 0.910858
vt 0.185865 0.910831
vt 0.186687 0.906152
vt 0.272691 0.760045
vt 0.272681 0.755874
vt 0.273179 0.755841
vt 0.273179 0.760056
vt 0.272681 0.755841
vt 0.272681 0.760192
vt 0.272227 0.760372
vt 0.272205 0.755992
vt 0.143738 0.943157
vt 0.143738 0.952028
vt 0.143206 0.951966
vt 0.143284 0.942922
vt 0.069336 0.976514
vt 0.069797 0.976478
vt 0.110003 0.947307
vt 0.113548 0.947878
vt 0.108577 0.950277
vt 0.108094 0.948390
vt 0.107469 0.946831
vt 0.111827 0.944087
vt 0.105185 0.974213
vt 0.103197 0.982183
vt 0.100663 0.984001
vt 0.100663 0.974121
vt 0.113961 0.950768
vt 0.114261 0.954168
vt 0.109289 0.956041
vt 0.108938 0.952803
vt 0.111114 0.957932
vt 0.109319 0.958607
vt 0.113288 0.960492
vt 0.108955 0.961856
vt 0.108662 0.973688
vt 0.107469 0.973954
vt 0.104927 0.947276
vt 0.106835 0.948349
vt 0.106344 0.950214
vt 0.101362 0.947834
vt 0.103104 0.944087
vt 0.107469 0.946820
vt 0.237608 0.972787
vt 0.242063 0.972787
vt 0.241792 0.983161
vt 0.239252 0.981040
vt 0.100939 0.950711
vt 0.105975 0.952724
vt 0.105642 0.955982
vt 0.100663 0.954127
vt 0.105621 0.958568
vt 0.103830 0.957897
vt 0.105990 0.961848
vt 0.101661 0.960489
vt 0.107469 0.974121
vt 0.106292 0.973839
vt 0.054870 0.900592
vt 0.054672 0.898445
vt 0.055121 0.898225
vt 0.055335 0.900389
vt 0.242180 0.939442
vt 0.241758 0.942344
vt 0.241374 0.942116
vt 0.241812 0.939186
vt 0.275164 0.760151
vt 0.275158 0.756402
vt 0.275597 0.756132
vt 0.275597 0.759880
vt 0.054316 0.896077
vt 0.052741 0.894520
vt 0.053187 0.894288
vt 0.054744 0.895841
vt 0.208076 0.765796
vt 0.208076 0.764433
vt 0.208587 0.764339
vt 0.208586 0.765702
vt 0.194016 0.978837
vt 0.193776 0.976386
vt 0.194258 0.976416
vt 0.194489 0.978893
vt 0.086771 0.890089
vt 0.086764 0.894156
vt 0.086345 0.894049
vt 0.242317 0.954382
vt 0.054949 0.902777
vt 0.055429 0.902592
vt 0.042376 0.897367
vt 0.042376 0.882489
vt 0.042768 0.882276
vt 0.042793 0.897290
vt 0.242714 0.937481
vt 0.242361 0.937204
vt 0.053762 0.914929
vt 0.052741 0.911474
vt 0.053262 0.911356
vt 0.054283 0.914812
vt 0.193995 0.972258
vt 0.194489 0.972244
vt 0.308841 0.978143
vt 0.309083 0.972908
vt 0.309516 0.972843
vt 0.309278 0.978096
vt 0.176786 0.965692
vt 0.176786 0.979847
vt 0.176260 0.979737
vt 0.176322 0.965489
vt 0.308841 0.970433
vt 0.309274 0.970334
vt 0.313707 0.971923
vt 0.310433 0.969958
vt 0.315839 0.970003
vt 0.315820 0.971885
vt 0.316009 0.973803
vt 0.311143 0.973611
vt 0.316122 0.982637
vt 0.315622 0.985478
vt 0.332639 0.651500
vt 0.333503 0.654482
vt 0.328905 0.656268
vt 0.328093 0.653308
vt 0.330919 0.658048
vt 0.329247 0.658712
vt 0.333371 0.660437
vt 0.329187 0.661968
vt 0.329426 0.674714
vt 0.328093 0.675300
vt 0.151952 0.971340
vt 0.149832 0.971289
vt 0.149782 0.969360
vt 0.155204 0.969328
vt 0.154575 0.973097
vt 0.149658 0.973244
vt 0.150091 0.985084
vt 0.149442 0.982120
vt 0.327107 0.862876
vt 0.331670 0.864657
vt 0.330859 0.867599
vt 0.326249 0.865836
vt 0.330517 0.870038
vt 0.328847 0.869380
vt 0.330573 0.873298
vt 0.326386 0.871775
vt 0.331670 0.886765
vt 0.330346 0.886154
vt 0.157316 0.924801
vt 0.156618 0.927039
vt 0.156153 0.926895
vt 0.156839 0.924655
vt 0.157077 0.935757
vt 0.157990 0.938821
vt 0.157492 0.938722
vt 0.156595 0.935646
vt 0.187098 0.926587
vt 0.187270 0.923176
vt 0.187664 0.922839
vt 0.187502 0.926272
vt 0.155909 0.929907
vt 0.156500 0.933220
vt 0.156031 0.933099
vt 0.155460 0.929772
vt 0.208508 0.727039
vt 0.208508 0.725354
vt 0.208928 0.725405
vt 0.208928 0.727090
vt 0.309927 0.973668
vt 0.309523 0.970426
vt 0.309987 0.970334
vt 0.310381 0.973586
vt 0.086481 0.963692
vt 0.086386 0.967144
vt 0.085920 0.966971
vt 0.086011 0.963535
vt 0.163975 0.949628
vt 0.163463 0.949556
vt 0.158086 0.922851
vt 0.157597 0.922707
vt 0.187229 0.938840
vt 0.187664 0.938506
vt 0.163975 0.911995
vt 0.163334 0.916730
vt 0.162807 0.916654
vt 0.163449 0.911920
vt 0.187389 0.849067
vt 0.187381 0.844532
vt 0.187696 0.844507
vt 0.187696 0.849090
vt 0.085813 0.831630
vt 0.085813 0.836224
vt 0.085456 0.836128
vt 0.085460 0.831499
vt 0.086481 0.977758
vt 0.085985 0.977526
vt 0.309523 0.977179
vt 0.309987 0.977108
vt 0.149442 0.967216
vt 0.154820 0.967227
vt 0.310738 0.967945
vt 0.316122 0.967927
vt 0.306115 0.983473
vt 0.303414 0.981322
vt 0.307859 0.980396
vt 0.307866 0.982960
vt 0.307988 0.985352
vt 0.304284 0.986419
vt 0.143171 0.891068
vt 0.143723 0.898983
vt 0.141113 0.902169
vt 0.141113 0.888365
vt 0.303407 0.978054
vt 0.303246 0.975030
vt 0.307717 0.974609
vt 0.308017 0.977288
vt 0.306046 0.972817
vt 0.307699 0.972678
vt 0.304241 0.970334
vt 0.308017 0.970555
vt 0.055402 0.932298
vt 0.055402 0.943804
vt 0.054299 0.944631
vt 0.052741 0.934293
vt 0.088803 0.983405
vt 0.087002 0.982859
vt 0.087096 0.980303
vt 0.091682 0.981311
vt 0.090652 0.986381
vt 0.086779 0.985236
vt 0.195019 0.758350
vt 0.199647 0.758350
vt 0.199498 0.765809
vt 0.197199 0.765616
vt 0.091744 0.978042
vt 0.087016 0.977197
vt 0.087251 0.974510
vt 0.091857 0.975017
vt 0.087204 0.972568
vt 0.088901 0.972741
vt 0.086779 0.970421
vt 0.090701 0.970287
vt 0.264243 0.748399
vt 0.266887 0.750300
vt 0.265339 0.760587
vt 0.264243 0.759764
vt 0.275642 0.975377
vt 0.275655 0.973226
vt 0.276092 0.973235
vt 0.276075 0.975407
vt 0.055506 0.798764
vt 0.055493 0.801712
vt 0.054990 0.801531
vt 0.055007 0.798553
vt 0.222178 0.766704
vt 0.222146 0.763383
vt 0.222517 0.763255
vt 0.222517 0.766591
vt 0.055699 0.794470
vt 0.055574 0.796736
vt 0.055080 0.796501
vt 0.055215 0.794206
vt 0.127826 0.965725
vt 0.127995 0.964530
vt 0.128514 0.964548
vt 0.128345 0.965743
vt 0.286773 0.824229
vt 0.285802 0.826786
vt 0.285397 0.826698
vt 0.286368 0.824118
vt 0.271674 0.755965
vt 0.271663 0.759972
vt 0.271134 0.759827
vt 0.055699 0.813543
vt 0.055183 0.813517
vt 0.275377 0.977477
vt 0.275801 0.977526
vt 0.127826 0.949671
vt 0.128317 0.949554
vt 0.286394 0.906148
vt 0.285664 0.901684
vt 0.286137 0.901468
vt 0.286790 0.905966
vt 0.286773 0.830636
vt 0.286362 0.830589
vt 0.274059 0.970735
vt 0.274226 0.976063
vt 0.273712 0.976123
vt 0.273536 0.970777
vt 0.257312 0.903191
vt 0.257413 0.916399
vt 0.257008 0.916391
vt 0.257008 0.903140
vt 0.286468 0.892519
vt 0.286790 0.892353
vt 0.274058 0.978511
vt 0.273536 0.978603
vt 0.275377 0.970748
vt 0.275810 0.970735
vt 0.330683 0.898692
vt 0.328068 0.891122
vt 0.332194 0.892252
vt 0.332210 0.898897
vt 0.331707 0.904456
vt 0.328739 0.902686
vt 0.329456 0.921550
vt 0.328068 0.922686
vt 0.168476 0.912482
vt 0.168747 0.919553
vt 0.164254 0.919185
vt 0.163975 0.911920
vt 0.165712 0.924759
vt 0.164177 0.924828
vt 0.168636 0.931302
vt 0.164306 0.931720
vt 0.167825 0.944574
vt 0.163975 0.945421
vt 0.125888 0.913708
vt 0.124335 0.913864
vt 0.124297 0.907112
vt 0.127906 0.917836
vt 0.124876 0.919508
vt 0.128514 0.937982
vt 0.127113 0.936802
vt 0.051096 0.945487
vt 0.055594 0.944912
vt 0.055267 0.952260
vt 0.050778 0.952645
vt 0.055342 0.957940
vt 0.053811 0.957859
vt 0.055217 0.964565
vt 0.050891 0.964159
vt 0.055594 0.978226
vt 0.051745 0.977412
vt 0.082283 0.872194
vt 0.084496 0.865259
vt 0.085021 0.865122
vt 0.082812 0.872064
vt 0.082228 0.851840
vt 0.079697 0.846030
vt 0.080214 0.845886
vt 0.082715 0.851430
vt 0.106283 0.974172
vt 0.106283 0.980319
vt 0.105749 0.980130
vt 0.105846 0.974121
vt 0.084309 0.856725
vt 0.084830 0.856354
vt 0.274673 0.759733
vt 0.274714 0.756132
vt 0.275158 0.756276
vt 0.275158 0.759890
vt 0.238752 0.725073
vt 0.236319 0.732972
vt 0.235850 0.732656
vt 0.238352 0.724533
vt 0.237472 0.739749
vt 0.237221 0.745303
vt 0.236744 0.744995
vt 0.236998 0.739439
vt 0.070684 0.838080
vt 0.071295 0.837997
vt 0.080227 0.878003
vt 0.080759 0.877876
vt 0.279542 0.718208
vt 0.279528 0.705011
vt 0.279951 0.704630
vt 0.279951 0.717746
vt 0.070684 0.894500
vt 0.071388 0.892998
vt 0.071851 0.892936
vt 0.071135 0.894440
vt 0.242921 0.720575
vt 0.242551 0.720030
vt 0.242921 0.764595
vt 0.242504 0.764378
vt 0.099018 0.907788
vt 0.097181 0.900686
vt 0.100663 0.900044
vt 0.100164 0.907373
vt 0.099642 0.913616
vt 0.097160 0.913039
vt 0.100663 0.931947
vt 0.100014 0.933601
vt 0.247427 0.967757
vt 0.246518 0.976178
vt 0.242714 0.976572
vt 0.243648 0.967920
vt 0.244576 0.981766
vt 0.243140 0.982217
vt 0.247427 0.987940
vt 0.243880 0.989049
vt 0.110981 0.974715
vt 0.110818 0.986663
vt 0.107469 0.986747
vt 0.107469 0.973954
vt 0.276213 0.680139
vt 0.275197 0.679374
vt 0.276773 0.672144
vt 0.280009 0.673904
vt 0.276564 0.685799
vt 0.273969 0.685536
vt 0.268188 0.704421
vt 0.267990 0.702652
vt 0.323463 0.966774
vt 0.327194 0.966976
vt 0.328188 0.975839
vt 0.324432 0.975408
vt 0.327734 0.981555
vt 0.326312 0.981067
vt 0.326961 0.988129
vt 0.323463 0.986975
vt 0.234136 0.973357
vt 0.237362 0.985697
vt 0.234075 0.985503
vt 0.274840 0.679675
vt 0.276419 0.672450
vt 0.275056 0.660685
vt 0.273528 0.656133
vt 0.273877 0.655823
vt 0.275389 0.660137
vt 0.328257 0.795478
vt 0.328252 0.788689
vt 0.328743 0.788623
vt 0.328743 0.795266
vt 0.276422 0.664546
vt 0.276776 0.664024
vt 0.237608 0.986360
vt 0.234300 0.986112
vt 0.275592 0.964494
vt 0.273536 0.957407
vt 0.273977 0.957558
vt 0.276092 0.964846
vt 0.096891 0.912603
vt 0.098752 0.907350
vt 0.267678 0.651788
vt 0.268089 0.651500
vt 0.273610 0.685836
vt 0.279541 0.738631
vt 0.279528 0.730069
vt 0.279950 0.729871
vt 0.279950 0.738381
vt 0.267885 0.704630
vt 0.267678 0.702866
vt 0.315124 0.882609
vt 0.315124 0.889744
vt 0.314634 0.889501
vt 0.314640 0.882363
vt 0.273536 0.970373
vt 0.274019 0.970735
vt 0.086778 0.796741
vt 0.086744 0.811534
vt 0.086429 0.811145
vt 0.255145 0.918064
vt 0.252526 0.910206
vt 0.257008 0.910982
vt 0.256744 0.918162
vt 0.256105 0.924135
vt 0.252898 0.922556
vt 0.254759 0.941735
vt 0.253462 0.942946
vt 0.252526 0.903140
vt 0.257008 0.903721
vt 0.332263 0.675725
vt 0.329791 0.680536
vt 0.328476 0.680500
vt 0.333118 0.686544
vt 0.329130 0.686871
vt 0.331838 0.699931
vt 0.328093 0.700817
vt 0.067922 0.909940
vt 0.066323 0.910052
vt 0.066024 0.902901
vt 0.070499 0.902076
vt 0.070192 0.914390
vt 0.066996 0.916000
vt 0.069800 0.934933
vt 0.068489 0.933717
vt 0.066024 0.895557
vt 0.070499 0.894921
vt 0.324741 0.731468
vt 0.328992 0.731248
vt 0.328606 0.736588
vt 0.327255 0.736515
vt 0.327990 0.742831
vt 0.323930 0.742296
vt 0.328788 0.756627
vt 0.325022 0.755620
vt 0.067986 0.874440
vt 0.070152 0.867804
vt 0.070684 0.867753
vt 0.068521 0.874398
vt 0.067720 0.853868
vt 0.065034 0.847563
vt 0.065556 0.847504
vt 0.068209 0.853535
vt 0.092120 0.855819
vt 0.089402 0.860538
vt 0.088911 0.860240
vt 0.091601 0.855771
vt 0.069861 0.859147
vt 0.070385 0.858861
vt 0.328992 0.757134
vt 0.325209 0.756086
vt 0.087644 0.866746
vt 0.087307 0.875079
vt 0.086779 0.875036
vt 0.087126 0.866466
vt 0.089062 0.880532
vt 0.090973 0.885666
vt 0.090440 0.885634
vt 0.088531 0.880497
vt 0.056382 0.838018
vt 0.065823 0.879940
vt 0.066361 0.879900
vt 0.100663 0.845995
vt 0.100099 0.846022
vt 0.055764 0.894907
vt 0.056902 0.893588
vt 0.057371 0.893603
vt 0.056221 0.894921
vt 0.100663 0.900024
vt 0.100210 0.900044
s 0
usemtl Material.003
f 25/1/1 26/2/1 29/3/1 28/4/1
f 26/2/2 27/5/2 30/6/2 29/3/2
f 28/7/3 29/8/3 32/9/3 31/10/3
f 29/8/4 30/11/4 33/12/4 32/9/4
f 1/13/5 8/14/5 25/15/5 7/16/5
f 8/17/6 9/18/6 26/2/6 25/1/6
f 9/18/7 10/19/7 27/5/7 26/2/7
f 10/19/8 2/20/8 11/21/8 27/5/8
f 27/5/9 11/21/9 12/22/9 30/6/9
f 30/11/10 12/23/10 13/24/10 33/12/10
f 33/12/11 13/24/11 4/25/11 14/26/11
f 32/9/12 33/12/12 14/26/12 15/27/12
f 31/10/13 32/9/13 15/27/13 16/28/13
f 5/29/14 31/30/14 16/31/14 3/32/14
f 6/33/15 28/34/15 31/30/15 5/29/15
f 7/16/16 25/15/16 28/35/16 6/36/16
f 34/37/17 35/38/17 38/39/17 37/40/17
f 35/38/18 36/41/18 39/42/18 38/39/18
f 3/32/19 16/31/19 34/43/19 18/44/19
f 16/28/20 15/27/20 35/38/20 34/37/20
f 15/27/21 14/26/21 36/41/21 35/38/21
f 14/26/22 4/25/22 19/45/22 36/41/22
f 36/41/23 19/45/23 20/46/23 39/42/23
f 18/44/24 34/43/24 37/47/24 17/48/24
f 40/49/25 41/50/25 44/51/25 43/52/25
f 41/50/26 42/53/26 45/54/26 44/51/26
f 42/53/27 23/55/27 24/56/27 45/54/27
f 45/54/28 24/56/28 2/20/28 10/19/28
f 44/51/29 45/54/29 10/19/29 9/18/29
f 43/52/30 44/51/30 9/18/30 8/17/30
f 21/57/31 43/58/31 8/14/31 1/13/31
f 22/59/32 40/60/32 43/58/32 21/57/32
f 46/61/33 47/62/33 49/63/33 48/64/33
f 48/65/34 49/66/34 51/67/34 50/68/34
f 3/32/35 18/44/35 46/61/35 5/29/35
f 18/44/36 17/48/36 47/62/36 46/61/36
f 50/68/37 51/67/37 22/59/37 21/57/37
f 7/16/38 50/68/38 21/57/38 1/13/38
f 6/36/39 48/65/39 50/68/39 7/16/39
f 5/29/40 46/61/40 48/64/40 6/33/40
f 52/69/41 53/70/41 55/71/41 54/72/41
f 54/73/42 55/74/42 57/75/42 56/76/42
f 20/46/43 19/45/43 53/70/43 52/69/43
f 19/45/44 4/25/44 13/24/44 53/70/44
f 53/70/45 13/24/45 12/23/45 55/71/45
f 55/74/46 12/22/46 11/21/46 57/75/46
f 57/75/47 11/21/47 2/20/47 24/56/47
f 56/76/48 57/75/48 24/56/48 23/55/48
f 78/77/49 81/78/49 82/79/49 79/80/49
f 79/80/50 82/79/50 83/81/50 80/82/50
f 81/83/51 84/84/51 85/85/51 82/86/51
f 82/86/52 85/85/52 86/87/52 83/88/52
f 58/89/53 64/90/53 78/91/53 65/92/53
f 65/93/54 78/77/54 79/80/54 66/94/54
f 66/94/55 79/80/55 80/82/55 67/95/55
f 67/95/56 80/82/56 68/96/56 59/97/56
f 80/82/57 83/81/57 69/98/57 68/96/57
f 83/88/58 86/87/58 70/99/58 69/100/58
f 86/87/59 71/101/59 61/102/59 70/99/59
f 85/85/60 72/103/60 71/101/60 86/87/60
f 84/84/61 73/104/61 72/103/61 85/85/61
f 62/105/62 60/106/62 73/107/62 84/108/62
f 63/109/63 62/105/63 84/108/63 81/110/63
f 64/90/64 63/111/64 81/112/64 78/91/64
f 87/113/65 37/40/65 38/39/65 88/114/65
f 88/114/66 38/39/66 39/42/66 89/115/66
f 60/106/67 74/116/67 87/117/67 73/107/67
f 73/104/68 87/113/68 88/114/68 72/103/68
f 72/103/69 88/114/69 89/115/69 71/101/69
f 71/101/70 89/115/70 75/118/70 61/102/70
f 89/115/71 39/42/71 20/46/71 75/118/71
f 74/116/72 17/48/72 37/47/72 87/117/72
f 40/49/73 90/119/73 91/120/73 41/50/73
f 41/50/74 91/120/74 92/121/74 42/53/74
f 42/53/75 92/121/75 77/122/75 23/55/75
f 92/121/76 67/95/76 59/97/76 77/122/76
f 91/120/77 66/94/77 67/95/77 92/121/77
f 90/119/78 65/93/78 66/94/78 91/120/78
f 76/123/79 58/89/79 65/92/79 90/124/79
f 22/59/80 76/123/80 90/124/80 40/60/80
f 93/125/81 94/126/81 49/63/81 47/62/81
f 94/127/82 95/128/82 51/67/82 49/66/82
f 60/106/83 62/105/83 93/125/83 74/116/83
f 74/116/84 93/125/84 47/62/84 17/48/84
f 95/128/85 76/123/85 22/59/85 51/67/85
f 64/90/86 58/89/86 76/123/86 95/128/86
f 63/111/87 64/90/87 95/128/87 94/127/87
f 62/105/88 63/109/88 94/126/88 93/125/88
f 52/69/89 54/72/89 97/129/89 96/130/89
f 54/73/90 56/76/90 98/131/90 97/132/90
f 20/46/91 52/69/91 96/130/91 75/118/91
f 75/118/92 96/130/92 70/99/92 61/102/92
f 96/130/93 97/129/93 69/100/93 70/99/93
f 97/132/94 98/131/94 68/96/94 69/98/94
f 98/131/95 77/122/95 59/97/95 68/96/95
f 56/76/96 23/55/96 77/122/96 98/131/96
f 115/133/97 111/134/97 112/135/97 116/136/97
f 114/137/98 115/138/98 116/139/98 113/140/98
f 120/141/99 121/142/99 122/143/99 119/144/99
f 121/145/100 117/146/100 118/147/100 122/148/100
f 132/149/101 133/150/101 134/151/101 131/152/101
f 133/153/102 129/154/102 130/155/102 134/156/102
f 126/157/103 127/158/103 128/159/103 125/160/103
f 127/158/104 123/161/104 124/162/104 128/159/104
f 113/140/105 118/147/105 117/146/105 114/137/105
f 119/144/106 130/155/106 129/154/106 120/141/106
f 131/163/107 124/162/107 123/161/107 132/164/107
f 125/160/108 112/135/108 111/134/108 126/157/108
f 112/165/109 100/166/109 101/167/109 116/168/109
f 125/169/110 105/170/110 100/166/110 112/165/110
f 116/139/111 101/171/111 99/172/111 113/140/111
f 113/140/112 99/172/112 103/173/112 118/147/112
f 104/174/113 122/148/113 118/147/113 103/173/113
f 119/144/114 102/175/114 109/176/114 130/155/114
f 102/175/115 119/144/115 122/143/115 104/177/115
f 107/178/116 128/179/116 124/180/116 106/181/116
f 131/152/117 108/182/117 106/181/117 124/180/117
f 105/170/118 125/169/118 128/183/118 107/184/118
f 110/185/119 134/156/119 130/155/119 109/176/119
f 108/182/120 131/152/120 134/151/120 110/186/120
f 99/172/121 101/171/121 137/187/121 135/188/121
f 103/173/122 99/172/122 135/188/122 139/189/122
f 110/185/123 109/176/123 145/190/123 146/191/123
f 102/175/124 104/177/124 140/192/124 138/193/124
f 100/194/125 105/195/125 141/196/125 136/197/125
f 105/195/126 107/198/126 143/199/126 141/196/126
f 104/174/127 103/173/127 139/189/127 140/200/127
f 106/181/128 108/182/128 144/201/128 142/202/128
f 101/203/129 100/194/129 136/197/129 137/204/129
f 107/198/130 106/205/130 142/206/130 143/199/130
f 108/182/131 110/186/131 146/207/131 144/201/131
f 109/176/132 102/175/132 138/193/132 145/190/132
f 136/208/133 141/209/133 153/210/133 148/211/133
f 141/209/134 143/212/134 155/213/134 153/210/134
f 140/200/135 139/189/135 151/214/135 152/215/135
f 142/202/136 144/201/136 156/216/136 154/217/136
f 137/218/137 136/208/137 148/211/137 149/219/137
f 143/220/138 142/202/138 154/217/138 155/221/138
f 144/201/139 146/207/139 158/222/139 156/216/139
f 145/190/140 138/193/140 150/223/140 157/224/140
f 135/188/141 137/187/141 149/225/141 147/226/141
f 139/189/142 135/188/142 147/226/142 151/214/142
f 146/191/143 145/190/143 157/224/143 158/227/143
f 138/193/144 140/192/144 152/228/144 150/223/144
f 155/229/145 154/230/145 166/231/145 167/232/145
f 156/233/146 158/234/146 170/235/146 168/236/146
f 157/224/147 150/223/147 162/237/147 169/238/147
f 147/226/148 149/225/148 161/239/148 159/240/148
f 151/214/149 147/226/149 159/240/149 163/241/149
f 158/227/150 157/224/150 169/238/150 170/242/150
f 150/223/151 152/228/151 164/243/151 162/237/151
f 148/211/152 153/210/152 165/244/152 160/245/152
f 153/246/153 155/229/153 167/232/153 165/247/153
f 152/215/154 151/214/154 163/241/154 164/248/154
f 154/230/155 156/233/155 168/236/155 166/231/155
f 149/219/156 148/211/156 160/245/156 161/249/156
f 162/250/157 164/251/157 176/252/157 174/253/157
f 160/245/158 165/244/158 177/254/158 172/255/158
f 165/244/159 167/256/159 179/257/159 177/254/159
f 164/248/160 163/241/160 175/258/160 176/259/160
f 166/260/161 168/261/161 180/262/161 178/263/161
f 161/249/162 160/245/162 172/255/162 173/264/162
f 167/265/163 166/260/163 178/263/163 179/266/163
f 168/261/164 170/267/164 182/268/164 180/262/164
f 169/269/165 162/250/165 174/253/165 181/270/165
f 159/240/166 161/239/166 173/271/166 171/272/166
f 163/241/167 159/240/167 171/272/167 175/258/167
f 170/242/168 169/238/168 181/273/168 182/274/168
f 173/275/169 172/276/169 184/277/169 185/278/169
f 179/279/170 178/280/170 190/281/170 191/282/170
f 180/262/171 182/268/171 194/283/171 192/284/171
f 181/273/172 174/285/172 186/286/172 193/287/172
f 171/272/173 173/271/173 185/288/173 183/289/173
f 175/258/174 171/272/174 183/289/174 187/290/174
f 182/274/175 181/273/175 193/287/175 194/291/175
f 174/285/176 176/292/176 188/293/176 186/286/176
f 172/276/177 177/294/177 189/295/177 184/277/177
f 177/294/178 179/279/178 191/282/178 189/295/178
f 176/259/179 175/258/179 187/290/179 188/296/179
f 178/263/180 180/262/180 192/284/180 190/297/180
f 190/297/181 192/284/181 204/298/181 202/299/181
f 185/300/182 184/301/182 196/302/182 197/303/182
f 191/304/183 190/297/183 202/299/183 203/305/183
f 192/284/184 194/283/184 206/306/184 204/298/184
f 193/307/185 186/308/185 198/309/185 205/310/185
f 183/289/186 185/288/186 197/311/186 195/312/186
f 187/290/187 183/289/187 195/312/187 199/313/187
f 194/314/188 193/307/188 205/310/188 206/315/188
f 186/308/189 188/316/189 200/317/189 198/309/189
f 184/301/190 189/318/190 201/319/190 196/302/190
f 189/318/191 191/320/191 203/321/191 201/319/191
f 188/296/192 187/290/192 199/313/192 200/322/192
f 200/322/193 199/313/193 211/323/193 212/324/193
f 202/325/194 204/326/194 216/327/194 214/328/194
f 197/329/195 196/330/195 208/331/195 209/332/195
f 203/333/196 202/325/196 214/328/196 215/334/196
f 204/335/197 206/336/197 218/337/197 216/338/197
f 205/339/198 198/340/198 210/341/198 217/342/198
f 195/312/199 197/311/199 209/343/199 207/344/199
f 199/313/200 195/312/200 207/344/200 211/323/200
f 206/336/201 205/339/201 217/342/201 218/337/201
f 198/340/202 200/345/202 212/346/202 210/341/202
f 196/330/203 201/347/203 213/348/203 208/331/203
f 201/347/204 203/333/204 215/334/204 213/348/204
f 212/324/205 211/323/205 223/349/205 224/350/205
f 214/351/206 216/352/206 228/353/206 226/354/206
f 209/355/207 208/356/207 220/357/207 221/358/207
f 215/359/208 214/351/208 226/354/208 227/360/208
f 216/352/209 218/361/209 230/362/209 228/353/209
f 217/363/210 210/364/210 222/365/210 229/366/210
f 207/344/211 209/343/211 221/367/211 219/368/211
f 211/323/212 207/344/212 219/368/212 223/349/212
f 218/369/213 217/363/213 229/366/213 230/370/213
f 210/364/214 212/371/214 224/372/214 222/365/214
f 208/356/215 213/373/215 225/374/215 220/357/215
f 213/373/216 215/375/216 227/376/216 225/374/216
f 126/377/217 111/378/217 231/379/217 238/380/217
f 111/378/218 115/381/218 233/382/218 231/379/218
f 129/154/219 133/153/219 242/383/219 240/384/219
f 121/385/220 120/386/220 235/387/220 236/388/220
f 123/389/221 127/390/221 239/391/221 237/392/221
f 133/150/222 132/149/222 241/393/222 242/394/222
f 115/138/223 114/137/223 232/395/223 233/396/223
f 127/397/224 126/377/224 238/380/224 239/398/224
f 114/137/225 117/146/225 234/399/225 232/395/225
f 132/149/226 123/389/226 237/392/226 241/393/226
f 120/141/227 129/154/227 240/384/227 235/400/227
f 117/146/228 121/145/228 236/401/228 234/399/228
f 239/402/229 238/403/229 250/404/229 251/405/229
f 234/399/230 236/401/230 248/406/230 246/407/230
f 241/408/231 237/409/231 249/410/231 253/411/231
f 231/412/232 233/413/232 245/414/232 243/415/232
f 237/409/233 239/402/233 251/405/233 249/410/233
f 242/416/234 241/408/234 253/411/234 254/417/234
f 238/403/235 231/412/235 243/415/235 250/404/235
f 233/396/236 232/395/236 244/418/236 245/419/236
f 232/395/237 234/399/237 246/407/237 244/418/237
f 240/384/238 242/383/238 254/420/238 252/421/238
f 236/422/239 235/400/239 247/423/239 248/424/239
f 235/400/240 240/384/240 252/421/240 247/423/240
f 223/425/241 255/426/241 222/365/241 224/372/241
f 255/426/241 257/427/241 229/366/241 222/365/241
f 257/427/241 228/428/241 230/370/241 229/366/241
f 219/429/241 256/430/241 255/426/241 223/425/241
f 256/430/241 258/431/241 257/427/241 255/426/241
f 258/431/241 226/432/241 228/428/241 257/427/241
f 221/433/241 220/434/241 256/430/241 219/429/241
f 220/434/241 225/435/241 258/431/241 256/430/241
f 225/435/241 227/436/241 226/432/241 258/431/241
f 259/437/242 261/438/242 262/439/242 260/440/242
f 260/440/243 264/441/243 263/442/243 259/437/243
f 264/443/244 266/444/244 265/445/244 263/446/244
f 261/438/245 267/447/245 268/448/245 262/439/245
f 267/447/246 269/449/246 270/450/246 268/448/246
f 269/449/247 271/451/247 272/452/247 270/450/247
f 271/453/248 273/454/248 274/455/248 272/456/248
f 275/457/249 276/458/249 278/459/249 277/460/249
f 276/458/250 275/457/250 279/461/250 280/462/250
f 280/463/251 279/464/251 281/465/251 282/466/251
f 277/460/252 278/459/252 284/467/252 283/468/252
f 283/468/253 284/467/253 286/469/253 285/470/253
f 285/470/254 286/469/254 288/471/254 287/472/254
f 287/473/255 288/474/255 290/475/255 289/476/255
f 260/477/256 262/478/256 278/479/256 276/480/256
f 270/481/257 272/482/257 288/483/257 286/484/257
f 271/485/258 269/486/258 285/470/258 287/472/258
f 262/478/259 268/487/259 284/488/259 278/479/259
f 274/489/260 273/490/260 289/476/260 290/475/260
f 267/491/261 261/492/261 277/493/261 283/494/261
f 259/495/262 263/496/262 279/497/262 275/498/262
f 272/482/263 274/499/263 290/500/263 288/483/263
f 264/501/264 260/477/264 276/480/264 280/502/264
f 273/503/265 271/504/265 287/505/265 289/506/265
f 268/487/266 270/481/266 286/484/266 284/488/266
f 265/507/267 266/508/267 282/466/267 281/465/267
f 261/492/268 259/495/268 275/498/268 277/493/268
f 269/509/269 267/491/269 283/494/269 285/510/269
f 263/496/270 265/511/270 281/512/270 279/497/270
f 266/513/271 264/501/271 280/502/271 282/514/271
f 291/515/272 293/516/272 294/517/272 292/518/272
f 292/518/273 296/519/273 295/520/273 291/515/273
f 296/519/274 298/521/274 297/522/274 295/520/274
f 324/523/275 299/524/275 300/525/275 323/526/275
f 299/524/276 301/527/276 302/528/276 300/525/276
f 301/527/277 303/529/277 304/530/277 302/528/277
f 303/529/278 305/531/278 306/532/278 304/530/278
f 307/533/279 308/534/279 310/535/279 309/536/279
f 308/534/280 307/533/280 311/537/280 312/538/280
f 312/538/281 311/537/281 313/539/281 314/540/281
f 326/541/282 325/542/282 316/543/282 315/544/282
f 315/544/283 316/543/283 318/545/283 317/546/283
f 317/546/284 318/545/284 320/547/284 319/548/284
f 319/548/285 320/547/285 322/549/285 321/550/285
f 292/551/286 294/552/286 310/553/286 308/554/286
f 302/555/287 304/556/287 320/557/287 318/558/287
f 303/559/288 301/560/288 317/561/288 319/562/288
f 323/563/289 300/564/289 316/565/289 325/566/289
f 306/567/290 305/568/290 321/569/290 322/570/290
f 324/571/291 293/572/291 309/573/291 326/574/291
f 291/575/292 295/576/292 311/577/292 307/578/292
f 304/556/293 306/579/293 322/580/293 320/557/293
f 296/581/294 292/551/294 308/554/294 312/582/294
f 305/583/295 303/559/295 319/562/295 321/584/295
f 300/564/296 302/555/296 318/558/296 316/565/296
f 297/585/297 298/586/297 314/587/297 313/588/297
f 293/572/298 291/589/298 307/590/298 309/573/298
f 301/591/299 299/592/299 315/593/299 317/594/299
f 295/595/300 297/596/300 313/597/300 311/598/300
f 298/599/301 296/581/301 312/582/301 314/600/301
f 299/601/302 324/571/302 326/574/302 315/602/302
f 294/552/303 323/563/303 325/566/303 310/553/303
f 309/536/304 310/535/304 325/542/304 326/541/304
f 293/516/305 324/523/305 323/526/305 294/517/305
f 327/603/306 329/604/306 330/605/306 328/606/306
f 328/606/307 332/607/307 331/608/307 327/603/307
f 332/607/308 334/609/308 333/610/308 331/608/308
f 360/611/309 335/612/309 336/613/309 359/614/309
f 335/612/310 337/615/310 338/616/310 336/613/310
f 337/615/311 339/617/311 340/618/311 338/616/311
f 339/617/312 341/619/312 342/620/312 340/618/312
f 343/621/313 344/622/313 346/623/313 345/624/313
f 344/622/314 343/621/314 347/625/314 348/626/314
f 348/626/315 347/625/315 349/627/315 350/628/315
f 362/629/316 361/630/316 352/631/316 351/632/316
f 351/632/317 352/631/317 354/633/317 353/634/317
f 353/634/318 354/633/318 356/635/318 355/636/318
f 355/636/319 356/635/319 358/637/319 357/638/319
f 328/639/320 330/640/320 346/641/320 344/642/320
f 338/643/321 340/644/321 356/645/321 354/646/321
f 339/647/322 337/648/322 353/649/322 355/650/322
f 359/651/323 336/652/323 352/653/323 361/654/323
f 342/655/324 341/656/324 357/657/324 358/658/324
f 360/659/325 329/660/325 345/661/325 362/662/325
f 327/663/326 331/664/326 347/665/326 343/666/326
f 340/644/327 342/667/327 358/668/327 356/645/327
f 332/669/328 328/639/328 344/642/328 348/670/328
f 341/671/329 339/672/329 355/673/329 357/674/329
f 336/675/330 338/643/330 354/646/330 352/676/330
f 333/677/331 334/678/331 350/679/331 349/680/331
f 329/660/332 327/681/332 343/682/332 345/661/332
f 337/683/333 335/684/333 351/685/333 353/686/333
f 331/687/334 333/688/334 349/689/334 347/690/334
f 334/678/335 332/669/335 348/670/335 350/679/335
f 335/691/336 360/659/336 362/662/336 351/692/336
f 330/640/337 359/651/337 361/654/337 346/641/337
f 345/624/338 346/623/338 361/630/338 362/629/338
f 329/604/339 360/611/339 359/614/339 330/605/339
f 363/693/340 365/694/340 366/695/340 364/696/340
f 364/696/341 368/697/341 367/698/341 363/693/341
f 368/697/342 370/699/342 369/700/342 367/698/342
f 396/701/343 371/702/343 372/703/343 395/704/343
f 371/702/344 373/705/344 374/706/344 372/703/344
f 373/705/345 375/707/345 376/708/345 374/706/345
f 375/707/346 377/709/346 378/710/346 376/708/346
f 379/711/347 380/712/347 382/713/347 381/714/347
f 380/712/348 379/711/348 383/715/348 384/716/348
f 384/716/349 383/715/349 385/717/349 386/718/349
f 398/719/350 397/720/350 388/721/350 387/722/350
f 387/722/351 388/721/351 390/723/351 389/724/351
f 389/724/352 390/723/352 392/725/352 391/726/352
f 391/726/353 392/725/353 394/727/353 393/728/353
f 364/729/354 366/730/354 382/731/354 380/732/354
f 374/733/355 376/734/355 392/735/355 390/736/355
f 375/737/356 373/738/356 389/739/356 391/740/356
f 395/741/357 372/742/357 388/743/357 397/744/357
f 378/745/358 377/746/358 393/747/358 394/748/358
f 396/749/359 365/750/359 381/751/359 398/752/359
f 363/753/360 367/754/360 383/755/360 379/756/360
f 376/734/361 378/757/361 394/758/361 392/735/361
f 368/759/362 364/729/362 380/732/362 384/760/362
f 377/761/363 375/737/363 391/740/363 393/762/363
f 372/742/364 374/733/364 390/736/364 388/743/364
f 369/763/365 370/764/365 386/765/365 385/766/365
f 365/767/366 363/768/366 379/769/366 381/770/366
f 373/771/367 371/772/367 387/773/367 389/774/367
f 367/754/368 369/775/368 385/776/368 383/755/368
f 370/764/369 368/759/369 384/760/369 386/765/369
f 371/777/370 396/749/370 398/752/370 387/778/370
f 366/730/371 395/741/371 397/744/371 382/731/371
f 381/714/372 382/713/372 397/779/372 398/780/372
f 365/694/373 396/781/373 395/782/373 366/695/373
f 399/783/374 401/784/374 402/785/374 400/786/374
f 400/786/375 404/787/375 403/788/375 399/783/375
f 404/787/376 406/789/376 405/790/376 403/788/376
f 432/791/377 407/792/377 408/793/377 431/794/377
f 407/792/378 409/795/378 410/796/378 408/793/378
f 409/797/379 411/798/379 412/799/379 410/800/379
f 411/798/380 413/801/380 414/802/380 412/799/380
f 415/803/381 416/804/381 418/805/381 417/806/381
f 416/804/382 415/803/382 419/807/382 420/808/382
f 420/808/383 419/807/383 421/809/383 422/810/383
f 434/811/384 433/812/384 424/813/384 423/814/384
f 423/814/385 424/813/385 426/815/385 425/816/385
f 425/817/386 426/818/386 428/819/386 427/820/386
f 427/820/387 428/819/387 430/821/387 429/822/387
f 400/823/388 402/824/388 418/825/388 416/826/388
f 410/800/389 412/799/389 428/827/389 426/828/389
f 411/829/390 409/830/390 425/831/390 427/832/390
f 431/833/391 408/834/391 424/835/391 433/836/391
f 414/837/392 413/838/392 429/822/392 430/821/392
f 432/839/393 401/840/393 417/841/393 434/842/393
f 399/843/394 403/844/394 419/845/394 415/846/394
f 412/799/395 414/802/395 430/847/395 428/827/395
f 404/848/396 400/823/396 416/826/396 420/849/396
f 413/838/397 411/850/397 427/820/397 429/822/397
f 408/834/398 410/851/398 426/852/398 424/835/398
f 405/790/399 406/789/399 422/853/399 421/854/399
f 401/855/400 399/856/400 415/857/400 417/858/400
f 409/859/401 407/860/401 423/861/401 425/862/401
f 403/863/402 405/864/402 421/865/402 419/866/402
f 406/867/403 404/848/403 420/849/403 422/868/403
f 407/869/404 432/839/404 434/842/404 423/870/404
f 402/824/405 431/833/405 433/836/405 418/825/405
f 417/806/406 418/805/406 433/812/406 434/811/406
f 401/784/407 432/791/407 431/794/407 402/785/407
f 435/871/408 437/872/408 438/873/408 436/874/408
f 436/874/409 440/875/409 439/876/409 435/871/409
f 440/877/410 442/878/410 441/879/410 439/880/410
f 468/881/411 443/882/411 444/883/411 467/884/411
f 443/882/412 445/885/412 446/886/412 444/883/412
f 445/885/413 447/887/413 448/888/413 446/886/413
f 447/887/414 449/889/414 450/890/414 448/888/414
f 451/891/415 452/892/415 454/893/415 453/894/415
f 452/892/416 451/891/416 455/895/416 456/896/416
f 456/897/417 455/898/417 457/899/417 458/900/417
f 470/901/418 469/902/418 460/903/418 459/904/418
f 459/904/419 460/903/419 462/905/419 461/906/419
f 461/906/420 462/905/420 464/907/420 463/908/420
f 463/908/421 464/907/421 466/909/421 465/910/421
f 436/911/422 438/912/422 454/913/422 452/914/422
f 446/915/423 448/916/423 464/917/423 462/918/423
f 447/919/424 445/920/424 461/921/424 463/922/424
f 467/923/425 444/924/425 460/925/425 469/926/425
f 450/927/426 449/928/426 465/929/426 466/930/426
f 468/931/427 437/932/427 453/933/427 470/934/427
f 435/935/428 439/936/428 455/937/428 451/938/428
f 448/916/429 450/939/429 466/940/429 464/917/429
f 440/941/430 436/911/430 452/914/430 456/942/430
f 449/943/431 447/944/431 463/945/431 465/946/431
f 444/924/432 446/915/432 462/918/432 460/925/432
f 441/947/433 442/948/433 458/949/433 457/950/433
f 437/951/434 435/952/434 451/953/434 453/954/434
f 445/955/435 443/956/435 459/957/435 461/958/435
f 439/959/436 441/960/436 457/961/436 455/962/436
f 442/963/437 440/964/437 456/965/437 458/966/437
f 443/956/438 468/931/438 470/934/438 459/957/438
f 438/912/439 467/923/439 469/926/439 454/913/439
f 453/894/440 454/893/440 469/902/440 470/901/440
f 437/872/441 468/881/441 467/884/441 438/873/441
f 471/967/442 473/968/442 474/969/442 472/970/442
f 472/970/443 476/971/443 475/972/443 471/967/443
f 476/971/444 478/973/444 477/974/444 475/972/444
f 504/975/445 479/976/445 480/977/445 503/978/445
f 479/976/446 481/979/446 482/980/446 480/977/446
f 481/979/447 483/981/447 484/982/447 482/980/447
f 483/981/448 485/983/448 486/984/448 484/982/448
f 487/985/449 488/986/449 490/987/449 489/988/449
f 488/986/450 487/985/450 491/989/450 492/990/450
f 492/990/451 491/989/451 493/991/451 494/992/451
f 506/993/452 505/994/452 496/995/452 495/996/452
f 495/996/453 496/995/453 498/997/453 497/998/453
f 497/998/454 498/997/454 500/999/454 499/1000/454
f 499/1000/455 500/999/455 502/1001/455 501/1002/455
f 472/1003/456 474/1004/456 490/1005/456 488/1006/456
f 482/1007/457 484/1008/457 500/1009/457 498/1010/457
f 483/1011/458 481/1012/458 497/1013/458 499/1014/458
f 503/1015/459 480/1016/459 496/1017/459 505/1018/459
f 486/1019/460 485/1020/460 501/1002/460 502/1001/460
f 504/1021/461 473/1022/461 489/1023/461 506/1024/461
f 471/967/462 475/972/462 491/1025/462 487/1026/462
f 484/1027/463 486/1028/463 502/1029/463 500/1030/463
f 476/1031/464 472/1003/464 488/1006/464 492/1032/464
f 485/1033/465 483/1034/465 499/1035/465 501/1036/465
f 480/1016/466 482/1007/466 498/1010/466 496/1017/466
f 477/1037/467 478/1038/467 494/1039/467 493/1040/467
f 473/1041/468 471/1042/468 487/1043/468 489/1044/468
f 481/1045/469 479/1046/469 495/1047/469 497/1048/469
f 475/1049/470 477/1050/470 493/1051/470 491/1052/470
f 478/1038/471 476/1031/471 492/1032/471 494/1039/471
f 479/1053/472 504/1021/472 506/1024/472 495/1054/472
f 474/1004/473 503/1015/473 505/1018/473 490/1005/473
f 489/1055/474 490/1056/474 505/994/474 506/993/474
f 473/968/475 504/1057/475 503/1058/475 474/969/475
f 507/1059/476 509/1060/476 510/1061/476 508/1062/476
f 508/1062/477 512/1063/477 511/1064/477 507/1059/477
f 512/1063/478 514/1065/478 513/1066/478 511/1064/478
f 540/1067/479 515/1068/479 516/1069/479 539/1070/479
f 515/1068/480 517/1071/480 518/1072/480 516/1069/480
f 517/1071/481 519/1073/481 520/1074/481 518/1072/481
f 519/1075/482 521/1076/482 522/1077/482 520/1078/482
f 523/1079/483 524/1080/483 526/1081/483 525/1082/483
f 524/1080/484 523/1079/484 527/1083/484 528/1084/484
f 528/1084/485 527/1083/485 529/1085/485 530/1086/485
f 542/1087/486 541/1088/486 532/1089/486 531/1090/486
f 531/1090/487 532/1089/487 534/1091/487 533/1092/487
f 533/1093/488 534/1094/488 536/1095/488 535/1096/488
f 535/1096/489 536/1095/489 538/1097/489 537/1098/489
f 508/1099/490 510/1100/490 526/1101/490 524/1102/490
f 518/1103/491 520/1104/491 536/1105/491 534/1106/491
f 519/1107/492 517/1108/492 533/1109/492 535/1110/492
f 539/1111/493 516/1112/493 532/1113/493 541/1114/493
f 522/1115/494 521/1116/494 537/1098/494 538/1097/494
f 540/1117/495 509/1118/495 525/1119/495 542/1120/495
f 507/1121/496 511/1122/496 527/1123/496 523/1124/496
f 520/1104/497 522/1125/497 538/1126/497 536/1105/497
f 512/1127/498 508/1099/498 524/1102/498 528/1128/498
f 521/1129/499 519/1130/499 535/1131/499 537/1132/499
f 516/1112/500 518/1103/500 534/1106/500 532/1113/500
f 513/1133/501 514/1134/501 530/1135/501 529/1136/501
f 509/1137/502 507/1138/502 523/1139/502 525/1140/502
f 517/1141/503 515/1142/503 531/1143/503 533/1144/503
f 511/1145/504 513/1146/504 529/1147/504 527/1148/504
f 514/1149/505 512/1150/505 528/1151/505 530/1152/505
f 515/1142/506 540/1117/506 542/1120/506 531/1143/506
f 510/1100/507 539/1111/507 541/1114/507 526/1101/507
f 525/1082/508 526/1081/508 541/1088/508 542/1087/508
f 509/1060/509 540/1067/509 539/1070/509 510/1061/509
f 543/1153/510 545/1154/510 546/1155/510 544/1156/510
f 544/1156/511 548/1157/511 547/1158/511 543/1153/511
f 548/1157/512 550/1159/512 549/1160/512 547/1158/512
f 545/1154/245 551/1161/245 552/1162/245 546/1155/245
f 551/1163/513 553/1164/513 554/1165/513 552/1166/513
f 553/1164/514 555/1167/514 556/1168/514 554/1165/514
f 555/1167/515 557/1169/515 558/1170/515 556/1168/515
f 559/1171/516 560/1172/516 562/1173/516 561/1174/516
f 560/1172/517 559/1171/517 563/1175/517 564/1176/517
f 564/1176/518 563/1175/518 565/1177/518 566/1178/518
f 561/1174/252 562/1173/252 568/1179/252 567/1161/252
f 567/1180/519 568/1181/519 570/1182/519 569/1183/519
f 569/1183/520 570/1182/520 572/1184/520 571/1185/520
f 571/1185/521 572/1184/521 574/1186/521 573/1187/521
f 544/1188/522 546/1189/522 562/1190/522 560/1191/522
f 554/1192/523 556/1193/523 572/1194/523 570/1195/523
f 555/1196/524 553/1197/524 569/1198/524 571/1199/524
f 546/1189/525 552/1200/525 568/1201/525 562/1190/525
f 558/1202/526 557/1203/526 573/1187/526 574/1186/526
f 551/1204/527 545/1205/527 561/1206/527 567/1207/527
f 543/1208/528 547/1209/528 563/1210/528 559/1211/528
f 556/1193/529 558/1212/529 574/1213/529 572/1194/529
f 548/1214/530 544/1188/530 560/1191/530 564/1215/530
f 557/1216/531 555/1196/531 571/1199/531 573/1217/531
f 552/1200/532 554/1192/532 570/1195/532 568/1201/532
f 549/1218/533 550/1219/533 566/1220/533 565/1221/533
f 545/1205/534 543/1208/534 559/1211/534 561/1206/534
f 553/1197/535 551/1204/535 567/1207/535 569/1198/535
f 547/1209/536 549/1222/536 565/1223/536 563/1210/536
f 550/1224/537 548/1214/537 564/1215/537 566/1225/537
f 575/1226/538 577/1227/538 578/1228/538 576/1229/538
f 576/1229/539 580/1230/539 579/1231/539 575/1226/539
f 580/1230/540 582/1232/540 581/1233/540 579/1231/540
f 577/1227/245 583/1234/245 584/1235/245 578/1228/245
f 583/1236/541 585/1237/541 586/1238/541 584/1239/541
f 585/1237/542 587/1240/542 588/1241/542 586/1238/542
f 587/1242/543 589/1243/543 590/1244/543 588/1245/543
f 591/1246/544 592/1247/544 594/1248/544 593/1249/544
f 592/1247/545 591/1246/545 595/1250/545 596/1251/545
f 596/1252/546 595/1253/546 597/1254/546 598/1255/546
f 593/1249/252 594/1248/252 600/1256/252 599/1257/252
f 599/1258/547 600/1259/547 602/1260/547 601/1261/547
f 601/1261/548 602/1260/548 604/1262/548 603/1263/548
f 603/1264/549 604/1265/549 606/1266/549 605/1267/549
f 576/1268/550 578/1269/550 594/1270/550 592/1271/550
f 586/1238/551 588/1241/551 604/1272/551 602/1273/551
f 587/1274/552 585/1275/552 601/1261/552 603/1263/552
f 578/1269/553 584/1239/553 600/1276/553 594/1270/553
f 590/1277/554 589/1278/554 605/1267/554 606/1266/554
f 583/1279/555 577/1280/555 593/1281/555 599/1282/555
f 575/1226/556 579/1231/556 595/1283/556 591/1284/556
f 588/1241/557 590/1285/557 606/1286/557 604/1272/557
f 580/1287/558 576/1268/558 592/1271/558 596/1288/558
f 589/1289/559 587/1274/559 603/1263/559 605/1290/559
f 584/1239/560 586/1238/560 602/1273/560 600/1276/560
f 581/1291/561 582/1292/561 598/1255/561 597/1254/561
f 577/1280/562 575/1293/562 591/1294/562 593/1281/562
f 585/1295/563 583/1296/563 599/1297/563 601/1298/563
f 579/1299/564 581/1300/564 597/1301/564 595/1302/564
f 582/1303/565 580/1287/565 596/1288/565 598/1304/565
f 607/1305/566 609/1306/566 610/1307/566 608/1308/566
f 608/1308/567 612/1309/567 611/1310/567 607/1305/567
f 612/1309/568 614/1311/568 613/1312/568 611/1310/568
f 609/1313/245 615/1314/245 616/1315/245 610/1316/245
f 615/1314/569 617/1317/569 618/1318/569 616/1315/569
f 617/1317/570 619/1319/570 620/1320/570 618/1318/570
f 619/1319/571 621/1321/571 622/1322/571 620/1320/571
f 623/1323/572 624/1324/572 626/1325/572 625/1326/572
f 624/1324/573 623/1323/573 627/1327/573 628/1328/573
f 628/1328/574 627/1327/574 629/1329/574 630/1330/574
f 625/1331/252 626/1332/252 632/1333/252 631/1334/252
f 631/1334/575 632/1333/575 634/1335/575 633/1336/575
f 633/1336/576 634/1335/576 636/1337/576 635/1338/576
f 635/1338/577 636/1337/577 638/1339/577 637/1340/577
f 608/1341/578 610/1342/578 626/1343/578 624/1344/578
f 618/1345/579 620/1346/579 636/1347/579 634/1348/579
f 619/1349/580 617/1350/580 633/1351/580 635/1352/580
f 610/1342/581 616/1353/581 632/1354/581 626/1343/581
f 622/1355/582 621/1356/582 637/1357/582 638/1358/582
f 615/1359/583 609/1360/583 625/1361/583 631/1362/583
f 607/1363/584 611/1364/584 627/1365/584 623/1366/584
f 620/1346/585 622/1367/585 638/1368/585 636/1347/585
f 612/1369/586 608/1341/586 624/1344/586 628/1370/586
f 621/1371/587 619/1349/587 635/1352/587 637/1372/587
f 616/1353/588 618/1345/588 634/1348/588 632/1354/588
f 613/1373/589 614/1374/589 630/1330/589 629/1329/589
f 609/1360/590 607/1363/590 623/1366/590 625/1361/590
f 617/1350/591 615/1359/591 631/1362/591 633/1351/591
f 611/1364/592 613/1375/592 629/1376/592 627/1365/592
f 614/1377/593 612/1369/593 628/1370/593 630/1378/593
f 655/1379/594 651/1380/594 652/1381/594 656/1382/594
f 654/1383/595 655/1379/595 656/1382/595 653/1384/595
f 660/1385/596 661/1386/596 662/1387/596 659/1388/596
f 661/1389/597 657/1390/597 658/1391/597 662/1392/597
f 672/1393/598 673/1394/598 674/1395/598 671/1396/598
f 673/1394/599 669/1397/599 670/1398/599 674/1395/599
f 666/1399/600 667/1400/600 668/1401/600 665/1402/600
f 667/1400/601 663/1403/601 664/1404/601 668/1401/601
f 653/1384/602 658/1405/602 657/1406/602 654/1383/602
f 659/1388/603 670/1398/603 669/1397/603 660/1385/603
f 671/1407/604 664/1404/604 663/1403/604 672/1408/604
f 665/1402/605 652/1409/605 651/1410/605 666/1399/605
f 652/1411/606 640/1412/606 641/1413/606 656/1414/606
f 665/1415/607 645/1416/607 640/1412/607 652/1411/607
f 656/1414/608 641/1413/608 639/1417/608 653/1418/608
f 653/1419/609 639/1420/609 643/1421/609 658/1391/609
f 644/1422/610 662/1392/610 658/1391/610 643/1421/610
f 659/1388/611 642/1423/611 649/1424/611 670/1398/611
f 642/1425/612 659/1426/612 662/1392/612 644/1422/612
f 647/1427/613 668/1401/613 664/1404/613 646/1428/613
f 671/1407/614 648/1429/614 646/1428/614 664/1404/614
f 645/1430/615 665/1402/615 668/1401/615 647/1427/615
f 650/1431/616 674/1395/616 670/1398/616 649/1424/616
f 648/1432/617 671/1396/617 674/1395/617 650/1431/617
f 639/1433/618 641/1434/618 677/1435/618 675/1436/618
f 643/1437/619 639/1433/619 675/1436/619 679/1438/619
f 650/1431/620 649/1424/620 685/1439/620 686/1440/620
f 642/1423/621 644/1441/621 680/1442/621 678/1443/621
f 640/1444/622 645/1430/622 681/1445/622 676/1446/622
f 645/1430/623 647/1427/623 683/1447/623 681/1445/623
f 644/1422/624 643/1421/624 679/1448/624 680/1449/624
f 646/1428/625 648/1429/625 684/1450/625 682/1451/625
f 641/1434/626 640/1452/626 676/1453/626 677/1435/626
f 647/1427/627 646/1428/627 682/1451/627 683/1447/627
f 648/1432/628 650/1431/628 686/1440/628 684/1454/628
f 649/1424/629 642/1423/629 678/1443/629 685/1439/629
f 676/1455/630 681/1456/630 693/1457/630 688/1458/630
f 681/1445/631 683/1447/631 695/1459/631 693/1460/631
f 680/1449/632 679/1448/632 691/1461/632 692/1462/632
f 682/1451/633 684/1450/633 696/1463/633 694/1464/633
f 677/1465/634 676/1455/634 688/1458/634 689/1466/634
f 683/1447/635 682/1451/635 694/1464/635 695/1459/635
f 684/1467/636 686/1468/636 698/1469/636 696/1470/636
f 685/1439/637 678/1443/637 690/1471/637 697/1472/637
f 675/1473/638 677/1465/638 689/1466/638 687/1474/638
f 679/1448/639 675/1475/639 687/1476/639 691/1461/639
f 686/1440/640 685/1439/640 697/1472/640 698/1477/640
f 678/1478/641 680/1449/641 692/1462/641 690/1479/641
f 695/1459/642 694/1464/642 706/1480/642 707/1481/642
f 696/1463/643 698/1482/643 710/1483/643 708/1484/643
f 697/1472/644 690/1471/644 702/1485/644 709/1486/644
f 687/1487/645 689/1488/645 701/1489/645 699/1490/645
f 691/1491/646 687/1487/646 699/1490/646 703/1492/646
f 698/1477/647 697/1472/647 709/1486/647 710/1493/647
f 690/1494/648 692/1495/648 704/1496/648 702/1497/648
f 688/1498/649 693/1460/649 705/1499/649 700/1500/649
f 693/1460/650 695/1459/650 707/1481/650 705/1499/650
f 692/1495/651 691/1491/651 703/1492/651 704/1496/651
f 694/1464/652 696/1463/652 708/1484/652 706/1480/652
f 689/1488/653 688/1501/653 700/1502/653 701/1489/653
f 702/1503/654 704/1504/654 716/1505/654 714/1506/654
f 700/1507/655 705/1508/655 717/1509/655 712/1510/655
f 705/1499/656 707/1481/656 719/1511/656 717/1512/656
f 704/1504/657 703/1513/657 715/1514/657 716/1505/657
f 706/1515/658 708/1516/658 720/1517/658 718/1518/658
f 701/1519/659 700/1507/659 712/1510/659 713/1520/659
f 707/1481/660 706/1480/660 718/1521/660 719/1511/660
f 708/1516/661 710/1522/661 722/1523/661 720/1517/661
f 709/1524/662 702/1503/662 714/1506/662 721/1525/662
f 699/1526/663 701/1519/663 713/1520/663 711/1527/663
f 703/1513/664 699/1528/664 711/1529/664 715/1514/664
f 710/1522/665 709/1530/665 721/1531/665 722/1523/665
f 713/1532/666 712/1533/666 724/1534/666 725/1535/666
f 719/1511/667 718/1521/667 730/1536/667 731/1537/667
f 720/1538/668 722/1539/668 734/1540/668 732/1541/668
f 721/1542/669 714/1543/669 726/1544/669 733/1545/669
f 711/1546/670 713/1532/670 725/1535/670 723/1547/670
f 715/1548/671 711/1546/671 723/1547/671 727/1549/671
f 722/1539/672 721/1542/672 733/1545/672 734/1540/672
f 714/1506/673 716/1505/673 728/1550/673 726/1551/673
f 712/1533/674 717/1552/674 729/1553/674 724/1534/674
f 717/1512/675 719/1511/675 731/1537/675 729/1554/675
f 716/1505/676 715/1514/676 727/1555/676 728/1550/676
f 718/1521/677 720/1556/677 732/1557/677 730/1536/677
f 730/1536/678 732/1557/678 744/1558/678 742/1559/678
f 725/1560/679 724/1561/679 736/1562/679 737/1563/679
f 731/1537/680 730/1536/680 742/1559/680 743/1564/680
f 732/1565/681 734/1566/681 746/1567/681 744/1568/681
f 733/1569/682 726/1570/682 738/1571/682 745/1572/682
f 723/1573/683 725/1560/683 737/1563/683 735/1574/683
f 727/1555/684 723/1575/684 735/1576/684 739/1577/684
f 734/1566/685 733/1569/685 745/1572/685 746/1567/685
f 726/1551/686 728/1550/686 740/1578/686 738/1579/686
f 724/1580/687 729/1554/687 741/1581/687 736/1582/687
f 729/1554/688 731/1537/688 743/1564/688 741/1581/688
f 728/1550/689 727/1555/689 739/1577/689 740/1578/689
f 740/1583/690 739/1584/690 751/1585/690 752/1586/690
f 742/1587/691 744/1588/691 756/1589/691 754/1590/691
f 737/1591/692 736/1592/692 748/1593/692 749/1594/692
f 743/1564/693 742/1559/693 754/1595/693 755/1596/693
f 744/1588/694 746/1597/694 758/1598/694 756/1589/694
f 745/1599/695 738/1600/695 750/1601/695 757/1602/695
f 735/1603/696 737/1591/696 749/1594/696 747/1604/696
f 739/1584/697 735/1603/697 747/1604/697 751/1585/697
f 746/1597/698 745/1599/698 757/1602/698 758/1598/698
f 738/1600/699 740/1605/699 752/1606/699 750/1601/699
f 736/1592/700 741/1607/700 753/1608/700 748/1593/700
f 741/1607/701 743/1609/701 755/1610/701 753/1608/701
f 752/1611/702 751/1612/702 763/1613/702 764/1614/702
f 754/1595/703 756/1615/703 768/1616/703 766/1617/703
f 749/1618/704 748/1619/704 760/1620/704 761/1621/704
f 755/1596/705 754/1595/705 766/1617/705 767/1622/705
f 756/1623/706 758/1624/706 770/1625/706 768/1626/706
f 757/1627/707 750/1628/707 762/1629/707 769/1630/707
f 747/1631/708 749/1618/708 761/1621/708 759/1632/708
f 751/1612/709 747/1633/709 759/1634/709 763/1613/709
f 758/1624/710 757/1627/710 769/1630/710 770/1625/710
f 750/1635/711 752/1611/711 764/1614/711 762/1636/711
f 748/1619/712 753/1637/712 765/1638/712 760/1620/712
f 753/1639/713 755/1596/713 767/1622/713 765/1640/713
f 666/1641/714 651/1642/714 771/1643/714 778/1644/714
f 651/1642/715 655/1645/715 773/1646/715 771/1643/715
f 669/1397/716 673/1394/716 782/1647/716 780/1648/716
f 661/1389/717 660/1649/717 775/1650/717 776/1651/717
f 663/1403/718 667/1400/718 779/1652/718 777/1653/718
f 673/1654/719 672/1655/719 781/1656/719 782/1657/719
f 655/1645/720 654/1658/720 772/1659/720 773/1646/720
f 667/1400/721 666/1399/721 778/1660/721 779/1652/721
f 654/1661/722 657/1390/722 774/1662/722 772/1663/722
f 672/1655/723 663/1664/723 777/1665/723 781/1656/723
f 660/1385/724 669/1397/724 780/1648/724 775/1666/724
f 657/1390/725 661/1389/725 776/1651/725 774/1662/725
f 779/1652/726 778/1660/726 790/1667/726 791/1668/726
f 774/1669/727 776/1670/727 788/1671/727 786/1672/727
f 781/1673/728 777/1653/728 789/1674/728 793/1675/728
f 771/1676/729 773/1677/729 785/1678/729 783/1679/729
f 777/1653/730 779/1652/730 791/1668/730 789/1674/730
f 782/1647/731 781/1680/731 793/1681/731 794/1682/731
f 778/1683/732 771/1676/732 783/1679/732 790/1684/732
f 773/1677/733 772/1685/733 784/1686/733 785/1678/733
f 772/1685/734 774/1669/734 786/1672/734 784/1686/734
f 780/1648/735 782/1647/735 794/1682/735 792/1687/735
f 776/1688/736 775/1666/736 787/1689/736 788/1690/736
f 775/1666/737 780/1648/737 792/1687/737 787/1689/737
f 763/1691/738 795/1692/738 762/1693/738 764/1694/738
f 795/1692/738 797/1695/738 769/1696/738 762/1693/738
f 797/1695/738 768/1697/738 770/1698/738 769/1696/738
f 759/1699/738 796/1700/738 795/1692/738 763/1691/738
f 796/1700/738 798/1701/738 797/1695/738 795/1692/738
f 798/1701/738 766/1702/738 768/1697/738 797/1695/738
f 761/1703/738 760/1704/738 796/1700/738 759/1699/738
f 760/1704/738 765/1705/738 798/1701/738 796/1700/738
f 765/1705/738 767/1706/738 766/1702/738 798/1701/738
f 799/1707/739 801/1708/739 802/1709/739 800/1710/739
f 800/1710/740 804/1711/740 803/1712/740 799/1707/740
f 804/1711/741 806/1713/741 805/1714/741 803/1712/741
f 801/1708/742 807/1715/742 808/1716/742 802/1709/742
f 807/1717/743 809/1718/743 810/1719/743 808/1720/743
f 809/1718/744 811/1721/744 812/1722/744 810/1719/744
f 811/1721/745 813/1723/745 814/1724/745 812/1722/745
f 815/1725/746 816/1726/746 818/1727/746 817/1728/746
f 816/1726/747 815/1725/747 819/1729/747 820/1730/747
f 820/1730/748 819/1729/748 821/1731/748 822/1732/748
f 817/1728/749 818/1727/749 824/1733/749 823/1734/749
f 823/1735/750 824/1736/750 826/1737/750 825/1738/750
f 825/1738/751 826/1737/751 828/1739/751 827/1740/751
f 827/1740/752 828/1739/752 830/1741/752 829/1742/752
f 800/1743/753 802/1744/753 818/1745/753 816/1746/753
f 810/1747/754 812/1748/754 828/1749/754 826/1750/754
f 811/1751/755 809/1752/755 825/1753/755 827/1754/755
f 802/1744/756 808/1755/756 824/1756/756 818/1745/756
f 814/1757/757 813/1758/757 829/1759/757 830/1760/757
f 807/1761/758 801/1762/758 817/1763/758 823/1764/758
f 799/1765/759 803/1766/759 819/1767/759 815/1768/759
f 812/1748/760 814/1769/760 830/1770/760 828/1749/760
f 804/1771/761 800/1743/761 816/1746/761 820/1772/761
f 813/1758/762 811/1773/762 827/1774/762 829/1759/762
f 808/1755/763 810/1747/763 826/1750/763 824/1756/763
f 805/1775/764 806/1776/764 822/1777/764 821/1778/764
f 801/1779/765 799/1780/765 815/1781/765 817/1782/765
f 809/1783/766 807/1761/766 823/1764/766 825/1784/766
f 803/1766/767 805/1785/767 821/1786/767 819/1767/767
f 806/1776/768 804/1771/768 820/1772/768 822/1777/768
f 831/1787/769 833/1788/769 834/1789/769 832/1790/769
f 832/1790/770 836/1791/770 835/1792/770 831/1787/770
f 836/1791/771 838/1793/771 837/1794/771 835/1792/771
f 864/1795/772 839/1796/772 840/1797/772 863/1798/772
f 839/1796/773 841/1799/773 842/1800/773 840/1797/773
f 841/1801/774 843/1802/774 844/1803/774 842/1804/774
f 843/1805/775 845/1806/775 846/1807/775 844/1808/775
f 847/1809/776 848/1810/776 850/1811/776 849/1812/776
f 848/1810/777 847/1809/777 851/1813/777 852/1814/777
f 852/1814/778 851/1813/778 853/1815/778 854/1816/778
f 866/1817/779 865/1818/779 856/1819/779 855/1820/779
f 855/1821/780 856/1822/780 858/1823/780 857/1824/780
f 857/1825/781 858/1826/781 860/1827/781 859/1828/781
f 859/1829/782 860/1830/782 862/1831/782 861/1832/782
f 832/1833/783 834/1834/783 850/1835/783 848/1836/783
f 842/1837/784 844/1838/784 860/1839/784 858/1840/784
f 843/1841/785 841/1842/785 857/1843/785 859/1844/785
f 863/1845/786 840/1846/786 856/1847/786 865/1848/786
f 846/1849/787 845/1850/787 861/1832/787 862/1831/787
f 864/1851/788 833/1852/788 849/1853/788 866/1817/788
f 831/1787/789 835/1792/789 851/1854/789 847/1855/789
f 844/1838/790 846/1856/790 862/1857/790 860/1839/790
f 836/1858/791 832/1833/791 848/1836/791 852/1859/791
f 845/1860/792 843/1861/792 859/1862/792 861/1863/792
f 840/1846/793 842/1837/793 858/1840/793 856/1847/793
f 837/1864/794 838/1865/794 854/1866/794 853/1867/794
f 833/1868/795 831/1869/795 847/1870/795 849/1871/795
f 841/1872/796 839/1873/796 855/1874/796 857/1875/796
f 835/1876/797 837/1877/797 853/1878/797 851/1879/797
f 838/1865/798 836/1858/798 852/1859/798 854/1866/798
f 839/1880/799 864/1851/799 866/1817/799 855/1820/799
f 834/1834/800 863/1845/800 865/1848/800 850/1835/800
f 849/1812/801 850/1811/801 865/1881/801 866/1882/801
f 833/1788/802 864/1883/802 863/1884/802 834/1789/802
f 867/1885/803 869/1886/803 870/1887/803 868/1888/803
f 868/1888/804 872/1889/804 871/1890/804 867/1885/804
f 872/1889/805 874/1891/805 873/1892/805 871/1890/805
f 900/1893/806 875/1894/806 876/1895/806 899/1896/806
f 875/1894/807 877/1897/807 878/1898/807 876/1895/807
f 877/1897/808 879/1899/808 880/1900/808 878/1898/808
f 879/1899/809 881/1901/809 882/1902/809 880/1900/809
f 883/1903/810 884/1904/810 886/1905/810 885/1906/810
f 884/1904/811 883/1903/811 887/1907/811 888/1908/811
f 888/1908/812 887/1907/812 889/1909/812 890/1910/812
f 902/1911/813 901/1912/813 892/1913/813 891/1914/813
f 891/1914/814 892/1913/814 894/1915/814 893/1916/814
f 893/1916/815 894/1915/815 896/1917/815 895/1918/815
f 895/1918/816 896/1917/816 898/1919/816 897/1920/816
f 868/1921/817 870/1922/817 886/1923/817 884/1924/817
f 878/1925/818 880/1926/818 896/1927/818 894/1928/818
f 879/1929/819 877/1930/819 893/1931/819 895/1932/819
f 899/1933/820 876/1934/820 892/1935/820 901/1936/820
f 882/1937/821 881/1938/821 897/1939/821 898/1940/821
f 900/1941/822 869/1942/822 885/1943/822 902/1944/822
f 867/1945/823 871/1946/823 887/1947/823 883/1948/823
f 880/1926/824 882/1949/824 898/1950/824 896/1927/824
f 872/1951/825 868/1921/825 884/1924/825 888/1952/825
f 881/1938/826 879/1953/826 895/1954/826 897/1939/826
f 876/1934/827 878/1925/827 894/1928/827 892/1935/827
f 873/1955/828 874/1956/828 890/1957/828 889/1958/828
f 869/1959/829 867/1960/829 883/1961/829 885/1962/829
f 877/1963/830 875/1964/830 891/1965/830 893/1966/830
f 871/1946/831 873/1967/831 889/1968/831 887/1947/831
f 874/1956/832 872/1951/832 888/1952/832 890/1957/832
f 875/1969/833 900/1941/833 902/1944/833 891/1970/833
f 870/1922/834 899/1933/834 901/1936/834 886/1923/834
f 885/1906/835 886/1905/835 901/1912/835 902/1911/835
f 869/1886/836 900/1893/836 899/1896/836 870/1887/836
f 903/1971/837 905/1972/837 906/1973/837 904/1974/837
f 904/1974/838 908/1975/838 907/1976/838 903/1971/838
f 908/1977/839 910/1978/839 909/1979/839 907/1980/839
f 936/1981/840 911/1982/840 912/1983/840 935/1984/840
f 911/1982/841 913/1985/841 914/1986/841 912/1983/841
f 913/1985/842 915/1987/842 916/1988/842 914/1986/842
f 915/1987/843 917/1989/843 918/1990/843 916/1988/843
f 919/1991/844 920/1992/844 922/1993/844 921/1994/844
f 920/1992/845 919/1991/845 923/1995/845 924/1996/845
f 924/1997/846 923/1998/846 925/1999/846 926/2000/846
f 938/2001/847 937/2002/847 928/2003/847 927/2004/847
f 927/2004/848 928/2003/848 930/2005/848 929/2006/848
f 929/2006/849 930/2005/849 932/2007/849 931/2008/849
f 931/2008/850 932/2007/850 934/2009/850 933/2010/850
f 904/2011/851 906/2012/851 922/2013/851 920/2014/851
f 914/2015/852 916/2016/852 932/2017/852 930/2018/852
f 915/2019/853 913/2020/853 929/2021/853 931/2022/853
f 935/2023/854 912/2024/854 928/2025/854 937/2026/854
f 918/2027/855 917/2028/855 933/2029/855 934/2030/855
f 936/2031/856 905/2032/856 921/2033/856 938/2034/856
f 903/2035/857 907/2036/857 923/2037/857 919/2038/857
f 916/2016/858 918/2039/858 934/2040/858 932/2017/858
f 908/2041/859 904/2011/859 920/2014/859 924/2042/859
f 917/2043/860 915/2044/860 931/2045/860 933/2046/860
f 912/2024/861 914/2015/861 930/2018/861 928/2025/861
f 909/2047/862 910/2048/862 926/2049/862 925/2050/862
f 905/2051/863 903/2052/863 919/2038/863 921/2053/863
f 913/2054/864 911/2055/864 927/2056/864 929/2057/864
f 907/2058/865 909/2059/865 925/2060/865 923/2061/865
f 910/2048/866 908/2041/866 924/2042/866 926/2049/866
f 911/2055/867 936/2031/867 938/2034/867 927/2056/867
f 906/2062/868 935/2023/868 937/2026/868 922/2063/868
f 921/1994/869 922/1993/869 937/2002/869 938/2001/869
f 905/1972/870 936/1981/870 935/1984/870 906/1973/870
f 939/2064/871 941/2065/871 942/2066/871 940/2067/871
f 940/2067/872 944/2068/872 943/2069/872 939/2064/872
f 944/2068/873 946/2070/873 945/2071/873 943/2069/873
f 972/2072/874 947/2073/874 948/2074/874 971/2075/874
f 947/2073/875 949/2076/875 950/2077/875 948/2074/875
f 949/2076/876 951/2078/876 952/2079/876 950/2077/876
f 951/2078/877 953/2080/877 954/2081/877 952/2079/877
f 955/2082/878 956/2083/878 958/2084/878 957/2085/878
f 956/2083/879 955/2082/879 959/2086/879 960/2087/879
f 960/2087/880 959/2086/880 961/2088/880 962/2089/880
f 974/2090/881 973/2091/881 964/2092/881 963/2093/881
f 963/2093/882 964/2092/882 966/2094/882 965/2095/882
f 965/2095/883 966/2094/883 968/2096/883 967/2097/883
f 967/2097/884 968/2096/884 970/2098/884 969/2099/884
f 940/2100/885 942/2101/885 958/2102/885 956/2103/885
f 950/2104/886 952/2105/886 968/2106/886 966/2107/886
f 951/2078/887 949/2076/887 965/2108/887 967/2109/887
f 971/2110/888 948/2111/888 964/2112/888 973/2113/888
f 954/2114/889 953/2115/889 969/2116/889 970/2117/889
f 972/2118/890 941/2119/890 957/2120/890 974/2121/890
f 939/2122/891 943/2123/891 959/2124/891 955/2125/891
f 952/2105/892 954/2126/892 970/2127/892 968/2106/892
f 944/2128/893 940/2100/893 956/2103/893 960/2129/893
f 953/2130/894 951/2131/894 967/2132/894 969/2133/894
f 948/2111/895 950/2104/895 966/2107/895 964/2112/895
f 945/2134/896 946/2135/896 962/2136/896 961/2137/896
f 941/2138/897 939/2139/897 955/2140/897 957/2141/897
f 949/2142/898 947/2143/898 963/2144/898 965/2145/898
f 943/2146/899 945/2147/899 961/2148/899 959/2149/899
f 946/2135/900 944/2128/900 960/2129/900 962/2136/900
f 947/2150/901 972/2118/901 974/2121/901 963/2151/901
f 942/2101/902 971/2110/902 973/2113/902 958/2102/902
f 957/2085/903 958/2084/903 973/2152/903 974/2153/903
f 941/2065/904 972/2154/904 971/2155/904 942/2066/904
f 975/2156/905 977/2157/905 978/2158/905 976/2159/905
f 976/2159/906 980/2160/906 979/2161/906 975/2156/906
f 980/2160/907 982/2162/907 981/2163/907 979/2161/907
f 1008/2164/908 983/2165/908 984/2166/908 1007/2167/908
f 983/2168/909 985/2169/909 986/2170/909 984/2171/909
f 985/2169/910 987/2172/910 988/2173/910 986/2170/910
f 987/2172/911 989/2174/911 990/2175/911 988/2173/911
f 991/2176/912 992/2177/912 994/2178/912 993/2179/912
f 992/2177/913 991/2176/913 995/2180/913 996/2181/913
f 996/2182/914 995/2183/914 997/2184/914 998/2185/914
f 1010/2186/915 1009/2187/915 1000/2188/915 999/2189/915
f 999/2190/916 1000/2191/916 1002/2192/916 1001/2193/916
f 1001/2193/917 1002/2192/917 1004/2194/917 1003/2195/917
f 1003/2195/918 1004/2194/918 1006/2196/918 1005/2197/918
f 976/2198/919 978/2199/919 994/2200/919 992/2201/919
f 986/2170/920 988/2173/920 1004/2202/920 1002/2203/920
f 987/2204/921 985/2205/921 1001/2206/921 1003/2207/921
f 1007/2208/922 984/2209/922 1000/2210/922 1009/2211/922
f 990/2212/923 989/2213/923 1005/2197/923 1006/2196/923
f 1008/2214/924 977/2215/924 993/2216/924 1010/2217/924
f 975/2218/925 979/2219/925 995/2220/925 991/2221/925
f 988/2173/926 990/2175/926 1006/2222/926 1004/2202/926
f 980/2223/927 976/2198/927 992/2201/927 996/2224/927
f 989/2213/928 987/2225/928 1003/2195/928 1005/2197/928
f 984/2209/929 986/2226/929 1002/2227/929 1000/2210/929
f 981/2163/930 982/2162/930 998/2228/930 997/2229/930
f 977/2230/931 975/2231/931 991/2232/931 993/2233/931
f 985/2234/932 983/2235/932 999/2190/932 1001/2193/932
f 979/2236/933 981/1734/933 997/2237/933 995/2238/933
f 982/2162/934 980/2160/934 996/2239/934 998/2228/934
f 983/2240/935 1008/2214/935 1010/2217/935 999/2241/935
f 978/2199/936 1007/2208/936 1009/2211/936 994/2200/936
f 993/2179/937 994/2178/937 1009/2187/937 1010/2186/937
f 977/2157/938 1008/2164/938 1007/2167/938 978/2158/938
f 1011/2242/939 1013/2243/939 1014/2244/939 1012/2245/939
f 1012/2245/940 1016/2246/940 1015/2247/940 1011/2242/940
f 1016/2248/941 1018/2249/941 1017/2250/941 1015/2251/941
f 1044/2252/942 1019/2253/942 1020/2254/942 1043/2255/942
f 1019/2253/943 1021/2256/943 1022/2257/943 1020/2254/943
f 1021/2256/944 1023/2258/944 1024/2259/944 1022/2257/944
f 1023/2258/945 1025/2260/945 1026/2261/945 1024/2259/945
f 1027/2262/946 1028/2263/946 1030/2264/946 1029/2265/946
f 1028/2263/947 1027/2262/947 1031/2266/947 1032/2267/947
f 1032/2268/948 1031/2269/948 1033/2270/948 1034/2271/948
f 1046/2272/949 1045/2273/949 1036/2274/949 1035/2275/949
f 1035/2275/950 1036/2274/950 1038/2276/950 1037/2277/950
f 1037/2277/951 1038/2276/951 1040/2278/951 1039/2279/951
f 1039/2279/952 1040/2278/952 1042/2280/952 1041/2281/952
f 1012/2282/953 1014/2283/953 1030/2284/953 1028/2285/953
f 1022/2286/954 1024/2287/954 1040/2288/954 1038/2289/954
f 1023/2290/955 1021/2291/955 1037/2292/955 1039/2293/955
f 1043/2294/956 1020/2295/956 1036/2296/956 1045/2297/956
f 1026/2298/957 1025/2299/957 1041/2300/957 1042/2301/957
f 1044/2302/958 1013/2303/958 1029/2304/958 1046/2305/958
f 1011/2306/959 1015/2307/959 1031/2308/959 1027/2309/959
f 1024/2259/960 1026/2261/960 1042/2310/960 1040/2311/960
f 1016/2312/961 1012/2282/961 1028/2285/961 1032/2313/961
f 1025/2314/962 1023/2315/962 1039/2316/962 1041/2317/962
f 1020/2295/963 1022/2286/963 1038/2289/963 1036/2296/963
f 1017/2318/964 1018/2319/964 1034/2320/964 1033/2321/964
f 1013/2322/965 1011/2323/965 1027/2324/965 1029/2325/965
f 1021/2326/966 1019/2327/966 1035/2328/966 1037/2329/966
f 1015/2330/967 1017/2331/967 1033/2332/967 1031/2333/967
f 1018/2334/968 1016/2335/968 1032/2336/968 1034/2337/968
f 1019/2338/969 1044/2302/969 1046/2305/969 1035/2339/969
f 1014/2283/970 1043/2294/970 1045/2297/970 1030/2284/970
f 1029/2265/971 1030/2264/971 1045/2273/971 1046/2272/971
f 1013/2243/972 1044/2252/972 1043/2255/972 1014/2244/972
f 1047/2340/973 1049/2341/973 1050/2342/973 1048/2343/973
f 1048/2343/974 1052/2344/974 1051/2345/974 1047/2340/974
f 1052/2344/975 1054/2346/975 1053/2347/975 1051/2345/975
f 1080/2348/976 1055/2349/976 1056/2350/976 1079/2351/976
f 1055/2349/977 1057/2352/977 1058/2353/977 1056/2350/977
f 1057/2352/978 1059/2354/978 1060/2355/978 1058/2353/978
f 1059/2354/979 1061/2356/979 1062/2357/979 1060/2355/979
f 1063/2358/980 1064/2359/980 1066/2360/980 1065/2361/980
f 1064/2359/981 1063/2358/981 1067/2362/981 1068/2363/981
f 1068/2363/982 1067/2362/982 1069/2364/982 1070/2365/982
f 1082/2366/983 1081/2367/983 1072/2368/983 1071/2369/983
f 1071/2369/984 1072/2368/984 1074/2370/984 1073/2371/984
f 1073/2371/985 1074/2370/985 1076/2372/985 1075/2373/985
f 1075/2373/986 1076/2372/986 1078/2374/986 1077/2375/986
f 1048/2376/987 1050/2377/987 1066/2378/987 1064/2379/987
f 1058/2380/988 1060/2381/988 1076/2382/988 1074/2383/988
f 1059/2384/989 1057/2385/989 1073/2386/989 1075/2387/989
f 1079/2388/990 1056/2389/990 1072/2390/990 1081/2391/990
f 1062/2392/991 1061/2393/991 1077/2375/991 1078/2374/991
f 1080/2394/992 1049/2395/992 1065/2396/992 1082/2397/992
f 1047/2340/993 1051/2345/993 1067/2398/993 1063/2399/993
f 1060/2355/994 1062/2357/994 1078/2400/994 1076/2401/994
f 1052/2402/995 1048/2376/995 1064/2379/995 1068/2403/995
f 1061/2393/996 1059/2404/996 1075/2373/996 1077/2375/996
f 1056/2389/997 1058/2380/997 1074/2383/997 1072/2390/997
f 1053/2405/998 1054/2406/998 1070/2407/998 1069/2408/998
f 1049/2395/999 1047/2409/999 1063/2410/999 1065/2396/999
f 1057/2411/1000 1055/2412/1000 1071/2413/1000 1073/2414/1000
f 1051/2415/1001 1053/2416/1001 1069/2417/1001 1067/2418/1001
f 1054/2406/1002 1052/2402/1002 1068/2403/1002 1070/2407/1002
f 1055/2419/1003 1080/2394/1003 1082/2397/1003 1071/2420/1003
f 1050/2377/1004 1079/2388/1004 1081/2391/1004 1066/2378/1004
f 1065/2361/1005 1066/2360/1005 1081/2421/1005 1082/2422/1005
f 1049/2341/1006 1080/2423/1006 1079/2424/1006 1050/2342/1006
f 1083/2425/1007 1085/2426/1007 1086/2427/1007 1084/2428/1007
f 1084/2428/1008 1088/2429/1008 1087/2430/1008 1083/2425/1008
f 1088/2429/1009 1090/2431/1009 1089/2432/1009 1087/2430/1009
f 1085/2426/742 1091/2433/742 1092/2434/742 1086/2427/742
f 1091/2435/1010 1093/2436/1010 1094/2437/1010 1092/2438/1010
f 1093/2436/1011 1095/2439/1011 1096/2440/1011 1094/2437/1011
f 1095/2439/1012 1097/2441/1012 1098/2442/1012 1096/2440/1012
f 1099/2443/1013 1100/2444/1013 1102/2445/1013 1101/2446/1013
f 1100/2444/1014 1099/2443/1014 1103/2447/1014 1104/2448/1014
f 1104/2448/1015 1103/2447/1015 1105/2449/1015 1106/2450/1015
f 1101/2446/749 1102/2445/749 1108/2451/749 1107/2452/749
f 1107/984/1016 1108/2453/1016 1110/2454/1016 1109/2455/1016
f 1109/2455/1017 1110/2454/1017 1112/2456/1017 1111/2457/1017
f 1111/2457/1018 1112/2456/1018 1114/2458/1018 1113/2459/1018
f 1084/2460/1019 1086/2461/1019 1102/2462/1019 1100/2463/1019
f 1094/2437/1020 1096/2440/1020 1112/2464/1020 1110/2465/1020
f 1095/2466/1021 1093/2467/1021 1109/2468/1021 1111/2469/1021
f 1086/2461/1022 1092/2438/1022 1108/2470/1022 1102/2462/1022
f 1098/2471/1023 1097/2472/1023 1113/2473/1023 1114/2474/1023
f 1091/2475/1024 1085/2476/1024 1101/2477/1024 1107/2478/1024
f 1083/2479/1025 1087/2480/1025 1103/2481/1025 1099/2482/1025
f 1096/2440/1026 1098/2442/1026 1114/2483/1026 1112/2464/1026
f 1088/2484/1027 1084/2460/1027 1100/2463/1027 1104/2485/1027
f 1097/2486/1028 1095/2487/1028 1111/2457/1028 1113/2459/1028
f 1092/2438/1029 1094/2437/1029 1110/2465/1029 1108/2470/1029
f 1089/2488/1030 1090/2489/1030 1106/2490/1030 1105/2491/1030
f 1085/2492/1031 1083/2493/1031 1099/2494/1031 1101/2495/1031
f 1093/2496/1032 1091/2497/1032 1107/2498/1032 1109/2499/1032
f 1087/2500/1033 1089/2501/1033 1105/2502/1033 1103/2503/1033
f 1090/2489/1034 1088/2484/1034 1104/2485/1034 1106/2490/1034
f 1115/2504/1035 1117/2505/1035 1118/2506/1035 1116/2507/1035
f 1116/2507/1036 1120/2508/1036 1119/2509/1036 1115/2504/1036
f 1120/2508/1037 1122/2510/1037 1121/2511/1037 1119/2509/1037
f 1117/2512/742 1123/2513/742 1124/2514/742 1118/2515/742
f 1123/2513/1038 1125/2516/1038 1126/2517/1038 1124/2514/1038
f 1125/2516/1039 1127/2518/1039 1128/2519/1039 1126/2517/1039
f 1127/2518/1040 1129/2520/1040 1130/2521/1040 1128/2519/1040
f 1131/2522/1041 1132/2523/1041 1134/2524/1041 1133/2525/1041
f 1132/2523/1042 1131/2522/1042 1135/2526/1042 1136/2527/1042
f 1136/2527/1043 1135/2526/1043 1137/2528/1043 1138/2529/1043
f 1133/2530/749 1134/2531/749 1140/2532/749 1139/2533/749
f 1139/2533/1044 1140/2532/1044 1142/2534/1044 1141/2535/1044
f 1141/2535/1045 1142/2534/1045 1144/2536/1045 1143/2537/1045
f 1143/2537/1046 1144/2536/1046 1146/2538/1046 1145/2539/1046
f 1116/2540/1047 1118/2541/1047 1134/2542/1047 1132/2543/1047
f 1126/2544/1048 1128/2545/1048 1144/2546/1048 1142/2547/1048
f 1127/2548/1049 1125/777/1049 1141/2549/1049 1143/2550/1049
f 1118/2541/1050 1124/2551/1050 1140/2552/1050 1134/2542/1050
f 1130/2553/1051 1129/2554/1051 1145/2555/1051 1146/2556/1051
f 1123/2557/1052 1117/2558/1052 1133/2559/1052 1139/2560/1052
f 1115/2561/1053 1119/2562/1053 1135/2563/1053 1131/2564/1053
f 1128/2545/1054 1130/2565/1054 1146/2566/1054 1144/2546/1054
f 1120/2567/1055 1116/2540/1055 1132/2543/1055 1136/2568/1055
f 1129/2554/1056 1127/2569/1056 1143/2570/1056 1145/2555/1056
f 1124/2551/1057 1126/2544/1057 1142/2547/1057 1140/2552/1057
f 1121/2571/1058 1122/2572/1058 1138/2573/1058 1137/2574/1058
f 1117/2575/1059 1115/2576/1059 1131/2522/1059 1133/2525/1059
f 1125/2577/1060 1123/2557/1060 1139/2560/1060 1141/2578/1060
f 1119/2562/1061 1121/2579/1061 1137/2580/1061 1135/2563/1061
f 1122/2572/1062 1120/2567/1062 1136/2568/1062 1138/2573/1062
f 1147/2581/1063 1149/2582/1063 1150/2583/1063 1148/2584/1063
f 1148/2584/1064 1152/2585/1064 1151/2586/1064 1147/2581/1064
f 1152/2587/1065 1154/2588/1065 1153/2589/1065 1151/2590/1065
f 1149/2591/742 1155/2592/742 1156/2593/742 1150/2594/742
f 1155/2592/1066 1157/2595/1066 1158/2596/1066 1156/2593/1066
f 1157/2595/1067 1159/2597/1067 1160/2598/1067 1158/2596/1067
f 1159/2597/1068 1161/2599/1068 1162/2600/1068 1160/2598/1068
f 1163/2601/1069 1164/2602/1069 1166/2603/1069 1165/2604/1069
f 1164/2602/1070 1163/2601/1070 1167/2605/1070 1168/2606/1070
f 1168/2607/1071 1167/2608/1071 1169/2609/1071 1170/2610/1071
f 1165/2611/749 1166/2612/749 1172/2613/749 1171/2614/749
f 1171/2614/1072 1172/2613/1072 1174/2615/1072 1173/2616/1072
f 1173/2616/1073 1174/2615/1073 1176/2617/1073 1175/2618/1073
f 1175/2618/1074 1176/2617/1074 1178/2619/1074 1177/2620/1074
f 1148/2621/1075 1150/2622/1075 1166/2603/1075 1164/2602/1075
f 1158/2623/1076 1160/2624/1076 1176/2625/1076 1174/2626/1076
f 1159/2627/1077 1157/591/1077 1173/2628/1077 1175/2629/1077
f 1150/2622/1078 1156/2630/1078 1172/2631/1078 1166/2603/1078
f 1162/2632/1079 1161/2633/1079 1177/2634/1079 1178/2635/1079
f 1155/2636/1080 1149/2637/1080 1165/2638/1080 1171/2639/1080
f 1147/2581/1081 1151/2586/1081 1167/2640/1081 1163/2641/1081
f 1160/2624/1082 1162/2642/1082 1178/2643/1082 1176/2625/1082
f 1152/2644/1083 1148/2621/1083 1164/2602/1083 1168/2606/1083
f 1161/2645/1084 1159/2646/1084 1175/2647/1084 1177/2648/1084
f 1156/2630/1085 1158/2623/1085 1174/2626/1085 1172/2631/1085
f 1153/2649/1086 1154/2650/1086 1170/2651/1086 1169/2652/1086
f 1149/2653/1087 1147/2654/1087 1163/2655/1087 1165/2656/1087
f 1157/2657/1088 1155/2636/1088 1171/2639/1088 1173/2658/1088
f 1151/2659/1089 1153/2660/1089 1169/2609/1089 1167/2608/1089
f 1154/2650/1090 1152/2644/1090 1168/2606/1090 1170/2651/1090
f 1195/2661/1091 1191/2662/1091 1192/2663/1091 1196/2664/1091
f 1194/2665/1092 1195/2666/1092 1196/2667/1092 1193/2668/1092
f 1200/2669/1093 1201/2670/1093 1202/2671/1093 1199/2672/1093
f 1201/2673/1094 1197/2674/1094 1198/2675/1094 1202/2676/1094
f 1212/2677/1095 1213/2678/1095 1214/2679/1095 1211/2680/1095
f 1213/2681/1096 1209/2682/1096 1210/2683/1096 1214/2684/1096
f 1206/2685/1097 1207/2686/1097 1208/2687/1097 1205/2688/1097
f 1207/2689/1098 1203/2690/1098 1204/2691/1098 1208/2692/1098
f 1193/2668/1099 1198/2675/1099 1197/2674/1099 1194/2665/1099
f 1199/2672/1100 1210/2683/1100 1209/2682/1100 1200/2669/1100
f 1211/2680/1101 1204/2691/1101 1203/2690/1101 1212/2677/1101
f 1205/2688/1102 1192/2663/1102 1191/2662/1102 1206/2685/1102
f 1192/2663/1103 1180/2693/1103 1181/2694/1103 1196/2664/1103
f 1205/2688/1104 1185/2695/1104 1180/2693/1104 1192/2663/1104
f 1196/2667/1105 1181/2696/1105 1179/2697/1105 1193/2668/1105
f 1193/2668/1106 1179/2697/1106 1183/2698/1106 1198/2675/1106
f 1184/2699/1107 1202/2676/1107 1198/2675/1107 1183/2698/1107
f 1199/2672/1108 1182/2700/1108 1189/2701/1108 1210/2683/1108
f 1182/2700/1109 1199/2672/1109 1202/2671/1109 1184/2702/1109
f 1187/2703/1110 1208/2704/1110 1204/2705/1110 1186/2706/1110
f 1211/2707/1111 1188/2708/1111 1186/2706/1111 1204/2705/1111
f 1185/2695/1112 1205/2688/1112 1208/2687/1112 1187/2709/1112
f 1190/2710/1113 1214/2684/1113 1210/2683/1113 1189/2701/1113
f 1188/2708/1114 1211/2707/1114 1214/2711/1114 1190/2712/1114
f 1179/2697/1115 1181/2696/1115 1217/2713/1115 1215/2714/1115
f 1183/2698/1116 1179/2697/1116 1215/2714/1116 1219/2715/1116
f 1190/2710/1117 1189/2701/1117 1225/2716/1117 1226/2717/1117
f 1182/2700/1118 1184/2702/1118 1220/2718/1118 1218/2719/1118
f 1180/2693/1119 1185/2695/1119 1221/2720/1119 1216/2721/1119
f 1185/2695/1120 1187/2709/1120 1223/2722/1120 1221/2720/1120
f 1184/2699/1121 1183/2698/1121 1219/2715/1121 1220/2723/1121
f 1186/2724/1122 1188/2725/1122 1224/2726/1122 1222/2727/1122
f 1181/2694/1123 1180/2693/1123 1216/2721/1123 1217/2728/1123
f 1187/2729/1124 1186/2724/1124 1222/2727/1124 1223/2730/1124
f 1188/2725/1125 1190/2731/1125 1226/2732/1125 1224/2726/1125
f 1189/2701/1126 1182/2700/1126 1218/2719/1126 1225/2716/1126
f 1216/2721/1127 1221/2720/1127 1233/2733/1127 1228/2734/1127
f 1221/2720/1128 1223/2722/1128 1235/2735/1128 1233/2733/1128
f 1220/2723/1129 1219/2715/1129 1231/2736/1129 1232/2737/1129
f 1222/2738/1130 1224/2739/1130 1236/2740/1130 1234/2741/1130
f 1217/2728/1131 1216/2721/1131 1228/2734/1131 1229/2742/1131
f 1223/2743/1132 1222/2738/1132 1234/2741/1132 1235/2744/1132
f 1224/2739/1133 1226/2745/1133 1238/2746/1133 1236/2740/1133
f 1225/2716/1134 1218/2719/1134 1230/2747/1134 1237/2748/1134
f 1215/2714/1135 1217/2713/1135 1229/2749/1135 1227/2750/1135
f 1219/2715/1136 1215/2714/1136 1227/2750/1136 1231/2736/1136
f 1226/2717/1137 1225/2716/1137 1237/2748/1137 1238/2751/1137
f 1218/2719/1138 1220/2718/1138 1232/2752/1138 1230/2747/1138
f 1235/2753/1139 1234/2754/1139 1246/2755/1139 1247/2756/1139
f 1236/2757/1140 1238/2758/1140 1250/2759/1140 1248/2760/1140
f 1237/2761/1141 1230/2762/1141 1242/2763/1141 1249/2764/1141
f 1227/2750/1142 1229/2749/1142 1241/2765/1142 1239/2766/1142
f 1231/2736/1143 1227/2750/1143 1239/2766/1143 1243/2767/1143
f 1238/2758/1144 1237/2761/1144 1249/2764/1144 1250/2759/1144
f 1230/2768/1145 1232/2737/1145 1244/2769/1145 1242/2770/1145
f 1228/2734/1146 1233/2733/1146 1245/2771/1146 1240/2772/1146
f 1233/2733/1147 1235/2735/1147 1247/2773/1147 1245/2771/1147
f 1232/2737/1148 1231/2736/1148 1243/2767/1148 1244/2769/1148
f 1234/2754/1149 1236/2757/1149 1248/2760/1149 1246/2755/1149
f 1229/2742/1150 1228/2734/1150 1240/2772/1150 1241/2774/1150
f 1242/2775/1151 1244/2776/1151 1256/2777/1151 1254/2778/1151
f 1240/2772/1152 1245/2771/1152 1257/2779/1152 1252/2780/1152
f 1245/2771/1153 1247/2773/1153 1259/2781/1153 1257/2779/1153
f 1244/2782/1154 1243/2783/1154 1255/2784/1154 1256/2785/1154
f 1246/2786/1155 1248/2787/1155 1260/2788/1155 1258/2789/1155
f 1241/2774/1156 1240/2772/1156 1252/2780/1156 1253/2790/1156
f 1247/2791/1157 1246/2786/1157 1258/2789/1157 1259/2792/1157
f 1248/2787/1158 1250/2793/1158 1262/2794/1158 1260/2788/1158
f 1249/2795/1159 1242/2775/1159 1254/2778/1159 1261/2796/1159
f 1239/2766/1160 1241/2765/1160 1253/2797/1160 1251/2798/1160
f 1243/2767/1161 1239/2766/1161 1251/2798/1161 1255/2799/1161
f 1250/2800/1162 1249/2795/1162 1261/2796/1162 1262/2801/1162
f 1253/2790/1163 1252/2780/1163 1264/2802/1163 1265/2803/1163
f 1259/2804/1164 1258/2805/1164 1270/2806/1164 1271/2807/1164
f 1260/2788/1165 1262/2794/1165 1274/2808/1165 1272/2809/1165
f 1261/2796/1166 1254/2778/1166 1266/2810/1166 1273/2811/1166
f 1251/2798/1167 1253/2797/1167 1265/2812/1167 1263/2813/1167
f 1255/2799/1168 1251/2798/1168 1263/2813/1168 1267/2814/1168
f 1262/2801/1169 1261/2796/1169 1273/2811/1169 1274/2815/1169
f 1254/2778/1170 1256/2777/1170 1268/2816/1170 1266/2810/1170
f 1252/2780/1171 1257/2779/1171 1269/2817/1171 1264/2802/1171
f 1257/2818/1172 1259/2804/1172 1271/2807/1172 1269/2819/1172
f 1256/2820/1173 1255/2799/1173 1267/2814/1173 1268/2821/1173
f 1258/2805/1174 1260/2822/1174 1272/2823/1174 1270/2806/1174
f 1270/2824/1175 1272/2809/1175 1284/2825/1175 1282/2826/1175
f 1265/2803/1176 1264/2802/1176 1276/2827/1176 1277/2828/1176
f 1271/2829/1177 1270/2824/1177 1282/2826/1177 1283/2830/1177
f 1272/2809/1178 1274/2808/1178 1286/2831/1178 1284/2825/1178
f 1273/2811/1179 1266/2810/1179 1278/2832/1179 1285/2833/1179
f 1263/2813/1180 1265/2812/1180 1277/2834/1180 1275/2835/1180
f 1267/2814/1181 1263/2813/1181 1275/2835/1181 1279/2836/1181
f 1274/2815/1182 1273/2811/1182 1285/2833/1182 1286/2837/1182
f 1266/2838/1183 1268/2839/1183 1280/2840/1183 1278/2841/1183
f 1264/2802/1184 1269/2817/1184 1281/2842/1184 1276/2827/1184
f 1269/2817/1185 1271/2843/1185 1283/2844/1185 1281/2842/1185
f 1268/2839/1186 1267/2845/1186 1279/2846/1186 1280/2840/1186
f 1280/2847/1187 1279/2836/1187 1291/2848/1187 1292/2849/1187
f 1282/2850/1188 1284/2851/1188 1296/2852/1188 1294/2853/1188
f 1277/2854/1189 1276/2855/1189 1288/2856/1189 1289/2857/1189
f 1283/2858/1190 1282/2850/1190 1294/2853/1190 1295/2859/1190
f 1284/2851/1191 1286/2860/1191 1298/2861/1191 1296/2852/1191
f 1285/2833/1192 1278/2832/1192 1290/2862/1192 1297/2863/1192
f 1275/2835/1193 1277/2834/1193 1289/2864/1193 1287/2865/1193
f 1279/2836/1194 1275/2835/1194 1287/2865/1194 1291/2848/1194
f 1286/2837/1195 1285/2833/1195 1297/2863/1195 1298/2866/1195
f 1278/2832/1196 1280/2867/1196 1292/2868/1196 1290/2862/1196
f 1276/2855/1197 1281/2869/1197 1293/2870/1197 1288/2856/1197
f 1281/2869/1198 1283/2858/1198 1295/2859/1198 1293/2870/1198
f 1292/2871/1199 1291/2872/1199 1303/2873/1199 1304/2874/1199
f 1294/2875/1200 1296/2876/1200 1308/2877/1200 1306/2878/1200
f 1289/2879/1201 1288/2880/1201 1300/2881/1201 1301/2882/1201
f 1295/2883/1202 1294/2875/1202 1306/2878/1202 1307/2884/1202
f 1296/2876/1203 1298/2885/1203 1310/2886/1203 1308/2877/1203
f 1297/2863/1204 1290/2862/1204 1302/2887/1204 1309/2888/1204
f 1287/2865/1205 1289/2864/1205 1301/2889/1205 1299/2890/1205
f 1291/2848/1206 1287/2865/1206 1299/2890/1206 1303/2891/1206
f 1298/2866/1207 1297/2863/1207 1309/2888/1207 1310/2892/1207
f 1290/2862/1208 1292/2868/1208 1304/2893/1208 1302/2887/1208
f 1288/2880/1209 1293/2894/1209 1305/2895/1209 1300/2881/1209
f 1293/2894/1210 1295/2896/1210 1307/2897/1210 1305/2895/1210
f 1206/2685/1211 1191/2662/1211 1311/2898/1211 1318/2899/1211
f 1191/2662/1212 1195/2661/1212 1313/2900/1212 1311/2898/1212
f 1209/2682/1213 1213/2681/1213 1322/2901/1213 1320/2902/1213
f 1201/2670/1214 1200/2669/1214 1315/2903/1214 1316/2904/1214
f 1203/2905/1215 1207/2906/1215 1319/2907/1215 1317/2908/1215
f 1213/2909/1216 1212/2910/1216 1321/2911/1216 1322/2912/1216
f 1195/2666/1217 1194/2665/1217 1312/2913/1217 1313/2914/1217
f 1207/2686/1218 1206/2685/1218 1318/2899/1218 1319/2915/1218
f 1194/2665/1219 1197/2674/1219 1314/2916/1219 1312/2913/1219
f 1212/2910/1220 1203/2905/1220 1317/2908/1220 1321/2911/1220
f 1200/2669/1221 1209/2682/1221 1320/2902/1221 1315/2903/1221
f 1197/2917/1222 1201/2918/1222 1316/2919/1222 1314/2920/1222
f 1319/2921/1223 1318/2922/1223 1330/2923/1223 1331/2924/1223
f 1314/2916/1224 1316/2925/1224 1328/2926/1224 1326/2927/1224
f 1321/2928/1225 1317/2929/1225 1329/2930/1225 1333/2931/1225
f 1311/2898/1226 1313/2900/1226 1325/2932/1226 1323/2933/1226
f 1317/2929/1227 1319/2921/1227 1331/2924/1227 1329/2930/1227
f 1322/2934/1228 1321/2928/1228 1333/2931/1228 1334/2935/1228
f 1318/2899/1229 1311/2898/1229 1323/2933/1229 1330/2936/1229
f 1313/2914/1230 1312/2913/1230 1324/2937/1230 1325/2938/1230
f 1312/2913/1231 1314/2916/1231 1326/2927/1231 1324/2937/1231
f 1320/2902/1232 1322/2901/1232 1334/2939/1232 1332/2940/1232
f 1316/2904/1233 1315/2903/1233 1327/2941/1233 1328/2942/1233
f 1315/2903/1234 1320/2902/1234 1332/2940/1234 1327/2941/1234
f 1303/2873/1235 1335/2943/1235 1302/2944/1235 1304/2874/1235
f 1335/2943/1236 1337/2945/1236 1309/2946/1236 1302/2944/1236
f 1337/2945/1236 1308/2947/1236 1310/2948/1236 1309/2946/1236
f 1299/2949/1235 1336/2950/1235 1335/2943/1235 1303/2873/1235
f 1336/2950/1235 1338/2951/1235 1337/2945/1235 1335/2943/1235
f 1338/2951/1236 1306/2952/1236 1308/2947/1236 1337/2945/1236
f 1301/2953/1236 1300/2954/1236 1336/2950/1236 1299/2949/1236
f 1300/2954/1236 1305/2955/1236 1338/2951/1236 1336/2950/1236
f 1305/2955/1236 1307/2956/1236 1306/2952/1236 1338/2951/1236
f 1339/2957/1237 1341/2958/1237 1342/2959/1237 1340/2960/1237
f 1340/2960/1238 1344/2961/1238 1343/2962/1238 1339/2957/1238
f 1344/2961/1239 1346/2963/1239 1345/2964/1239 1343/2962/1239
f 1341/2958/1240 1347/2965/1240 1348/2966/1240 1342/2959/1240
f 1347/2967/1241 1349/2968/1241 1350/2969/1241 1348/2970/1241
f 1349/2968/1242 1351/2971/1242 1352/2972/1242 1350/2969/1242
f 1351/2971/1243 1353/2973/1243 1354/2974/1243 1352/2972/1243
f 1355/2975/1244 1356/2976/1244 1358/2977/1244 1357/2978/1244
f 1356/2976/1245 1355/2975/1245 1359/2979/1245 1360/2980/1245
f 1360/2980/1246 1359/2979/1246 1361/2981/1246 1362/2982/1246
f 1357/2978/1247 1358/2977/1247 1364/2983/1247 1363/2984/1247
f 1363/2985/1248 1364/2986/1248 1366/2987/1248 1365/2988/1248
f 1365/2988/1249 1366/2987/1249 1368/2989/1249 1367/2990/1249
f 1367/2990/1250 1368/2989/1250 1370/2991/1250 1369/2992/1250
f 1340/2993/1251 1342/2994/1251 1358/2995/1251 1356/2996/1251
f 1350/2997/1252 1352/2998/1252 1368/2999/1252 1366/3000/1252
f 1351/3001/1253 1349/3002/1253 1365/3003/1253 1367/3004/1253
f 1342/2994/1254 1348/3005/1254 1364/3006/1254 1358/2995/1254
f 1354/3007/1255 1353/3008/1255 1369/2992/1255 1370/2991/1255
f 1347/3009/1256 1341/3010/1256 1357/3011/1256 1363/3012/1256
f 1339/3013/1257 1343/3014/1257 1359/3015/1257 1355/3016/1257
f 1352/2998/1258 1354/3017/1258 1370/3018/1258 1368/2999/1258
f 1344/3019/1259 1340/2993/1259 1356/2996/1259 1360/3020/1259
f 1353/3021/1260 1351/3001/1260 1367/3004/1260 1369/3022/1260
f 1348/3005/1261 1350/2997/1261 1366/3000/1261 1364/3006/1261
f 1345/3023/1262 1346/3024/1262 1362/3025/1262 1361/3026/1262
f 1341/3010/1263 1339/3013/1263 1355/3016/1263 1357/3011/1263
f 1349/3002/1264 1347/3009/1264 1363/3012/1264 1365/3003/1264
f 1343/3014/1265 1345/3027/1265 1361/3028/1265 1359/3015/1265
f 1346/3024/1266 1344/3019/1266 1360/3020/1266 1362/3025/1266
f 1371/3029/1267 1373/3030/1267 1374/3031/1267 1372/3032/1267
f 1372/3032/1268 1376/3033/1268 1375/3034/1268 1371/3029/1268
f 1376/3033/1269 1378/3035/1269 1377/3036/1269 1375/3034/1269
f 1404/3037/1270 1379/3038/1270 1380/3039/1270 1403/3040/1270
f 1379/3038/1271 1381/3041/1271 1382/3042/1271 1380/3039/1271
f 1381/3043/1272 1383/3044/1272 1384/3045/1272 1382/3046/1272
f 1383/3047/1273 1385/3048/1273 1386/3049/1273 1384/2964/1273
f 1387/3050/1274 1388/3051/1274 1390/3052/1274 1389/3053/1274
f 1388/3054/1275 1387/3055/1275 1391/3056/1275 1392/3057/1275
f 1392/3057/1276 1391/3056/1276 1393/3058/1276 1394/3059/1276
f 1406/3060/1277 1405/3061/1277 1396/3062/1277 1395/3063/1277
f 1395/3063/1278 1396/3062/1278 1398/3064/1278 1397/3065/1278
f 1397/3066/1279 1398/3067/1279 1400/3068/1279 1399/3069/1279
f 1399/3070/1280 1400/3071/1280 1402/3072/1280 1401/3073/1280
f 1372/3074/1281 1374/3075/1281 1390/3076/1281 1388/3077/1281
f 1382/3078/1282 1384/3079/1282 1400/3080/1282 1398/3081/1282
f 1383/3082/1283 1381/3083/1283 1397/3084/1283 1399/3085/1283
f 1403/3086/1284 1380/3087/1284 1396/3088/1284 1405/3089/1284
f 1386/3090/1285 1385/3091/1285 1401/3073/1285 1402/3072/1285
f 1404/3092/1286 1373/3093/1286 1389/3094/1286 1406/3095/1286
f 1371/3029/1287 1375/3034/1287 1391/3096/1287 1387/3097/1287
f 1384/3079/1288 1386/3098/1288 1402/3099/1288 1400/3080/1288
f 1376/3100/1289 1372/3074/1289 1388/3077/1289 1392/3101/1289
f 1385/3102/1290 1383/3082/1290 1399/3085/1290 1401/3103/1290
f 1380/3087/1291 1382/3078/1291 1398/3081/1291 1396/3088/1291
f 1377/3104/1292 1378/3105/1292 1394/3106/1292 1393/3107/1292
f 1373/3093/1293 1371/3108/1293 1387/3109/1293 1389/3094/1293
f 1381/3110/1294 1379/3111/1294 1395/3063/1294 1397/3065/1294
f 1375/3112/1295 1377/3113/1295 1393/3114/1295 1391/3115/1295
f 1378/3105/1296 1376/3100/1296 1392/3101/1296 1394/3106/1296
f 1379/3116/1297 1404/3092/1297 1406/3095/1297 1395/3117/1297
f 1374/3075/1298 1403/3086/1298 1405/3089/1298 1390/3076/1298
f 1389/3053/1299 1390/3052/1299 1405/3061/1299 1406/3060/1299
f 1373/3118/1300 1404/3037/1300 1403/3040/1300 1374/3119/1300
f 1407/3120/1301 1409/3121/1301 1410/3122/1301 1408/3123/1301
f 1408/3123/1302 1412/3124/1302 1411/3125/1302 1407/3120/1302
f 1412/3124/1303 1414/3126/1303 1413/3127/1303 1411/3125/1303
f 1440/3128/1304 1415/3129/1304 1416/3130/1304 1439/3131/1304
f 1415/3129/1305 1417/3132/1305 1418/3133/1305 1416/3130/1305
f 1417/3132/1306 1419/3134/1306 1420/3135/1306 1418/3133/1306
f 1419/3136/1307 1421/3137/1307 1422/3138/1307 1420/3139/1307
f 1423/3140/1308 1424/3141/1308 1426/3142/1308 1425/3143/1308
f 1424/3141/1309 1423/3140/1309 1427/3144/1309 1428/3145/1309
f 1428/3145/1310 1427/3144/1310 1429/3146/1310 1430/3147/1310
f 1442/3148/1311 1441/3149/1311 1432/3150/1311 1431/3151/1311
f 1431/3151/1312 1432/3150/1312 1434/3152/1312 1433/3153/1312
f 1433/3153/1313 1434/3152/1313 1436/3154/1313 1435/3155/1313
f 1435/3156/1314 1436/3157/1314 1438/3158/1314 1437/3159/1314
f 1408/3160/1315 1410/3161/1315 1426/3162/1315 1424/3163/1315
f 1418/3164/1316 1420/3165/1316 1436/3166/1316 1434/3167/1316
f 1419/3168/1317 1417/3169/1317 1433/3170/1317 1435/3171/1317
f 1439/3172/1318 1416/3173/1318 1432/3174/1318 1441/3175/1318
f 1422/3176/1319 1421/3177/1319 1437/3159/1319 1438/3158/1319
f 1440/3178/1320 1409/3179/1320 1425/3180/1320 1442/3181/1320
f 1407/3182/1321 1411/3183/1321 1427/3184/1321 1423/3185/1321
f 1420/3139/1322 1422/3138/1322 1438/3186/1322 1436/3187/1322
f 1412/3188/1323 1408/3160/1323 1424/3163/1323 1428/3189/1323
f 1421/3177/1324 1419/3190/1324 1435/3156/1324 1437/3159/1324
f 1416/3173/1325 1418/3164/1325 1434/3167/1325 1432/3174/1325
f 1413/3191/1326 1414/3192/1326 1430/3193/1326 1429/3194/1326
f 1409/3195/1327 1407/3196/1327 1423/3197/1327 1425/3198/1327
f 1417/3199/1328 1415/3200/1328 1431/3201/1328 1433/3202/1328
f 1411/3203/1329 1413/3204/1329 1429/3205/1329 1427/3206/1329
f 1414/3192/1330 1412/3188/1330 1428/3189/1330 1430/3193/1330
f 1415/3207/1331 1440/3178/1331 1442/3181/1331 1431/3208/1331
f 1410/3161/1332 1439/3172/1332 1441/3175/1332 1426/3162/1332
f 1425/3143/1333 1426/3142/1333 1441/3149/1333 1442/3148/1333
f 1409/3121/1334 1440/3128/1334 1439/3131/1334 1410/3122/1334
f 1443/3209/1335 1445/3210/1335 1446/3211/1335 1444/3212/1335
f 1444/3212/1336 1448/3213/1336 1447/3214/1336 1443/3209/1336
f 1448/3213/1337 1450/3215/1337 1449/3216/1337 1447/3214/1337
f 1476/3217/1338 1451/3218/1338 1452/3219/1338 1475/3220/1338
f 1451/3218/1339 1453/3221/1339 1454/3222/1339 1452/3219/1339
f 1453/3221/1340 1455/3223/1340 1456/3224/1340 1454/3222/1340
f 1455/3223/1341 1457/3225/1341 1458/3226/1341 1456/3224/1341
f 1459/3227/1342 1460/3228/1342 1462/3229/1342 1461/3230/1342
f 1460/3228/1343 1459/3227/1343 1463/3231/1343 1464/3232/1343
f 1464/3232/1344 1463/3231/1344 1465/3233/1344 1466/3234/1344
f 1478/3235/1345 1477/3236/1345 1468/3237/1345 1467/3238/1345
f 1467/3238/1346 1468/3237/1346 1470/3239/1346 1469/3240/1346
f 1469/3240/1347 1470/3239/1347 1472/3241/1347 1471/3242/1347
f 1471/3242/1348 1472/3241/1348 1474/3243/1348 1473/3244/1348
f 1444/3245/1349 1446/3246/1349 1462/3247/1349 1460/3248/1349
f 1454/3249/1350 1456/3250/1350 1472/3251/1350 1470/3252/1350
f 1455/3253/1351 1453/3254/1351 1469/3255/1351 1471/3256/1351
f 1475/3257/1352 1452/3258/1352 1468/3259/1352 1477/3260/1352
f 1458/3261/1353 1457/3262/1353 1473/3263/1353 1474/3264/1353
f 1476/3265/1354 1445/3266/1354 1461/3267/1354 1478/3268/1354
f 1443/3269/1355 1447/3270/1355 1463/3271/1355 1459/3272/1355
f 1456/3250/1356 1458/3273/1356 1474/3274/1356 1472/3251/1356
f 1448/3275/1357 1444/3245/1357 1460/3248/1357 1464/3276/1357
f 1457/3277/1358 1455/3278/1358 1471/3279/1358 1473/3280/1358
f 1452/3258/1359 1454/3249/1359 1470/3252/1359 1468/3259/1359
f 1449/3281/1360 1450/3282/1360 1466/3283/1360 1465/3284/1360
f 1445/3285/1361 1443/3286/1361 1459/3287/1361 1461/3288/1361
f 1453/3289/1362 1451/3290/1362 1467/3291/1362 1469/3292/1362
f 1447/3293/1363 1449/3294/1363 1465/3295/1363 1463/3296/1363
f 1450/3297/1364 1448/3298/1364 1464/3299/1364 1466/3300/1364
f 1451/3290/1365 1476/3265/1365 1478/3268/1365 1467/3291/1365
f 1446/3246/1366 1475/3257/1366 1477/3260/1366 1462/3247/1366
f 1461/3230/1367 1462/3229/1367 1477/3236/1367 1478/3235/1367
f 1445/3210/1368 1476/3217/1368 1475/3220/1368 1446/3211/1368
f 1479/3301/1369 1481/3302/1369 1482/3303/1369 1480/3304/1369
f 1480/3304/1370 1484/3305/1370 1483/3306/1370 1479/3301/1370
f 1484/3307/1371 1486/3308/1371 1485/3309/1371 1483/3310/1371
f 1512/3311/1372 1487/3312/1372 1488/3313/1372 1511/3314/1372
f 1487/3312/1373 1489/3315/1373 1490/3316/1373 1488/3313/1373
f 1489/3315/1374 1491/3317/1374 1492/3318/1374 1490/3316/1374
f 1491/3317/1375 1493/3319/1375 1494/1881/1375 1492/3318/1375
f 1495/3320/1376 1496/3321/1376 1498/3322/1376 1497/3323/1376
f 1496/3321/1377 1495/3320/1377 1499/3324/1377 1500/3325/1377
f 1500/3326/1378 1499/3327/1378 1501/3328/1378 1502/3329/1378
f 1514/3330/1379 1513/3331/1379 1504/3332/1379 1503/3333/1379
f 1503/3333/1380 1504/3332/1380 1506/3334/1380 1505/3335/1380
f 1505/3335/1381 1506/3334/1381 1508/3336/1381 1507/3337/1381
f 1507/3337/1382 1508/3336/1382 1510/3338/1382 1509/3339/1382
f 1480/3340/1383 1482/3341/1383 1498/3342/1383 1496/3343/1383
f 1490/3344/1384 1492/3345/1384 1508/3346/1384 1506/3347/1384
f 1491/3348/1385 1489/3349/1385 1505/3350/1385 1507/3351/1385
f 1511/3352/1386 1488/3353/1386 1504/3354/1386 1513/3355/1386
f 1494/3356/1387 1493/3357/1387 1509/3358/1387 1510/3359/1387
f 1512/3360/1388 1481/3361/1388 1497/3362/1388 1514/3363/1388
f 1479/3364/1389 1483/3365/1389 1499/3366/1389 1495/3367/1389
f 1492/3368/1390 1494/3369/1390 1510/3370/1390 1508/3371/1390
f 1484/3372/1391 1480/3340/1391 1496/3343/1391 1500/3373/1391
f 1493/3357/1392 1491/3374/1392 1507/3375/1392 1509/3358/1392
f 1488/3353/1393 1490/3344/1393 1506/3347/1393 1504/3354/1393
f 1485/3376/1394 1486/3377/1394 1502/3378/1394 1501/3379/1394
f 1481/3302/1395 1479/3301/1395 1495/3380/1395 1497/3381/1395
f 1489/3382/1396 1487/3383/1396 1503/3384/1396 1505/3385/1396
f 1483/3386/1397 1485/3387/1397 1501/3388/1397 1499/3389/1397
f 1486/3377/1398 1484/3372/1398 1500/3373/1398 1502/3378/1398
f 1487/3390/1399 1512/3360/1399 1514/3363/1399 1503/3391/1399
f 1482/3341/1400 1511/3352/1400 1513/3355/1400 1498/3342/1400
f 1497/3323/1401 1498/3322/1401 1513/3331/1401 1514/3330/1401
f 1481/3302/1402 1512/3311/1402 1511/3314/1402 1482/3303/1402
f 1515/3392/1403 1517/3393/1403 1518/3394/1403 1516/3395/1403
f 1516/3395/1404 1520/3396/1404 1519/3397/1404 1515/3392/1404
f 1520/3398/1405 1522/3399/1405 1521/3400/1405 1519/3401/1405
f 1548/3402/1406 1523/3403/1406 1524/3404/1406 1547/3405/1406
f 1523/3403/1407 1525/3406/1407 1526/3407/1407 1524/3404/1407
f 1525/3408/1408 1527/3409/1408 1528/3410/1408 1526/3411/1408
f 1527/3409/1409 1529/3412/1409 1530/3413/1409 1528/3410/1409
f 1531/3414/1410 1532/3415/1410 1534/3416/1410 1533/3417/1410
f 1532/3415/1411 1531/3414/1411 1535/3418/1411 1536/3419/1411
f 1536/3419/1412 1535/3418/1412 1537/3420/1412 1538/3421/1412
f 1550/3422/1413 1549/3423/1413 1540/3424/1413 1539/3425/1413
f 1539/3425/1414 1540/3424/1414 1542/3426/1414 1541/3427/1414
f 1541/3427/1415 1542/3426/1415 1544/3428/1415 1543/3429/1415
f 1543/3430/1416 1544/3431/1416 1546/3432/1416 1545/3433/1416
f 1516/3434/1417 1518/3435/1417 1534/3436/1417 1532/3437/1417
f 1526/3407/1418 1528/3438/1418 1544/3439/1418 1542/3440/1418
f 1527/3409/1419 1525/3408/1419 1541/3441/1419 1543/3442/1419
f 1547/3405/1420 1524/3404/1420 1540/3443/1420 1549/3444/1420
f 1530/3445/1421 1529/3446/1421 1545/3447/1421 1546/3448/1421
f 1548/3449/1422 1517/3450/1422 1533/3451/1422 1550/3422/1422
f 1515/3452/1423 1519/3453/1423 1535/3454/1423 1531/3455/1423
f 1528/3438/1424 1530/3456/1424 1546/3457/1424 1544/3439/1424
f 1520/3458/1425 1516/3434/1425 1532/3437/1425 1536/3459/1425
f 1529/3460/1426 1527/3461/1426 1543/3462/1426 1545/3463/1426
f 1524/3404/1427 1526/3407/1427 1542/3440/1427 1540/3443/1427
f 1521/3464/1428 1522/3465/1428 1538/3466/1428 1537/3467/1428
f 1517/3468/1429 1515/3469/1429 1531/3414/1429 1533/3417/1429
f 1525/3470/1430 1523/3471/1430 1539/3425/1430 1541/3427/1430
f 1519/3472/1431 1521/3473/1431 1537/3420/1431 1535/3418/1431
f 1522/3474/1432 1520/3475/1432 1536/3476/1432 1538/3477/1432
f 1523/3471/1433 1548/3449/1433 1550/3422/1433 1539/3425/1433
f 1518/3478/1434 1547/3405/1434 1549/3444/1434 1534/3479/1434
f 1533/3417/1435 1534/3416/1435 1549/3480/1435 1550/3481/1435
f 1517/3393/1436 1548/3482/1436 1547/3483/1436 1518/3394/1436
f 1551/3484/1437 1553/3485/1437 1554/3486/1437 1552/3487/1437
f 1552/3487/1438 1556/3488/1438 1555/3489/1438 1551/3484/1438
f 1556/3490/1439 1558/3491/1439 1557/3492/1439 1555/3493/1439
f 1584/3494/1440 1559/3495/1440 1560/3496/1440 1583/3497/1440
f 1559/3495/1441 1561/3498/1441 1562/3499/1441 1560/3496/1441
f 1561/3498/1442 1563/3500/1442 1564/3501/1442 1562/3499/1442
f 1563/3502/1443 1565/3503/1443 1566/3504/1443 1564/3505/1443
f 1567/3506/1444 1568/3507/1444 1570/3508/1444 1569/3509/1444
f 1568/3507/1445 1567/3506/1445 1571/3510/1445 1572/3511/1445
f 1572/3512/1446 1571/3513/1446 1573/3514/1446 1574/3515/1446
f 1586/3516/1447 1585/3517/1447 1576/3518/1447 1575/3519/1447
f 1575/3519/1448 1576/3518/1448 1578/3520/1448 1577/3521/1448
f 1577/3522/1449 1578/3523/1449 1580/3524/1449 1579/3525/1449
f 1579/3525/1450 1580/3524/1450 1582/3526/1450 1581/3527/1450
f 1552/3528/1451 1554/3529/1451 1570/3530/1451 1568/3531/1451
f 1562/3532/1452 1564/3533/1452 1580/3534/1452 1578/3535/1452
f 1563/3536/1453 1561/3537/1453 1577/3538/1453 1579/3539/1453
f 1583/3540/1454 1560/3541/1454 1576/3542/1454 1585/3543/1454
f 1566/3544/1455 1565/3545/1455 1581/3527/1455 1582/3526/1455
f 1584/3546/1456 1553/3547/1456 1569/3548/1456 1586/3549/1456
f 1551/3550/1457 1555/3551/1457 1571/3552/1457 1567/3553/1457
f 1564/3505/1458 1566/3504/1458 1582/3554/1458 1580/3555/1458
f 1556/3556/1459 1552/3528/1459 1568/3531/1459 1572/3557/1459
f 1565/3545/1460 1563/3558/1460 1579/3525/1460 1581/3527/1460
f 1560/3541/1461 1562/3532/1461 1578/3535/1461 1576/3542/1461
f 1557/3559/1462 1558/3560/1462 1574/3561/1462 1573/3562/1462
f 1553/3563/1463 1551/3564/1463 1567/3565/1463 1569/3566/1463
f 1561/3567/1464 1559/3568/1464 1575/3569/1464 1577/3570/1464
f 1555/3571/1465 1557/3572/1465 1573/2143/1465 1571/3573/1465
f 1558/3560/1466 1556/3574/1466 1572/3575/1466 1574/3561/1466
f 1559/3576/1467 1584/3546/1467 1586/3549/1467 1575/3577/1467
f 1554/3529/1468 1583/3540/1468 1585/3543/1468 1570/3530/1468
f 1569/3509/1469 1570/3508/1469 1585/3517/1469 1586/3516/1469
f 1553/3485/1470 1584/3494/1470 1583/3497/1470 1554/3486/1470
f 1587/3578/1471 1589/3579/1471 1590/3580/1471 1588/3581/1471
f 1588/3581/1472 1592/3582/1472 1591/3583/1472 1587/3578/1472
f 1592/3582/1473 1594/3584/1473 1593/3585/1473 1591/3583/1473
f 1620/3586/1474 1595/3587/1474 1596/3588/1474 1619/3589/1474
f 1595/3587/1475 1597/3590/1475 1598/3591/1475 1596/3588/1475
f 1597/3590/1476 1599/3592/1476 1600/3593/1476 1598/3591/1476
f 1599/3592/1477 1601/3594/1477 1602/3595/1477 1600/3593/1477
f 1603/3596/1478 1604/3597/1478 1606/3598/1478 1605/3599/1478
f 1604/3597/1479 1603/3596/1479 1607/3600/1479 1608/3601/1479
f 1608/3601/1480 1607/3600/1480 1609/3602/1480 1610/3603/1480
f 1622/3604/1481 1621/3605/1481 1612/3606/1481 1611/3607/1481
f 1611/3607/1482 1612/3606/1482 1614/3608/1482 1613/3609/1482
f 1613/3609/1483 1614/3608/1483 1616/3610/1483 1615/3611/1483
f 1615/3611/1484 1616/3610/1484 1618/3612/1484 1617/3613/1484
f 1588/3614/1485 1590/3615/1485 1606/3616/1485 1604/3617/1485
f 1598/3591/1486 1600/3593/1486 1616/3618/1486 1614/3619/1486
f 1599/3620/1487 1597/3621/1487 1613/3367/1487 1615/3622/1487
f 1619/3623/1488 1596/3624/1488 1612/3625/1488 1621/3626/1488
f 1602/3627/1489 1601/3628/1489 1617/3629/1489 1618/3630/1489
f 1620/3631/1490 1589/3632/1490 1605/3633/1490 1622/1135/1490
f 1587/3634/1491 1591/3635/1491 1607/3636/1491 1603/3637/1491
f 1600/3593/1492 1602/3595/1492 1618/3638/1492 1616/3618/1492
f 1592/3639/1493 1588/3614/1493 1604/3617/1493 1608/3640/1493
f 1601/3641/1494 1599/3642/1494 1615/3611/1494 1617/3613/1494
f 1596/3588/1495 1598/3591/1495 1614/3619/1495 1612/3643/1495
f 1593/3644/1496 1594/3645/1496 1610/3646/1496 1609/3647/1496
f 1589/3632/1497 1587/3648/1497 1603/3649/1497 1605/3633/1497
f 1597/3650/1498 1595/3651/1498 1611/3607/1498 1613/3609/1498
f 1591/3652/1499 1593/3653/1499 1609/3654/1499 1607/3655/1499
f 1594/3645/1500 1592/3639/1500 1608/3640/1500 1610/3646/1500
f 1595/3656/1501 1620/3657/1501 1622/3658/1501 1611/3659/1501
f 1590/3615/1502 1619/3660/1502 1621/3661/1502 1606/3616/1502
f 1605/3599/1503 1606/3598/1503 1621/3662/1503 1622/3663/1503
f 1589/3579/1504 1620/3664/1504 1619/3665/1504 1590/3580/1504
f 1623/3666/1505 1625/3667/1505 1626/3668/1505 1624/3669/1505
f 1624/3669/1506 1628/3670/1506 1627/3671/1506 1623/3666/1506
f 1628/3670/1507 1630/3672/1507 1629/3673/1507 1627/3671/1507
f 1625/3667/1240 1631/3674/1240 1632/3675/1240 1626/3668/1240
f 1631/3674/1508 1633/3676/1508 1634/3677/1508 1632/3675/1508
f 1633/3676/1509 1635/3678/1509 1636/3679/1509 1634/3677/1509
f 1635/3680/1510 1637/3681/1510 1638/3682/1510 1636/3683/1510
f 1639/3684/1511 1640/3685/1511 1642/3686/1511 1641/3687/1511
f 1640/3685/1512 1639/3684/1512 1643/3688/1512 1644/3689/1512
f 1644/3689/1513 1643/3688/1513 1645/3690/1513 1646/3691/1513
f 1641/3687/1247 1642/3686/1247 1648/3692/1247 1647/3693/1247
f 1647/3693/1514 1648/3692/1514 1650/3694/1514 1649/3695/1514
f 1649/3695/1515 1650/3694/1515 1652/1307/1515 1651/3696/1515
f 1651/3697/1516 1652/3698/1516 1654/3699/1516 1653/3700/1516
f 1624/3701/1517 1626/3702/1517 1642/3703/1517 1640/3704/1517
f 1634/3705/1518 1636/3706/1518 1652/3707/1518 1650/3708/1518
f 1635/3709/1519 1633/3710/1519 1649/3711/1519 1651/3712/1519
f 1626/3702/1520 1632/3713/1520 1648/3714/1520 1642/3703/1520
f 1638/3715/1521 1637/3716/1521 1653/3700/1521 1654/3699/1521
f 1631/3717/1522 1625/3718/1522 1641/3719/1522 1647/3720/1522
f 1623/3721/1523 1627/3722/1523 1643/3723/1523 1639/3724/1523
f 1636/3706/1524 1638/3725/1524 1654/3726/1524 1652/3707/1524
f 1628/3727/1525 1624/3701/1525 1640/3704/1525 1644/3728/1525
f 1637/3729/1526 1635/3709/1526 1651/3712/1526 1653/3730/1526
f 1632/3713/1527 1634/3705/1527 1650/3708/1527 1648/3714/1527
f 1629/3731/1528 1630/3732/1528 1646/3733/1528 1645/3734/1528
f 1625/3718/1529 1623/3721/1529 1639/3724/1529 1641/3719/1529
f 1633/3676/1530 1631/3674/1530 1647/3735/1530 1649/3736/1530
f 1627/3722/1531 1629/3737/1531 1645/3738/1531 1643/3723/1531
f 1630/3739/1532 1628/3727/1532 1644/3728/1532 1646/3740/1532
f 1655/3741/1533 1657/3742/1533 1658/3743/1533 1656/3744/1533
f 1656/3744/1534 1660/3745/1534 1659/3746/1534 1655/3741/1534
f 1660/3745/1535 1662/3747/1535 1661/3748/1535 1659/3746/1535
f 1657/3749/1240 1663/3750/1240 1664/3751/1240 1658/3752/1240
f 1663/3750/1536 1665/3753/1536 1666/3754/1536 1664/3751/1536
f 1665/3753/1537 1667/3755/1537 1668/3756/1537 1666/3754/1537
f 1667/3755/1538 1669/3757/1538 1670/3758/1538 1668/3756/1538
f 1671/3759/1539 1672/3760/1539 1674/3761/1539 1673/3762/1539
f 1672/3760/1540 1671/3759/1540 1675/3763/1540 1676/3764/1540
f 1676/3764/1541 1675/3763/1541 1677/3765/1541 1678/3766/1541
f 1673/3767/1247 1674/3768/1247 1680/3769/1247 1679/3770/1247
f 1679/3770/1542 1680/3769/1542 1682/3771/1542 1681/3772/1542
f 1681/3772/1543 1682/3771/1543 1684/3773/1543 1683/3774/1543
f 1683/3774/1544 1684/3773/1544 1686/3775/1544 1685/3776/1544
f 1656/3777/1545 1658/3778/1545 1674/3779/1545 1672/3780/1545
f 1666/3781/1546 1668/3782/1546 1684/3783/1546 1682/3784/1546
f 1667/3785/1547 1665/3786/1547 1681/3787/1547 1683/3788/1547
f 1658/3778/1548 1664/3789/1548 1680/3790/1548 1674/3779/1548
f 1670/3791/1549 1669/3792/1549 1685/3793/1549 1686/3794/1549
f 1663/3795/1550 1657/3796/1550 1673/3797/1550 1679/3798/1550
f 1655/3799/1551 1659/3800/1551 1675/3801/1551 1671/3802/1551
f 1668/3782/1552 1670/3803/1552 1686/3804/1552 1684/3783/1552
f 1660/3805/1553 1656/3777/1553 1672/3780/1553 1676/3806/1553
f 1669/3807/1554 1667/3785/1554 1683/3788/1554 1685/3808/1554
f 1664/3789/1555 1666/3781/1555 1682/3784/1555 1680/3790/1555
f 1661/3809/1556 1662/3810/1556 1678/3811/1556 1677/3812/1556
f 1657/3796/1557 1655/3799/1557 1671/3802/1557 1673/3797/1557
f 1665/3786/1558 1663/3795/1558 1679/3798/1558 1681/3787/1558
f 1659/3800/1559 1661/3813/1559 1677/3814/1559 1675/3801/1559
f 1662/3810/1560 1660/3805/1560 1676/3806/1560 1678/3811/1560
f 1687/3815/1561 1689/3816/1561 1690/3817/1561 1688/3818/1561
f 1688/3818/1562 1692/3819/1562 1691/3820/1562 1687/3815/1562
f 1692/3821/1563 1694/3822/1563 1693/3823/1563 1691/3824/1563
f 1689/3816/1240 1695/3825/1240 1696/3826/1240 1690/3817/1240
f 1695/3825/1564 1697/3827/1564 1698/3828/1564 1696/3826/1564
f 1697/3827/1565 1699/3829/1565 1700/3830/1565 1698/3828/1565
f 1699/3829/1566 1701/3831/1566 1702/3832/1566 1700/3830/1566
f 1703/3833/1567 1704/3834/1567 1706/3835/1567 1705/3836/1567
f 1704/3834/1568 1703/3833/1568 1707/3837/1568 1708/3838/1568
f 1708/3839/1569 1707/3840/1569 1709/3841/1569 1710/3842/1569
f 1705/3836/1247 1706/3835/1247 1712/3843/1247 1711/3844/1247
f 1711/3844/1570 1712/3843/1570 1714/3845/1570 1713/3846/1570
f 1713/3846/1571 1714/3845/1571 1716/3847/1571 1715/3848/1571
f 1715/3848/1572 1716/3847/1572 1718/3849/1572 1717/3850/1572
f 1688/3851/1573 1690/3852/1573 1706/3853/1573 1704/3854/1573
f 1698/3855/1574 1700/3856/1574 1716/3857/1574 1714/3858/1574
f 1699/3859/1575 1697/3860/1575 1713/3861/1575 1715/3862/1575
f 1690/3852/1576 1696/3863/1576 1712/3864/1576 1706/3853/1576
f 1702/3865/1577 1701/3866/1577 1717/3867/1577 1718/3868/1577
f 1695/3869/1578 1689/3870/1578 1705/3871/1578 1711/3872/1578
f 1687/3873/1579 1691/3874/1579 1707/3875/1579 1703/3876/1579
f 1700/3856/1580 1702/3877/1580 1718/3878/1580 1716/3857/1580
f 1692/3879/1581 1688/3851/1581 1704/3854/1581 1708/3880/1581
f 1701/3881/1582 1699/3859/1582 1715/3862/1582 1717/3882/1582
f 1696/3863/1583 1698/3855/1583 1714/3858/1583 1712/3864/1583
f 1693/3883/1584 1694/3884/1584 1710/3842/1584 1709/3841/1584
f 1689/3870/1585 1687/3873/1585 1703/3876/1585 1705/3871/1585
f 1697/3860/1586 1695/3869/1586 1711/3872/1586 1713/3861/1586
f 1691/3874/1587 1693/3885/1587 1709/3886/1587 1707/3875/1587
f 1694/3887/1588 1692/3879/1588 1708/3880/1588 1710/3888/1588
f 1735/3889/1589 1731/3890/1589 1732/3891/1589 1736/3892/1589
f 1734/3893/1590 1735/3889/1590 1736/3892/1590 1733/3894/1590
f 1740/3895/1591 1741/3896/1591 1742/3897/1591 1739/3898/1591
f 1741/3899/1592 1737/3900/1592 1738/3901/1592 1742/3902/1592
f 1752/3903/1593 1753/3904/1593 1754/3905/1593 1751/3906/1593
f 1753/3907/1594 1749/3908/1594 1750/3909/1594 1754/3910/1594
f 1746/3911/1595 1747/3912/1595 1748/3913/1595 1745/3914/1595
f 1747/3915/1596 1743/3916/1596 1744/3917/1596 1748/3918/1596
f 1733/3919/1597 1738/3920/1597 1737/3921/1597 1734/3922/1597
f 1739/3898/1598 1750/3923/1598 1749/3924/1598 1740/3895/1598
f 1751/3906/1599 1744/3917/1599 1743/3916/1599 1752/3903/1599
f 1745/3914/1600 1732/3891/1600 1731/3890/1600 1746/3911/1600
f 1732/3891/1601 1720/3925/1601 1721/3926/1601 1736/3892/1601
f 1745/3914/1602 1725/3927/1602 1720/3925/1602 1732/3891/1602
f 1736/3928/1603 1721/3929/1603 1719/3930/1603 1733/3931/1603
f 1733/3931/1604 1719/3930/1604 1723/3932/1604 1738/3901/1604
f 1724/3933/1605 1742/3902/1605 1738/3901/1605 1723/3932/1605
f 1739/3934/1606 1722/3935/1606 1729/3936/1606 1750/3909/1606
f 1722/3935/1607 1739/3934/1607 1742/3937/1607 1724/3938/1607
f 1727/3939/1608 1748/3918/1608 1744/3917/1608 1726/3940/1608
f 1751/3906/1609 1728/3941/1609 1726/3940/1609 1744/3917/1609
f 1725/3927/1610 1745/3914/1610 1748/3913/1610 1727/3942/1610
f 1730/3943/1611 1754/3910/1611 1750/3909/1611 1729/3936/1611
f 1728/3941/1612 1751/3906/1612 1754/3905/1612 1730/3944/1612
f 1719/3945/1613 1721/3926/1613 1757/3946/1613 1755/3947/1613
f 1723/3932/1614 1719/3930/1614 1755/3948/1614 1759/3949/1614
f 1730/3943/1615 1729/3936/1615 1765/3950/1615 1766/3951/1615
f 1722/3952/1616 1724/3953/1616 1760/3954/1616 1758/3955/1616
f 1720/3925/1617 1725/3927/1617 1761/3956/1617 1756/3957/1617
f 1725/3927/1618 1727/3942/1618 1763/3958/1618 1761/3956/1618
f 1724/3933/1619 1723/3932/1619 1759/3949/1619 1760/3959/1619
f 1726/3940/1620 1728/3941/1620 1764/3960/1620 1762/3961/1620
f 1721/3926/1621 1720/3925/1621 1756/3957/1621 1757/3946/1621
f 1727/3939/1622 1726/3940/1622 1762/3961/1622 1763/3962/1622
f 1728/3941/1623 1730/3944/1623 1766/3963/1623 1764/3960/1623
f 1729/3936/1624 1722/3935/1624 1758/3964/1624 1765/3950/1624
f 1756/3957/1625 1761/3956/1625 1773/3965/1625 1768/3966/1625
f 1761/3956/1626 1763/3958/1626 1775/3967/1626 1773/3965/1626
f 1760/3959/1627 1759/3949/1627 1771/3968/1627 1772/3969/1627
f 1762/3961/1628 1764/3960/1628 1776/3970/1628 1774/3971/1628
f 1757/3946/1629 1756/3957/1629 1768/3966/1629 1769/3972/1629
f 1763/3962/1630 1762/3961/1630 1774/3971/1630 1775/3973/1630
f 1764/3974/1631 1766/3951/1631 1778/3975/1631 1776/3976/1631
f 1765/3950/1632 1758/3964/1632 1770/3977/1632 1777/3978/1632
f 1755/3948/1633 1757/3979/1633 1769/3980/1633 1767/3981/1633
f 1759/3949/1634 1755/3948/1634 1767/3981/1634 1771/3968/1634
f 1766/3951/1635 1765/3950/1635 1777/3978/1635 1778/3975/1635
f 1758/3964/1636 1760/3982/1636 1772/3983/1636 1770/3977/1636
f 1775/3973/1637 1774/3971/1637 1786/3984/1637 1787/3985/1637
f 1776/3986/1638 1778/3987/1638 1790/3988/1638 1788/3989/1638
f 1777/3990/1639 1770/3991/1639 1782/3992/1639 1789/3993/1639
f 1767/3994/1640 1769/3972/1640 1781/3995/1640 1779/3996/1640
f 1771/3997/1641 1767/3998/1641 1779/3999/1641 1783/4000/1641
f 1778/3987/1642 1777/3990/1642 1789/3993/1642 1790/3988/1642
f 1770/3991/1643 1772/4001/1643 1784/4002/1643 1782/3992/1643
f 1768/3966/1644 1773/3965/1644 1785/4003/1644 1780/4004/1644
f 1773/3965/1645 1775/3967/1645 1787/4005/1645 1785/4003/1645
f 1772/4001/1646 1771/3997/1646 1783/4000/1646 1784/4002/1646
f 1774/3971/1647 1776/3970/1647 1788/4006/1647 1786/3984/1647
f 1769/3972/1648 1768/3966/1648 1780/4004/1648 1781/3995/1648
f 1782/4007/1649 1784/4008/1649 1796/4009/1649 1794/4010/1649
f 1780/4004/1650 1785/4003/1650 1797/4011/1650 1792/4012/1650
f 1785/4003/1651 1787/4005/1651 1799/4013/1651 1797/4011/1651
f 1784/4014/1652 1783/4015/1652 1795/4016/1652 1796/4017/1652
f 1786/3984/1653 1788/4006/1653 1800/4018/1653 1798/4019/1653
f 1781/3995/1654 1780/4004/1654 1792/4012/1654 1793/4020/1654
f 1787/3985/1655 1786/3984/1655 1798/4019/1655 1799/4021/1655
f 1788/4022/1656 1790/4023/1656 1802/4024/1656 1800/4025/1656
f 1789/4026/1657 1782/4007/1657 1794/4010/1657 1801/4027/1657
f 1779/4028/1658 1781/4029/1658 1793/4030/1658 1791/4031/1658
f 1783/4015/1659 1779/4028/1659 1791/4031/1659 1795/4016/1659
f 1790/4023/1660 1789/4026/1660 1801/4027/1660 1802/4024/1660
f 1793/4020/1661 1792/4012/1661 1804/4032/1661 1805/4033/1661
f 1799/4021/1662 1798/4019/1662 1810/4034/1662 1811/4035/1662
f 1800/4018/1663 1802/4036/1663 1814/4037/1663 1812/4038/1663
f 1801/4027/1664 1794/4010/1664 1806/4039/1664 1813/4040/1664
f 1791/4041/1665 1793/4020/1665 1805/4033/1665 1803/4042/1665
f 1795/4016/1666 1791/4031/1666 1803/4043/1666 1807/4044/1666
f 1802/4024/1667 1801/4027/1667 1813/4040/1667 1814/4045/1667
f 1794/4010/1668 1796/4009/1668 1808/4046/1668 1806/4039/1668
f 1792/4012/1669 1797/4011/1669 1809/4047/1669 1804/4032/1669
f 1797/4011/1670 1799/4013/1670 1811/4048/1670 1809/4047/1670
f 1796/4017/1671 1795/4016/1671 1807/4044/1671 1808/4049/1671
f 1798/4019/1672 1800/4018/1672 1812/4038/1672 1810/4034/1672
f 1810/4034/1673 1812/4038/1673 1824/4050/1673 1822/4051/1673
f 1805/4033/1674 1804/4032/1674 1816/4052/1674 1817/4053/1674
f 1811/4035/1675 1810/4034/1675 1822/4051/1675 1823/4054/1675
f 1812/4038/1676 1814/4037/1676 1826/4055/1676 1824/4050/1676
f 1813/4040/1677 1806/4039/1677 1818/4056/1677 1825/4057/1677
f 1803/4043/1678 1805/4058/1678 1817/4059/1678 1815/4060/1678
f 1807/4044/1679 1803/4043/1679 1815/4060/1679 1819/4061/1679
f 1814/4045/1680 1813/4040/1680 1825/4057/1680 1826/4062/1680
f 1806/4063/1681 1808/4049/1681 1820/4064/1681 1818/4065/1681
f 1804/4032/1682 1809/4047/1682 1821/4066/1682 1816/4052/1682
f 1809/4047/1683 1811/4048/1683 1823/4067/1683 1821/4066/1683
f 1808/4049/1684 1807/4044/1684 1819/4061/1684 1820/4064/1684
f 1820/4068/1685 1819/4069/1685 1831/4070/1685 1832/4071/1685
f 1822/4072/1686 1824/4073/1686 1836/4074/1686 1834/4075/1686
f 1817/4076/1687 1816/4077/1687 1828/4078/1687 1829/4079/1687
f 1823/4080/1688 1822/4072/1688 1834/4075/1688 1835/4081/1688
f 1824/4073/1689 1826/4082/1689 1838/4083/1689 1836/4074/1689
f 1825/4057/1690 1818/4056/1690 1830/4084/1690 1837/4085/1690
f 1815/4086/1691 1817/4076/1691 1829/4079/1691 1827/4087/1691
f 1819/4069/1692 1815/4086/1692 1827/4087/1692 1831/4070/1692
f 1826/4062/1693 1825/4057/1693 1837/4085/1693 1838/4088/1693
f 1818/4089/1694 1820/4068/1694 1832/4071/1694 1830/4090/1694
f 1816/4077/1695 1821/4091/1695 1833/4092/1695 1828/4078/1695
f 1821/4091/1696 1823/4080/1696 1835/4081/1696 1833/4092/1696
f 1832/4093/1697 1831/4094/1697 1843/4095/1697 1844/4096/1697
f 1834/4097/1698 1836/4098/1698 1848/4099/1698 1846/4100/1698
f 1829/4101/1699 1828/4102/1699 1840/4103/1699 1841/4104/1699
f 1835/4105/1700 1834/4097/1700 1846/4100/1700 1847/4106/1700
f 1836/4098/1701 1838/4107/1701 1850/4108/1701 1848/4099/1701
f 1837/4085/1702 1830/4084/1702 1842/4109/1702 1849/4110/1702
f 1827/4111/1703 1829/4101/1703 1841/4104/1703 1839/4112/1703
f 1831/4094/1704 1827/4113/1704 1839/4114/1704 1843/4095/1704
f 1838/4088/1705 1837/4085/1705 1849/4110/1705 1850/4115/1705
f 1830/4116/1706 1832/4093/1706 1844/4096/1706 1842/4117/1706
f 1828/4102/1707 1833/4118/1707 1845/4119/1707 1840/4103/1707
f 1833/4118/1708 1835/4120/1708 1847/4121/1708 1845/4119/1708
f 1746/3911/1709 1731/3890/1709 1851/4122/1709 1858/4123/1709
f 1731/3890/1710 1735/3889/1710 1853/4124/1710 1851/4122/1710
f 1749/3908/1711 1753/3907/1711 1862/4125/1711 1860/4126/1711
f 1741/3899/1712 1740/4127/1712 1855/4128/1712 1856/4129/1712
f 1743/3916/1713 1747/3915/1713 1859/4130/1713 1857/4131/1713
f 1753/3907/1714 1752/4132/1714 1861/4133/1714 1862/4125/1714
f 1735/3889/1715 1734/3893/1715 1852/4134/1715 1853/4124/1715
f 1747/3912/1716 1746/3911/1716 1858/4123/1716 1859/4135/1716
f 1734/4136/1717 1737/3900/1717 1854/4137/1717 1852/4138/1717
f 1752/3903/1718 1743/3916/1718 1857/4131/1718 1861/4139/1718
f 1740/4140/1719 1749/3908/1719 1860/4126/1719 1855/4141/1719
f 1737/3900/1720 1741/3899/1720 1856/4129/1720 1854/4137/1720
f 1859/4135/1721 1858/4123/1721 1870/4142/1721 1871/4143/1721
f 1854/4137/1722 1856/4129/1722 1868/4144/1722 1866/4145/1722
f 1861/4139/1723 1857/4131/1723 1869/4146/1723 1873/4147/1723
f 1851/4122/1724 1853/4124/1724 1865/4148/1724 1863/4149/1724
f 1857/4131/1725 1859/4130/1725 1871/4150/1725 1869/4146/1725
f 1862/4151/1726 1861/4152/1726 1873/4153/1726 1874/4154/1726
f 1858/4123/1727 1851/4122/1727 1863/4149/1727 1870/4142/1727
f 1853/4124/1728 1852/4134/1728 1864/4155/1728 1865/4148/1728
f 1852/4138/1729 1854/4137/1729 1866/4145/1729 1864/4156/1729
f 1860/4126/1730 1862/4125/1730 1874/4157/1730 1872/4158/1730
f 1856/4129/1731 1855/4128/1731 1867/4159/1731 1868/4144/1731
f 1855/4141/1732 1860/4126/1732 1872/4158/1732 1867/4160/1732
f 1843/4161/1733 1875/4162/1733 1842/4163/1733 1844/4164/1733
f 1875/4162/1734 1877/4165/1734 1849/4166/1734 1842/4163/1734
f 1877/4165/1735 1848/4167/1735 1850/4168/1735 1849/4166/1735
f 1839/4169/1733 1876/4170/1733 1875/4162/1733 1843/4161/1733
f 1876/4170/1736 1878/4171/1736 1877/4165/1736 1875/4162/1736
f 1878/4171/1737 1846/4172/1737 1848/4167/1737 1877/4165/1737
f 1841/4173/1738 1840/4174/1738 1876/4170/1738 1839/4169/1738
f 1840/4174/1739 1845/4175/1739 1878/4171/1739 1876/4170/1739
f 1845/4175/1740 1847/4176/1740 1846/4172/1740 1878/4171/1740
f 1879/4177/1741 1881/4178/1741 1882/4179/1741 1880/4180/1741
f 1880/4180/1742 1884/4181/1742 1883/4182/1742 1879/4177/1742
f 1884/4183/1743 1886/4184/1743 1885/4185/1743 1883/3513/1743
f 1881/4178/1744 1887/4186/1744 1888/4187/1744 1882/4179/1744
f 1887/4188/1745 1889/4189/1745 1890/4190/1745 1888/4191/1745
f 1889/4189/1746 1891/4192/1746 1892/4193/1746 1890/4190/1746
f 1891/4192/1747 1893/4194/1747 1894/4195/1747 1892/4193/1747
f 1895/4196/1748 1896/4197/1748 1898/4198/1748 1897/4199/1748
f 1896/4197/1749 1895/4196/1749 1899/4200/1749 1900/4201/1749
f 1900/4202/1750 1899/4203/1750 1901/4204/1750 1902/4205/1750
f 1897/4199/1751 1898/4198/1751 1904/4206/1751 1903/4207/1751
f 1903/4208/1752 1904/4209/1752 1906/4210/1752 1905/4211/1752
f 1905/4211/1753 1906/4210/1753 1908/4212/1753 1907/4213/1753
f 1907/4213/1754 1908/4212/1754 1910/4214/1754 1909/4215/1754
f 1880/4216/1755 1882/4217/1755 1898/4218/1755 1896/4219/1755
f 1890/4190/1756 1892/4193/1756 1908/4220/1756 1906/4221/1756
f 1891/4222/1757 1889/4223/1757 1905/4224/1757 1907/4225/1757
f 1882/4217/1758 1888/4191/1758 1904/4226/1758 1898/4218/1758
f 1894/4227/1759 1893/4228/1759 1909/4229/1759 1910/4230/1759
f 1887/4231/1760 1881/4232/1760 1897/4233/1760 1903/4234/1760
f 1879/4235/1761 1883/4236/1761 1899/4237/1761 1895/4238/1761
f 1892/4193/1762 1894/4195/1762 1910/4239/1762 1908/4220/1762
f 1884/4240/1763 1880/4216/1763 1896/4219/1763 1900/4241/1763
f 1893/4242/1764 1891/4243/1764 1907/4213/1764 1909/4215/1764
f 1888/4191/1765 1890/4190/1765 1906/4221/1765 1904/4226/1765
f 1885/4244/1766 1886/4245/1766 1902/4246/1766 1901/4247/1766
f 1881/4248/1767 1879/4249/1767 1895/4250/1767 1897/4251/1767
f 1889/4252/1768 1887/4253/1768 1903/4254/1768 1905/4255/1768
f 1883/4236/1769 1885/4256/1769 1901/4257/1769 1899/4237/1769
f 1886/4245/1770 1884/4240/1770 1900/4241/1770 1902/4246/1770
f 1911/4258/1771 1913/4259/1771 1914/4260/1771 1912/4261/1771
f 1912/4261/1772 1916/4262/1772 1915/4263/1772 1911/4258/1772
f 1916/4262/1773 1918/4264/1773 1917/4265/1773 1915/4263/1773
f 1944/4266/1774 1919/4267/1774 1920/4268/1774 1943/4269/1774
f 1919/4267/1775 1921/4270/1775 1922/4271/1775 1920/4268/1775
f 1921/4270/1776 1923/4272/1776 1924/4273/1776 1922/4271/1776
f 1923/4272/1777 1925/4274/1777 1926/4275/1777 1924/4273/1777
f 1927/4276/1778 1928/4277/1778 1930/4278/1778 1929/4279/1778
f 1928/4277/1779 1927/4276/1779 1931/4280/1779 1932/4281/1779
f 1932/4281/1780 1931/4280/1780 1933/4282/1780 1934/4283/1780
f 1946/4284/1781 1945/4285/1781 1936/4286/1781 1935/4287/1781
f 1935/4287/1782 1936/4286/1782 1938/4288/1782 1937/4289/1782
f 1937/4289/1783 1938/4288/1783 1940/4290/1783 1939/4291/1783
f 1939/4291/1784 1940/4290/1784 1942/4292/1784 1941/4293/1784
f 1912/4294/1785 1914/4295/1785 1930/4296/1785 1928/4297/1785
f 1922/4298/1786 1924/4299/1786 1940/4300/1786 1938/4301/1786
f 1923/4302/1787 1921/4303/1787 1937/4304/1787 1939/4305/1787
f 1943/4306/1788 1920/4307/1788 1936/4308/1788 1945/4309/1788
f 1926/4310/1789 1925/3733/1789 1941/4311/1789 1942/4312/1789
f 1944/4313/1790 1913/4314/1790 1929/4315/1790 1946/4316/1790
f 1911/4317/1791 1915/4318/1791 1931/4319/1791 1927/3255/1791
f 1924/4299/1792 1926/4320/1792 1942/4321/1792 1940/4300/1792
f 1916/4322/1793 1912/4294/1793 1928/4297/1793 1932/4323/1793
f 1925/4324/1794 1923/4325/1794 1939/4291/1794 1941/4293/1794
f 1920/4307/1795 1922/4298/1795 1938/4301/1795 1936/4308/1795
f 1917/4326/1796 1918/4327/1796 1934/4328/1796 1933/4329/1796
f 1913/4330/1797 1911/4331/1797 1927/4332/1797 1929/4333/1797
f 1921/4334/1798 1919/4335/1798 1935/4336/1798 1937/4337/1798
f 1915/4338/1799 1917/4339/1799 1933/4340/1799 1931/4341/1799
f 1918/4327/1800 1916/4322/1800 1932/4323/1800 1934/4328/1800
f 1919/4342/1801 1944/4313/1801 1946/4316/1801 1935/4343/1801
f 1914/4295/1802 1943/4306/1802 1945/4309/1802 1930/4296/1802
f 1929/4279/1803 1930/4278/1803 1945/4285/1803 1946/4284/1803
f 1913/4259/1804 1944/4266/1804 1943/4269/1804 1914/4260/1804
f 1947/4344/1805 1949/4345/1805 1950/4346/1805 1948/4347/1805
f 1948/4347/1806 1952/4348/1806 1951/4349/1806 1947/4344/1806
f 1952/4348/1807 1954/4350/1807 1953/4351/1807 1951/4349/1807
f 1980/4352/1808 1955/4353/1808 1956/4354/1808 1979/4355/1808
f 1955/4353/1809 1957/4356/1809 1958/4357/1809 1956/4354/1809
f 1957/4356/1810 1959/4358/1810 1960/4359/1810 1958/4357/1810
f 1959/4358/1811 1961/4360/1811 1962/4361/1811 1960/4359/1811
f 1963/4362/1812 1964/4363/1812 1966/4364/1812 1965/4365/1812
f 1964/4363/1813 1963/4362/1813 1967/4366/1813 1968/4367/1813
f 1968/4367/1814 1967/4366/1814 1969/4368/1814 1970/4369/1814
f 1982/4370/1815 1981/4371/1815 1972/4372/1815 1971/4373/1815
f 1971/4373/1816 1972/4372/1816 1974/4374/1816 1973/4375/1816
f 1973/4375/1817 1974/4374/1817 1976/4376/1817 1975/4377/1817
f 1975/4377/1818 1976/4376/1818 1978/4378/1818 1977/4379/1818
f 1948/4380/1819 1950/4381/1819 1966/4382/1819 1964/4383/1819
f 1958/4384/1820 1960/4385/1820 1976/4386/1820 1974/4387/1820
f 1959/4388/1821 1957/4389/1821 1973/4390/1821 1975/4391/1821
f 1979/4392/1822 1956/4393/1822 1972/4394/1822 1981/4395/1822
f 1962/4396/1823 1961/4397/1823 1977/4379/1823 1978/4378/1823
f 1980/4398/1824 1949/4399/1824 1965/4400/1824 1982/4401/1824
f 1947/4344/1825 1951/4349/1825 1967/4402/1825 1963/4403/1825
f 1960/4385/1826 1962/4404/1826 1978/4405/1826 1976/4386/1826
f 1952/4406/1827 1948/4380/1827 1964/4383/1827 1968/4407/1827
f 1961/4408/1828 1959/4409/1828 1975/4410/1828 1977/4411/1828
f 1956/4393/1829 1958/4384/1829 1974/4387/1829 1972/4394/1829
f 1953/4412/1830 1954/4413/1830 1970/4414/1830 1969/4415/1830
f 1949/4416/1831 1947/4417/1831 1963/4418/1831 1965/4419/1831
f 1957/4420/1832 1955/4421/1832 1971/4422/1832 1973/4423/1832
f 1951/4424/1833 1953/4425/1833 1969/4426/1833 1967/4427/1833
f 1954/4413/1834 1952/4406/1834 1968/4407/1834 1970/4414/1834
f 1955/4428/1835 1980/4398/1835 1982/4401/1835 1971/4429/1835
f 1950/4381/1836 1979/4392/1836 1981/4395/1836 1966/4382/1836
f 1965/4430/1837 1966/4431/1837 1981/4371/1837 1982/4370/1837
f 1949/4432/1838 1980/4352/1838 1979/4355/1838 1950/4433/1838
f 1983/4434/1839 1985/4435/1839 1986/4436/1839 1984/4437/1839
f 1984/4437/1840 1988/4438/1840 1987/4439/1840 1983/4434/1840
f 1988/4438/1841 1990/4440/1841 1989/4441/1841 1987/4439/1841
f 2016/4442/1842 1991/4443/1842 1992/4444/1842 2015/4445/1842
f 1991/4443/1843 1993/4446/1843 1994/4447/1843 1992/4444/1843
f 1993/4446/1844 1995/4448/1844 1996/4449/1844 1994/4447/1844
f 1995/4450/1845 1997/4451/1845 1998/4452/1845 1996/4453/1845
f 1999/4454/1846 2000/4455/1846 2002/4456/1846 2001/4457/1846
f 2000/4455/1847 1999/4454/1847 2003/4458/1847 2004/4459/1847
f 2004/4459/1848 2003/4458/1848 2005/4460/1848 2006/4461/1848
f 2018/4462/1849 2017/4463/1849 2008/4464/1849 2007/4465/1849
f 2007/4465/1850 2008/4464/1850 2010/4466/1850 2009/4467/1850
f 2009/4467/1851 2010/4466/1851 2012/4468/1851 2011/4469/1851
f 2011/4470/1852 2012/4471/1852 2014/4472/1852 2013/4473/1852
f 1984/4474/1853 1986/4475/1853 2002/4476/1853 2000/4477/1853
f 1994/4447/1854 1996/4449/1854 2012/4478/1854 2010/4479/1854
f 1995/4480/1855 1993/4481/1855 2009/4482/1855 2011/4483/1855
f 2015/4445/1856 1992/4444/1856 2008/4484/1856 2017/4485/1856
f 1998/4486/1857 1997/4487/1857 2013/4473/1857 2014/4472/1857
f 2016/4488/1858 1985/4489/1858 2001/4490/1858 2018/4491/1858
f 1983/4492/1859 1987/4493/1859 2003/4494/1859 1999/4495/1859
f 1996/4449/1860 1998/4496/1860 2014/4497/1860 2012/4478/1860
f 1988/4498/1861 1984/4474/1861 2000/4477/1861 2004/4499/1861
f 1997/4500/1862 1995/4501/1862 2011/4502/1862 2013/4503/1862
f 1992/4444/1863 1994/4447/1863 2010/4479/1863 2008/4484/1863
f 1989/4504/1864 1990/4505/1864 2006/4506/1864 2005/4507/1864
f 1985/4489/1865 1983/4508/1865 1999/4509/1865 2001/4490/1865
f 1993/4510/1866 1991/4511/1866 2007/4465/1866 2009/4467/1866
f 1987/4512/1867 1989/4513/1867 2005/4514/1867 2003/4515/1867
f 1990/4516/1868 1988/4498/1868 2004/4499/1868 2006/4517/1868
f 1991/4518/1869 2016/4488/1869 2018/4491/1869 2007/4519/1869
f 1986/4475/1870 2015/4520/1870 2017/4521/1870 2002/4476/1870
f 2001/4457/1871 2002/4456/1871 2017/4522/1871 2018/4523/1871
f 1985/4435/1872 2016/4524/1872 2015/4525/1872 1986/4436/1872
f 2019/4526/1873 2021/4527/1873 2022/4528/1873 2020/4529/1873
f 2020/4529/1874 2024/4530/1874 2023/4531/1874 2019/4526/1874
f 2024/4530/1875 2026/4532/1875 2025/4533/1875 2023/4531/1875
f 2052/4534/1876 2027/4535/1876 2028/4536/1876 2051/4537/1876
f 2027/4535/1877 2029/4538/1877 2030/4539/1877 2028/4536/1877
f 2029/4538/1878 2031/4540/1878 2032/4541/1878 2030/4539/1878
f 2031/4542/1879 2033/4543/1879 2034/4544/1879 2032/4545/1879
f 2035/4546/1880 2036/4547/1880 2038/4548/1880 2037/4549/1880
f 2036/4547/1881 2035/4546/1881 2039/4550/1881 2040/4551/1881
f 2040/4551/1882 2039/4550/1882 2041/4552/1882 2042/4553/1882
f 2054/4554/1883 2053/4555/1883 2044/4556/1883 2043/4557/1883
f 2043/4557/1884 2044/4556/1884 2046/4558/1884 2045/4559/1884
f 2045/4559/1885 2046/4558/1885 2048/4560/1885 2047/4561/1885
f 2047/4562/1886 2048/4563/1886 2050/4564/1886 2049/4565/1886
f 2020/4566/1887 2022/4567/1887 2038/4568/1887 2036/4569/1887
f 2030/4570/1888 2032/4571/1888 2048/4572/1888 2046/4573/1888
f 2031/4574/1889 2029/4575/1889 2045/4576/1889 2047/4577/1889
f 2051/4578/1890 2028/4579/1890 2044/4580/1890 2053/4581/1890
f 2034/4582/1891 2033/4583/1891 2049/4565/1891 2050/4564/1891
f 2052/4584/1892 2021/4585/1892 2037/4586/1892 2054/4587/1892
f 2019/4588/1893 2023/1220/1893 2039/4589/1893 2035/4590/1893
f 2032/4571/1894 2034/4591/1894 2050/4592/1894 2048/4572/1894
f 2024/4593/1895 2020/4566/1895 2036/4569/1895 2040/4594/1895
f 2033/4583/1896 2031/4595/1896 2047/4562/1896 2049/4565/1896
f 2028/4579/1897 2030/4570/1897 2046/4573/1897 2044/4580/1897
f 2025/4596/1898 2026/4597/1898 2042/4598/1898 2041/4599/1898
f 2021/4600/1899 2019/4601/1899 2035/4602/1899 2037/4603/1899
f 2029/4604/1900 2027/4605/1900 2043/4606/1900 2045/4607/1900
f 2023/4608/1901 2025/4609/1901 2041/4610/1901 2039/4611/1901
f 2026/4597/1902 2024/4593/1902 2040/4594/1902 2042/4598/1902
f 2027/4612/1903 2052/4584/1903 2054/4587/1903 2043/4613/1903
f 2022/4567/1904 2051/4578/1904 2053/4581/1904 2038/4568/1904
f 2037/4549/1905 2038/4548/1905 2053/4555/1905 2054/4554/1905
f 2021/4527/1906 2052/4534/1906 2051/4537/1906 2022/4528/1906
f 2055/4614/1907 2057/4615/1907 2058/4616/1907 2056/4617/1907
f 2056/4617/1908 2060/4618/1908 2059/4619/1908 2055/4614/1908
f 2060/4620/1909 2062/4621/1909 2061/4622/1909 2059/4623/1909
f 2088/4624/1910 2063/4625/1910 2064/4626/1910 2087/4627/1910
f 2063/4625/1911 2065/4628/1911 2066/4629/1911 2064/4626/1911
f 2065/4628/1912 2067/4630/1912 2068/4631/1912 2066/4629/1912
f 2067/4630/1913 2069/4632/1913 2070/4633/1913 2068/4631/1913
f 2071/4634/1914 2072/4635/1914 2074/4636/1914 2073/4637/1914
f 2072/4635/1915 2071/4634/1915 2075/4638/1915 2076/4639/1915
f 2076/4640/1916 2075/4641/1916 2077/4642/1916 2078/4643/1916
f 2090/4644/1917 2089/4645/1917 2080/4646/1917 2079/4647/1917
f 2079/4647/1918 2080/4646/1918 2082/4648/1918 2081/4649/1918
f 2081/4649/1919 2082/4648/1919 2084/4650/1919 2083/4651/1919
f 2083/4651/1920 2084/4650/1920 2086/4652/1920 2085/4653/1920
f 2056/4654/1921 2058/4655/1921 2074/4656/1921 2072/4657/1921
f 2066/4658/1922 2068/4659/1922 2084/4660/1922 2082/4661/1922
f 2067/4662/1923 2065/4663/1923 2081/4664/1923 2083/4665/1923
f 2087/4666/1924 2064/4667/1924 2080/4668/1924 2089/4669/1924
f 2070/4670/1925 2069/4671/1925 2085/4672/1925 2086/4673/1925
f 2088/4674/1926 2057/4675/1926 2073/4676/1926 2090/4677/1926
f 2055/4678/1927 2059/4679/1927 2075/4680/1927 2071/2232/1927
f 2068/4659/1928 2070/3575/1928 2086/4681/1928 2084/4660/1928
f 2060/4682/1929 2056/4654/1929 2072/4657/1929 2076/4683/1929
f 2069/4684/1930 2067/4685/1930 2083/4686/1930 2085/4687/1930
f 2064/4688/1931 2066/4658/1931 2082/4661/1931 2080/4689/1931
f 2061/4690/1932 2062/4691/1932 2078/4692/1932 2077/4693/1932
f 2057/4675/1933 2055/4694/1933 2071/4695/1933 2073/4676/1933
f 2065/4696/1934 2063/4697/1934 2079/4698/1934 2081/4699/1934
f 2059/4700/1935 2061/4701/1935 2077/4702/1935 2075/4703/1935
f 2062/4691/1936 2060/4682/1936 2076/4683/1936 2078/4692/1936
f 2063/4697/1937 2088/4704/1937 2090/4705/1937 2079/4698/1937
f 2058/4655/1938 2087/4666/1938 2089/4669/1938 2074/4656/1938
f 2073/4637/1939 2074/4636/1939 2089/4645/1939 2090/4644/1939
f 2057/4615/1940 2088/4624/1940 2087/4627/1940 2058/4616/1940
f 2091/4706/1941 2093/4707/1941 2094/4708/1941 2092/4709/1941
f 2092/4709/1942 2096/4710/1942 2095/4711/1942 2091/4706/1942
f 2096/4710/1943 2098/4712/1943 2097/4713/1943 2095/4711/1943
f 2124/4714/1944 2099/4715/1944 2100/4716/1944 2123/4717/1944
f 2099/4715/1945 2101/4718/1945 2102/4719/1945 2100/4716/1945
f 2101/4718/1946 2103/4720/1946 2104/4721/1946 2102/4719/1946
f 2103/4720/1947 2105/4722/1947 2106/4723/1947 2104/4721/1947
f 2107/4724/1948 2108/4725/1948 2110/4726/1948 2109/4727/1948
f 2108/4725/1949 2107/4724/1949 2111/4728/1949 2112/4729/1949
f 2112/4729/1950 2111/4728/1950 2113/4730/1950 2114/4731/1950
f 2126/4732/1951 2125/4733/1951 2116/4734/1951 2115/4735/1951
f 2115/4735/1952 2116/4734/1952 2118/4736/1952 2117/4737/1952
f 2117/4737/1953 2118/4736/1953 2120/4738/1953 2119/4739/1953
f 2119/4739/1954 2120/4738/1954 2122/4740/1954 2121/4741/1954
f 2092/4742/1955 2094/4743/1955 2110/4744/1955 2108/4745/1955
f 2102/4746/1956 2104/4747/1956 2120/4748/1956 2118/4749/1956
f 2103/4750/1957 2101/4751/1957 2117/4752/1957 2119/4753/1957
f 2123/4754/1958 2100/4755/1958 2116/4756/1958 2125/4757/1958
f 2106/4758/1959 2105/4759/1959 2121/4760/1959 2122/4761/1959
f 2124/4762/1960 2093/4763/1960 2109/4764/1960 2126/4765/1960
f 2091/4766/1961 2095/4767/1961 2111/4768/1961 2107/4769/1961
f 2104/4747/1962 2106/4770/1962 2122/4771/1962 2120/4748/1962
f 2096/4772/1963 2092/4742/1963 2108/4745/1963 2112/4773/1963
f 2105/4774/1964 2103/4750/1964 2119/4753/1964 2121/4775/1964
f 2100/4755/1965 2102/4746/1965 2118/4749/1965 2116/4756/1965
f 2097/4776/1966 2098/4777/1966 2114/4778/1966 2113/4779/1966
f 2093/4780/1967 2091/4781/1967 2107/4782/1967 2109/4783/1967
f 2101/4784/1968 2099/4785/1968 2115/4786/1968 2117/4787/1968
f 2095/4767/1969 2097/4788/1969 2113/4789/1969 2111/4768/1969
f 2098/4777/1970 2096/4772/1970 2112/4773/1970 2114/4778/1970
f 2099/4790/1971 2124/4762/1971 2126/4765/1971 2115/4791/1971
f 2094/4743/1972 2123/4754/1972 2125/4757/1972 2110/4744/1972
f 2109/4727/1973 2110/4726/1973 2125/4792/1973 2126/4793/1973
f 2093/4707/1974 2124/4794/1974 2123/4795/1974 2094/4708/1974
f 2127/4796/1975 2129/4797/1975 2130/4798/1975 2128/4799/1975
f 2128/4799/1976 2132/4800/1976 2131/4801/1976 2127/4796/1976
f 2132/4802/1977 2134/4803/1977 2133/4804/1977 2131/4805/1977
f 2160/4806/1978 2135/4807/1978 2136/4808/1978 2159/4809/1978
f 2135/4807/1979 2137/4810/1979 2138/4811/1979 2136/4808/1979
f 2137/4810/1980 2139/4812/1980 2140/4813/1980 2138/4811/1980
f 2139/4814/1981 2141/4815/1981 2142/4816/1981 2140/4817/1981
f 2143/4818/1982 2144/4819/1982 2146/4820/1982 2145/4821/1982
f 2144/4819/1983 2143/4818/1983 2147/4822/1983 2148/4823/1983
f 2148/4824/1984 2147/4825/1984 2149/4826/1984 2150/4827/1984
f 2162/4828/1985 2161/4829/1985 2152/4830/1985 2151/4831/1985
f 2151/4831/1986 2152/4830/1986 2154/4832/1986 2153/4833/1986
f 2153/4833/1987 2154/4832/1987 2156/4834/1987 2155/4835/1987
f 2155/4836/1988 2156/4837/1988 2158/4838/1988 2157/4839/1988
f 2128/4840/1989 2130/4841/1989 2146/4842/1989 2144/4843/1989
f 2138/4844/1990 2140/4845/1990 2156/4846/1990 2154/4847/1990
f 2139/4848/1991 2137/4849/1991 2153/4850/1991 2155/4851/1991
f 2159/4852/1992 2136/4853/1992 2152/4854/1992 2161/4855/1992
f 2142/4856/1993 2141/4857/1993 2157/4858/1993 2158/4859/1993
f 2160/4860/1994 2129/4861/1994 2145/4862/1994 2162/4863/1994
f 2127/4864/1995 2131/4865/1995 2147/4866/1995 2143/3634/1995
f 2140/4845/1996 2142/4867/1996 2158/4868/1996 2156/4846/1996
f 2132/4869/1997 2128/4840/1997 2144/4843/1997 2148/4870/1997
f 2141/4857/1998 2139/4871/1998 2155/4872/1998 2157/4858/1998
f 2136/4853/1999 2138/4844/1999 2154/4847/1999 2152/4854/1999
f 2133/4873/2000 2134/4874/2000 2150/4875/2000 2149/4876/2000
f 2129/4861/2001 2127/4877/2001 2143/4878/2001 2145/4862/2001
f 2137/4879/2002 2135/4880/2002 2151/4881/2002 2153/4882/2002
f 2131/4883/2003 2133/4884/2003 2149/4885/2003 2147/4886/2003
f 2134/4874/2004 2132/4887/2004 2148/4888/2004 2150/4875/2004
f 2135/4880/2005 2160/4889/2005 2162/4890/2005 2151/4881/2005
f 2130/4841/2006 2159/4891/2006 2161/4892/2006 2146/4842/2006
f 2145/4821/2007 2146/4820/2007 2161/4829/2007 2162/4828/2007
f 2129/4797/2008 2160/4806/2008 2159/4809/2008 2130/4798/2008
f 2163/4893/2009 2165/4894/2009 2166/4895/2009 2164/4896/2009
f 2164/4896/2010 2168/4897/2010 2167/4898/2010 2163/4893/2010
f 2168/4897/2011 2170/4899/2011 2169/4900/2011 2167/4898/2011
f 2165/4901/1744 2171/4902/1744 2172/4903/1744 2166/4904/1744
f 2171/4902/2012 2173/4905/2012 2174/4906/2012 2172/4903/2012
f 2173/4905/2013 2175/4907/2013 2176/4908/2013 2174/4906/2013
f 2175/4907/2014 2177/4909/2014 2178/4910/2014 2176/4908/2014
f 2179/4911/2015 2180/4912/2015 2182/4913/2015 2181/1066/2015
f 2180/4912/2016 2179/4911/2016 2183/4914/2016 2184/4915/2016
f 2184/4915/2017 2183/4914/2017 2185/4916/2017 2186/4917/2017
f 2181/4918/1751 2182/4919/1751 2188/4920/1751 2187/4921/1751
f 2187/4921/2018 2188/4920/2018 2190/4922/2018 2189/4923/2018
f 2189/4923/2019 2190/4922/2019 2192/4924/2019 2191/4925/2019
f 2191/4925/2020 2192/4924/2020 2194/4926/2020 2193/4927/2020
f 2164/4928/2021 2166/4929/2021 2182/4930/2021 2180/4931/2021
f 2174/4932/2022 2176/4933/2022 2192/4934/2022 2190/4935/2022
f 2175/4936/2023 2173/4937/2023 2189/4938/2023 2191/4939/2023
f 2166/4929/2024 2172/4940/2024 2188/4941/2024 2182/4930/2024
f 2178/4942/2025 2177/4943/2025 2193/4944/2025 2194/4945/2025
f 2171/4946/2026 2165/4947/2026 2181/4948/2026 2187/4949/2026
f 2163/4950/2027 2167/4951/2027 2183/4952/2027 2179/4953/2027
f 2176/4933/2028 2178/4954/2028 2194/4955/2028 2192/4934/2028
f 2168/4956/2029 2164/4928/2029 2180/4931/2029 2184/4957/2029
f 2177/4958/2030 2175/4959/2030 2191/4960/2030 2193/4961/2030
f 2172/4940/2031 2174/4932/2031 2190/4935/2031 2188/4941/2031
f 2169/4962/2032 2170/4963/2032 2186/4964/2032 2185/4965/2032
f 2165/4947/2033 2163/4950/2033 2179/4953/2033 2181/4948/2033
f 2173/4966/2034 2171/4946/2034 2187/4949/2034 2189/4967/2034
f 2167/4951/2035 2169/4968/2035 2185/4969/2035 2183/4952/2035
f 2170/4963/2036 2168/4956/2036 2184/4957/2036 2186/4964/2036
f 2195/4970/2037 2197/4971/2037 2198/4972/2037 2196/4973/2037
f 2196/4973/2038 2200/4974/2038 2199/4975/2038 2195/4970/2038
f 2200/4974/2039 2202/4976/2039 2201/4977/2039 2199/4975/2039
f 2197/4978/1744 2203/4979/1744 2204/4980/1744 2198/4981/1744
f 2203/4979/2040 2205/4982/2040 2206/4983/2040 2204/4980/2040
f 2205/4982/2041 2207/4984/2041 2208/4985/2041 2206/4983/2041
f 2207/4986/2042 2209/4987/2042 2210/4988/2042 2208/4989/2042
f 2211/4990/2043 2212/4991/2043 2214/4992/2043 2213/4993/2043
f 2212/4991/2044 2211/4990/2044 2215/4994/2044 2216/4995/2044
f 2216/4995/2045 2215/4994/2045 2217/4996/2045 2218/4997/2045
f 2213/4998/1751 2214/4999/1751 2220/5000/1751 2219/5001/1751
f 2219/5001/2046 2220/5000/2046 2222/5002/2046 2221/5003/2046
f 2221/5003/2047 2222/5002/2047 2224/5004/2047 2223/5005/2047
f 2223/5006/2048 2224/4640/2048 2226/5007/2048 2225/5008/2048
f 2196/5009/2049 2198/5010/2049 2214/4992/2049 2212/4991/2049
f 2206/5011/2050 2208/5012/2050 2224/5013/2050 2222/5014/2050
f 2207/5015/2051 2205/5016/2051 2221/5017/2051 2223/5018/2051
f 2198/5010/2052 2204/5019/2052 2220/5020/2052 2214/4992/2052
f 2210/5021/2053 2209/5022/2053 2225/5008/2053 2226/5007/2053
f 2203/5023/2054 2197/5024/2054 2213/5025/2054 2219/5026/2054
f 2195/4970/2055 2199/4975/2055 2215/5027/2055 2211/5028/2055
f 2208/5012/2056 2210/5029/2056 2226/5030/2056 2224/5013/2056
f 2200/5031/2057 2196/5009/2057 2212/4991/2057 2216/4995/2057
f 2209/5032/2058 2207/5033/2058 2223/5034/2058 2225/5035/2058
f 2204/5019/2059 2206/5011/2059 2222/5014/2059 2220/5020/2059
f 2201/5036/2060 2202/5037/2060 2218/4997/2060 2217/4996/2060
f 2197/5038/2061 2195/5039/2061 2211/5040/2061 2213/5041/2061
f 2205/5042/2062 2203/5023/2062 2219/5026/2062 2221/5043/2062
f 2199/5044/2063 2201/5045/2063 2217/5046/2063 2215/945/2063
f 2202/5037/2064 2200/5031/2064 2216/4995/2064 2218/4997/2064
f 2227/5047/2065 2229/5048/2065 2230/5049/2065 2228/5050/2065
f 2228/5050/2066 2232/5051/2066 2231/5052/2066 2227/5047/2066
f 2232/5051/2067 2234/5053/2067 2233/5054/2067 2231/5052/2067
f 2229/5048/1744 2235/5055/1744 2236/5056/1744 2230/5049/1744
f 2235/5057/2068 2237/5058/2068 2238/5059/2068 2236/4723/2068
f 2237/5058/2069 2239/5060/2069 2240/5061/2069 2238/5059/2069
f 2239/5060/2070 2241/5062/2070 2242/5063/2070 2240/5061/2070
f 2243/5064/2071 2244/5065/2071 2246/5066/2071 2245/5067/2071
f 2244/5065/2072 2243/5064/2072 2247/5068/2072 2248/5069/2072
f 2248/5069/2073 2247/5068/2073 2249/5070/2073 2250/5071/2073
f 2245/5067/1751 2246/5066/1751 2252/5072/1751 2251/5073/1751
f 2251/5074/2074 2252/5075/2074 2254/5076/2074 2253/5077/2074
f 2253/5077/2075 2254/5076/2075 2256/5078/2075 2255/5079/2075
f 2255/5079/2076 2256/5078/2076 2258/5080/2076 2257/5081/2076
f 2228/5082/2077 2230/5083/2077 2246/5084/2077 2244/5085/2077
f 2238/5086/2078 2240/5087/2078 2256/5088/2078 2254/5089/2078
f 2239/5090/2079 2237/5091/2079 2253/5092/2079 2255/5093/2079
f 2230/5083/2080 2236/5094/2080 2252/5095/2080 2246/5084/2080
f 2242/5096/2081 2241/5097/2081 2257/5081/2081 2258/5080/2081
f 2235/5098/2082 2229/5099/2082 2245/5100/2082 2251/5101/2082
f 2227/5102/2083 2231/5103/2083 2247/5104/2083 2243/5105/2083
f 2240/5087/2084 2242/1775/2084 2258/5106/2084 2256/5088/2084
f 2232/5107/2085 2228/5082/2085 2244/5085/2085 2248/5108/2085
f 2241/5109/2086 2239/5090/2086 2255/5093/2086 2257/5110/2086
f 2236/5094/2087 2238/5086/2087 2254/5089/2087 2252/5095/2087
f 2233/5111/2088 2234/5112/2088 2250/5113/2088 2249/5114/2088
f 2229/5099/2089 2227/5102/2089 2243/5105/2089 2245/5100/2089
f 2237/5091/2090 2235/5098/2090 2251/5101/2090 2253/5092/2090
f 2231/5103/2091 2233/5115/2091 2249/5116/2091 2247/5104/2091
f 2234/5112/2092 2232/5107/2092 2248/5108/2092 2250/5113/2092
