# Blender 4.5.4 LTS
# www.blender.org
mtllib base.mtl
o OilRig.001
v -5.630563 15.095633 5.315113
v -4.961907 15.559741 4.647876
v -5.630563 15.095633 -5.315112
v -4.961907 15.563652 -4.647875
v 0.000000 15.095633 -7.950104
v 0.000000 15.563652 -6.969948
v 0.000000 15.095633 7.950104
v 0.000000 15.563652 6.969948
v -8.498492 15.095633 0.000000
v -7.469809 15.563652 0.000000
v 0.000000 15.563652 0.000000
v 0.000000 15.095633 0.000000
v -6.925055 15.095633 0.922631
v -0.953461 15.095633 0.922631
v -0.953461 15.095633 6.479041
v -4.931408 15.095633 4.617441
v -4.931408 15.095633 -4.617441
v -0.953461 15.095633 -6.479041
v -0.953461 15.095633 -0.922630
v -6.925054 15.095633 -0.922630
v -8.498492 15.563652 0.000000
v -5.630563 15.563652 -5.315112
v 0.000000 15.563652 -7.950104
v 0.000000 15.563652 7.950104
v -5.630563 15.563652 5.315113
v -8.498492 16.029573 0.000000
v -5.630563 16.029573 -5.315112
v 0.000000 16.029573 -7.950104
v 0.000000 16.029573 7.950104
v -5.630563 16.010942 5.315113
v -7.469809 16.029573 0.000000
v -4.961907 16.029573 -4.647875
v 0.000000 16.029573 -6.969948
v 0.000000 16.029573 6.969948
v -4.961907 15.929395 4.647876
v -3.864630 15.628064 -2.865422
v -3.864630 17.628065 -2.865422
v -4.983308 15.628064 -4.523298
v -4.983308 17.628065 -4.523298
v 0.000000 15.628064 -4.738688
v 0.000000 17.628065 -4.738688
v 0.000000 15.628064 -7.042835
v 0.000000 17.628065 -7.042835
v -3.864630 18.392321 -2.865422
v -4.983308 18.392321 -4.523298
v 0.000000 18.392321 -4.738688
v 0.000000 18.392321 -7.042835
v -0.996662 15.628064 -6.538928
v -1.993323 15.628064 -6.035020
v -2.989985 15.628064 -5.531113
v -3.986647 15.628064 -5.027205
v -3.986647 17.628065 -5.027206
v -2.989985 17.628065 -5.531113
v -1.993323 17.628065 -6.035021
v -0.996662 17.628065 -6.538928
v -3.091704 15.628064 -3.240075
v -2.318778 15.628064 -3.614728
v -1.545852 15.628064 -3.989382
v -0.772926 15.628064 -4.364035
v -0.772926 17.628065 -4.364035
v -1.545852 17.628065 -3.989382
v -2.318778 17.628065 -3.614728
v -3.091704 17.628065 -3.240075
v -3.986647 18.392321 -5.027206
v -2.989985 18.392321 -5.531113
v -1.993323 18.392321 -6.035021
v -0.996662 18.392321 -6.538928
v -0.772926 18.392321 -4.364035
v -1.545852 18.392321 -3.989382
v -2.318778 18.392321 -3.614728
v -3.091704 18.392321 -3.240075
v -3.864630 16.628065 -2.865422
v -4.983308 16.628065 -4.523298
v 0.000000 16.628065 -7.042835
v 0.000000 16.628065 -4.738688
v -0.772926 16.628065 -4.364035
v -1.545852 16.628065 -3.989382
v -2.318778 16.628065 -3.614728
v -3.091704 16.628065 -3.240075
v -3.986647 16.628065 -5.027205
v -2.989985 16.628065 -5.531113
v -1.993323 16.628065 -6.035020
v -0.996662 16.628065 -6.538928
v -3.864630 17.128065 -2.865422
v -4.983308 17.128065 -4.523298
v 0.000000 17.128065 -7.042835
v 0.000000 17.128065 -4.738688
v -0.772926 17.128065 -4.364035
v -1.545852 17.128065 -3.989382
v -2.318778 17.128065 -3.614728
v -3.091704 17.128065 -3.240075
v -3.986647 17.128065 -5.027205
v -2.989985 17.128065 -5.531113
v -1.993323 17.128065 -6.035020
v -0.996662 17.128065 -6.538928
v -0.941731 17.128065 -4.690130
v -0.941731 16.628065 -4.690130
v -1.714657 17.128065 -4.315476
v -1.714657 16.628065 -4.315476
v -2.487583 17.128065 -3.940823
v -2.487583 16.628065 -3.940823
v -3.260509 17.128065 -3.566170
v -3.260509 16.628065 -3.566170
v -3.812106 17.128065 -4.703951
v -3.812106 16.628065 -4.703951
v -2.815444 17.128065 -5.207859
v -2.815444 16.628065 -5.207859
v -1.818782 17.128065 -5.711766
v -1.818782 16.628065 -5.711766
v -0.822121 17.128065 -6.215674
v -0.822121 16.628065 -6.215674
v -3.864630 19.229321 -2.865422
v -4.983308 19.229321 -4.523298
v -0.996662 19.229321 -6.538928
v 0.000000 19.229321 -7.042835
v 0.000000 19.229321 -4.738688
v -3.091704 19.229321 -3.240075
v -3.986647 19.229321 -5.027206
v -2.989985 19.229321 -5.531113
v -1.993323 19.229321 -6.035021
v -0.772926 19.229321 -4.364035
v -1.545852 19.229321 -3.989382
v -2.318778 19.229321 -3.614728
v -3.777352 20.012379 -3.177882
v -4.623910 20.012379 -4.432479
v -0.881067 20.012379 -6.324844
v -0.249617 20.012379 -6.644101
v -0.249617 20.012379 -4.887849
v -3.203501 20.012379 -3.456041
v -3.871051 20.012379 -4.813121
v -2.874390 20.012379 -5.317029
v -1.877728 20.012379 -5.820936
v -0.884722 20.012379 -4.580000
v -1.657648 20.012379 -4.205348
v -2.430574 20.012379 -3.830694
v -3.864630 20.012379 -2.865422
v -4.983308 20.012379 -4.523298
v -0.996662 20.012379 -6.538928
v 0.000000 20.012379 -7.042835
v 0.000000 20.012379 -4.738688
v -3.091704 20.012379 -3.240075
v -3.986647 20.012379 -5.027206
v -2.989985 20.012379 -5.531113
v -1.993323 20.012379 -6.035021
v -0.772926 20.012379 -4.364035
v -1.545852 20.012379 -3.989382
v -2.318778 20.012379 -3.614728
v 0.000000 20.012379 -6.688317
v 0.000000 20.012379 -4.929202
v -3.864630 20.192463 -2.865422
v -4.983308 20.192463 -4.523298
v -0.996662 20.192463 -6.538928
v 0.000000 20.192463 -7.042835
v 0.000000 20.192463 -4.929202
v 0.000000 20.192463 -4.738688
v -3.091704 20.192463 -3.240075
v -3.986647 20.192463 -5.027206
v -2.989985 20.192463 -5.531113
v -1.993323 20.192463 -6.035021
v -0.772926 20.192463 -4.364035
v -1.545852 20.192463 -3.989382
v -2.318778 20.192463 -3.614728
v -3.777352 20.192463 -3.177882
v -4.623910 20.192463 -4.432479
v -0.881067 20.192463 -6.324844
v -0.249617 20.192463 -6.644101
v -3.203501 20.192463 -3.456041
v -3.871051 20.192463 -4.813121
v -2.874390 20.192463 -5.317029
v -1.877728 20.192463 -5.820936
v -0.249617 20.192463 -4.887849
v -0.884722 20.192463 -4.580000
v -1.657648 20.192463 -4.205348
v -2.430574 20.192463 -3.830694
v 0.000000 20.192463 -6.688317
v -0.972912 18.392321 -4.750365
v -1.745838 18.392321 -4.375710
v -2.518764 18.392321 -4.001058
v -3.291690 18.392321 -3.626404
v -3.291690 19.229321 -3.626404
v -2.518764 19.229321 -4.001058
v -0.972912 19.229321 -4.750365
v -1.745838 19.229321 -4.375710
v -3.841724 18.392321 -4.758805
v -2.845062 18.392321 -5.262712
v -1.848400 18.392321 -5.766620
v -0.851739 18.392321 -6.270527
v -3.841724 19.229321 -4.758805
v -2.845062 19.229321 -5.262712
v -1.848400 19.229321 -5.766620
v -0.851739 19.229321 -6.270527
v -3.827589 20.143890 3.213245
v -3.940026 18.143890 2.852441
v -4.579692 20.143890 4.427857
v -4.992937 18.143890 4.552845
v 0.000000 20.143890 3.258461
v 0.000000 18.143890 3.258461
v 0.000000 20.143890 6.875344
v 0.000000 18.143890 6.875344
v -3.940026 17.379637 2.852441
v -4.992937 17.379637 4.552845
v 0.000000 17.379637 3.258461
v 0.000000 17.379637 6.875344
v -0.930431 20.143890 6.410844
v -1.946057 20.143890 5.946344
v -3.139116 20.143890 5.086708
v -3.858549 20.143890 4.757673
v -3.977310 18.143890 5.017345
v -2.961684 18.143890 5.481845
v -1.946057 18.143890 5.946345
v -0.930431 18.143890 6.410845
v -3.267416 20.143890 3.458172
v -2.713686 20.143890 3.700282
v -1.579020 20.143890 3.465383
v -0.792018 20.143890 3.366153
v -0.792019 18.143890 3.366153
v -1.579020 18.143890 3.465383
v -2.366022 18.143890 3.540650
v -3.153024 18.143890 3.196546
v -3.977310 17.379637 5.017345
v -2.961684 17.379637 5.481845
v -1.946057 17.379637 5.946345
v -0.930431 17.379637 6.410845
v -0.792019 17.379637 3.366153
v -1.579020 17.379637 3.465383
v -2.366022 17.379637 3.540650
v -3.153024 17.379637 3.196546
v -3.940026 19.143892 2.852441
v -4.992937 19.143892 4.552845
v 0.000000 19.143892 6.875344
v 0.000000 19.143892 3.258461
v -0.792018 19.143892 3.366153
v -1.579020 19.143892 3.465383
v -2.366022 19.143892 3.540650
v -3.153024 19.143892 3.196546
v -3.977310 19.143892 5.017344
v -2.961684 19.143892 5.481845
v -1.946057 19.143892 5.946344
v -0.930431 19.143892 6.410845
v -3.940026 18.643890 2.852441
v -4.992937 18.643890 4.552845
v 0.000000 18.643890 6.875344
v 0.000000 18.643890 3.258461
v -0.792018 18.643890 3.366153
v -1.579020 18.643890 3.465383
v -2.366022 18.643890 3.540650
v -3.153024 18.643890 3.196546
v -3.977310 18.643890 5.017344
v -2.961684 18.643890 5.481845
v -1.946057 18.643890 5.946344
v -0.930431 18.643890 6.410845
v -0.947927 18.643890 3.698606
v -0.947927 19.143892 3.698606
v -1.734928 18.643890 3.797837
v -1.734928 19.143892 3.797837
v -2.521930 18.643890 3.873104
v -2.521930 19.143892 3.873104
v -3.308932 18.643890 3.528999
v -3.308932 19.143892 3.528999
v -3.815559 18.643890 4.687505
v -3.815559 19.143892 4.687505
v -2.799932 18.643890 5.152005
v -2.799932 19.143892 5.152005
v -1.784306 18.643890 5.616504
v -1.784306 19.143892 5.616504
v -0.768680 18.643890 6.081005
v -0.768680 19.143892 6.081005
v -3.940026 16.542637 2.852441
v -4.992937 16.542637 4.552845
v -0.930431 16.542637 6.410844
v 0.000000 16.542637 6.875344
v 0.000000 16.542637 3.258461
v -3.153024 16.542637 3.196546
v -3.977310 16.542637 5.017345
v -2.961684 16.542637 5.481845
v -1.946057 16.542637 5.946345
v -0.792019 16.542637 3.366153
v -1.579020 16.542637 3.465383
v -2.366022 16.542637 3.540650
v -3.840581 15.759579 3.161246
v -4.637370 15.759579 4.448025
v -0.823307 15.759579 6.192398
v -0.179842 15.759579 6.486688
v -0.248602 15.759579 3.417279
v -3.256279 15.759579 3.416723
v -3.870185 15.759579 4.798898
v -2.854559 15.759579 5.263398
v -1.838933 15.759579 5.727898
v -0.895273 15.759579 3.586329
v -1.682275 15.759579 3.685561
v -2.469277 15.759579 3.760828
v -3.940026 15.759579 2.852441
v -4.992937 15.759579 4.552845
v -0.930431 15.759579 6.410844
v 0.000000 15.759579 6.875344
v 0.000000 15.759579 3.258460
v -3.153024 15.759579 3.196546
v -3.977310 15.759579 5.017344
v -2.961684 15.759579 5.481845
v -1.946057 15.759579 5.946345
v -0.792019 15.759579 3.366153
v -1.579020 15.759579 3.465383
v -2.366022 15.759579 3.540650
v 0.000000 15.759579 6.521097
v 0.000000 15.759579 3.448827
v -3.940026 15.579494 2.852441
v -4.992937 15.579494 4.552845
v -0.930431 15.579494 6.410844
v 0.000000 15.579494 6.875344
v 0.000000 15.579494 3.448827
v 0.000000 15.579494 3.258460
v -3.153024 15.579494 3.196546
v -3.977310 15.579494 5.017344
v -2.961684 15.579494 5.481844
v -1.946057 15.579494 5.946345
v -0.792019 15.579494 3.366153
v -1.579020 15.579494 3.465383
v -2.366022 15.579494 3.540650
v -3.840581 15.579494 3.161246
v -4.637370 15.579494 4.448025
v -0.823307 15.579494 6.192398
v -0.179842 15.579494 6.486688
v -3.256279 15.579494 3.416723
v -3.870185 15.579494 4.798898
v -2.854559 15.579494 5.263398
v -1.838933 15.579494 5.727898
v -0.248602 15.579494 3.417279
v -0.895273 15.579494 3.586329
v -1.682275 15.579494 3.685561
v -2.469277 15.579494 3.760828
v 0.000000 15.579494 6.521097
v -0.976725 17.379637 3.760015
v -1.763727 17.379637 3.859246
v -2.550729 17.379637 3.934513
v -3.337731 17.379637 3.590409
v -3.337731 16.542637 3.590409
v -2.550729 16.542637 3.934513
v -0.976725 16.542637 3.760015
v -1.763727 16.542637 3.859246
v -3.843007 17.379637 4.743475
v -2.827380 17.379637 5.207975
v -1.811754 17.379637 5.672475
v -0.796128 17.379637 6.136975
v -3.843007 16.542637 4.743475
v -2.827380 16.542637 5.207975
v -1.811754 16.542637 5.672475
v -0.796128 16.542637 6.136974
v -1.031284 20.148571 6.022156
v -1.031284 20.149216 4.027802
v 0.000000 20.149216 3.529614
v 0.000000 20.149216 6.520344
v -1.524585 20.149216 5.024979
v 0.000000 20.149216 5.024979
v 0.000000 20.427349 6.520381
v 0.000000 20.427349 3.529651
v -1.524618 20.427349 5.025016
v -0.921689 20.427349 4.149813
v -0.921689 20.426777 5.900218
v -1.339110 20.427395 5.025016
v -1.031317 20.427349 4.027839
v 0.000000 20.427349 6.345450
v -1.031317 20.426704 6.022192
v 0.000000 20.427349 3.704582
v 0.000000 20.519827 4.928772
v 0.000000 20.519827 6.345450
v 0.000000 20.519827 3.704582
v -1.339110 20.519875 5.025016
v -0.921689 20.519827 4.149813
v -0.921689 20.519257 5.900218
v 0.000000 20.480524 4.967866
v -0.249608 20.480555 4.967866
v 0.000000 20.480524 5.209423
v -0.249608 20.480555 5.209423
v -0.425711 20.480555 4.967866
v -0.425711 20.480555 5.209423
v -0.249608 20.480555 4.386341
v -0.425711 20.480555 4.386341
v -0.249608 20.480555 5.826735
v -0.425711 20.480555 5.826735
v 0.000000 20.544580 4.967866
v -0.249608 20.544611 4.967866
v 0.000000 20.544580 5.209423
v -0.249608 20.544611 5.209423
v -0.425711 20.544611 4.967866
v -0.425711 20.544611 5.209423
v -0.249608 20.544611 4.386341
v -0.425711 20.544611 4.386341
v -0.249608 20.544611 5.826735
v -0.425711 20.544611 5.826735
v 5.630563 15.095633 5.315113
v 4.961907 15.559741 4.647876
v 5.630563 15.095633 -5.315112
v 4.961907 15.563652 -4.647875
v 8.498492 15.095633 0.000000
v 7.469809 15.563652 0.000000
v 6.925055 15.095633 0.922631
v 0.953461 15.095633 0.922631
v 0.953461 15.095633 6.479041
v 4.931408 15.095633 4.617441
v 4.931408 15.095633 -4.617441
v 0.953461 15.095633 -6.479041
v 0.953461 15.095633 -0.922630
v 6.925054 15.095633 -0.922630
v 8.498492 15.563652 0.000000
v 5.630563 15.563652 -5.315112
v 5.630563 15.563652 5.315113
v 8.498492 16.029573 0.000000
v 5.630563 16.029573 -5.315112
v 5.630563 16.010942 5.315113
v 7.469809 16.029573 0.000000
v 4.961907 16.029573 -4.647875
v 4.961907 15.929395 4.647876
v 3.864630 15.628064 -2.865422
v 3.864630 17.628065 -2.865422
v 4.983308 15.628064 -4.523298
v 4.983308 17.628065 -4.523298
v 3.864630 18.392321 -2.865422
v 4.983308 18.392321 -4.523298
v 0.996662 15.628064 -6.538928
v 1.993323 15.628064 -6.035020
v 2.989985 15.628064 -5.531113
v 3.986647 15.628064 -5.027205
v 3.986647 17.628065 -5.027206
v 2.989985 17.628065 -5.531113
v 1.993323 17.628065 -6.035021
v 0.996662 17.628065 -6.538928
v 3.091704 15.628064 -3.240075
v 2.318778 15.628064 -3.614728
v 1.545852 15.628064 -3.989382
v 0.772926 15.628064 -4.364035
v 0.772926 17.628065 -4.364035
v 1.545852 17.628065 -3.989382
v 2.318778 17.628065 -3.614728
v 3.091704 17.628065 -3.240075
v 3.986647 18.392321 -5.027206
v 2.989985 18.392321 -5.531113
v 1.993323 18.392321 -6.035021
v 0.996662 18.392321 -6.538928
v 0.772926 18.392321 -4.364035
v 1.545852 18.392321 -3.989382
v 2.318778 18.392321 -3.614728
v 3.091704 18.392321 -3.240075
v 3.864630 16.628065 -2.865422
v 4.983308 16.628065 -4.523298
v 0.772926 16.628065 -4.364035
v 1.545852 16.628065 -3.989382
v 2.318778 16.628065 -3.614728
v 3.091704 16.628065 -3.240075
v 3.986647 16.628065 -5.027205
v 2.989985 16.628065 -5.531113
v 1.993323 16.628065 -6.035020
v 0.996662 16.628065 -6.538928
v 3.864630 17.128065 -2.865422
v 4.983308 17.128065 -4.523298
v 0.772926 17.128065 -4.364035
v 1.545852 17.128065 -3.989382
v 2.318778 17.128065 -3.614728
v 3.091704 17.128065 -3.240075
v 3.986647 17.128065 -5.027205
v 2.989985 17.128065 -5.531113
v 1.993323 17.128065 -6.035020
v 0.996662 17.128065 -6.538928
v 0.941731 17.128065 -4.690130
v 0.941731 16.628065 -4.690130
v 1.714657 17.128065 -4.315476
v 1.714657 16.628065 -4.315476
v 2.487583 17.128065 -3.940823
v 2.487583 16.628065 -3.940823
v 3.260509 17.128065 -3.566170
v 3.260509 16.628065 -3.566170
v 3.812106 17.128065 -4.703951
v 3.812106 16.628065 -4.703951
v 2.815444 17.128065 -5.207859
v 2.815444 16.628065 -5.207859
v 1.818782 17.128065 -5.711766
v 1.818782 16.628065 -5.711766
v 0.822121 17.128065 -6.215674
v 0.822121 16.628065 -6.215674
v 3.864630 19.229321 -2.865422
v 4.983308 19.229321 -4.523298
v 0.996662 19.229321 -6.538928
v 3.091704 19.229321 -3.240075
v 3.986647 19.229321 -5.027206
v 2.989985 19.229321 -5.531113
v 1.993323 19.229321 -6.035021
v 0.772926 19.229321 -4.364035
v 1.545852 19.229321 -3.989382
v 2.318778 19.229321 -3.614728
v 3.777352 20.012379 -3.177882
v 4.623910 20.012379 -4.432479
v 0.881067 20.012379 -6.324844
v 0.249617 20.012379 -6.644101
v 0.249617 20.012379 -4.887849
v 3.203501 20.012379 -3.456041
v 3.871051 20.012379 -4.813121
v 2.874390 20.012379 -5.317029
v 1.877728 20.012379 -5.820936
v 0.884722 20.012379 -4.580000
v 1.657648 20.012379 -4.205348
v 2.430574 20.012379 -3.830694
v 3.864630 20.012379 -2.865422
v 4.983308 20.012379 -4.523298
v 0.996662 20.012379 -6.538928
v 3.091704 20.012379 -3.240075
v 3.986647 20.012379 -5.027206
v 2.989985 20.012379 -5.531113
v 1.993323 20.012379 -6.035021
v 0.772926 20.012379 -4.364035
v 1.545852 20.012379 -3.989382
v 2.318778 20.012379 -3.614728
v 3.864630 20.192463 -2.865422
v 4.983308 20.192463 -4.523298
v 0.996662 20.192463 -6.538928
v 3.091704 20.192463 -3.240075
v 3.986647 20.192463 -5.027206
v 2.989985 20.192463 -5.531113
v 1.993323 20.192463 -6.035021
v 0.772926 20.192463 -4.364035
v 1.545852 20.192463 -3.989382
v 2.318778 20.192463 -3.614728
v 3.777352 20.192463 -3.177882
v 4.623910 20.192463 -4.432479
v 0.881067 20.192463 -6.324844
v 0.249617 20.192463 -6.644101
v 3.203501 20.192463 -3.456041
v 3.871051 20.192463 -4.813121
v 2.874390 20.192463 -5.317029
v 1.877728 20.192463 -5.820936
v 0.249617 20.192463 -4.887849
v 0.884722 20.192463 -4.580000
v 1.657648 20.192463 -4.205348
v 2.430574 20.192463 -3.830694
v 0.972912 18.392321 -4.750365
v 1.745838 18.392321 -4.375710
v 2.518764 18.392321 -4.001058
v 3.291690 18.392321 -3.626404
v 3.291690 19.229321 -3.626404
v 2.518764 19.229321 -4.001058
v 0.972912 19.229321 -4.750365
v 1.745838 19.229321 -4.375710
v 3.841724 18.392321 -4.758805
v 2.845062 18.392321 -5.262712
v 1.848400 18.392321 -5.766620
v 0.851739 18.392321 -6.270527
v 3.841724 19.229321 -4.758805
v 2.845062 19.229321 -5.262712
v 1.848400 19.229321 -5.766620
v 0.851739 19.229321 -6.270527
v 3.940026 20.143890 2.852442
v 3.940026 18.143890 2.852441
v 4.992937 20.143890 4.552845
v 4.992937 18.143890 4.552845
v 3.940026 17.379637 2.852441
v 4.992937 17.379637 4.552845
v 0.930431 20.143890 6.410844
v 1.946057 20.143890 5.946344
v 2.961684 20.143890 5.481844
v 3.977310 20.143890 5.017344
v 3.977310 18.143890 5.017345
v 2.961684 18.143890 5.481845
v 1.946057 18.143890 5.946345
v 0.930431 18.143890 6.410845
v 3.153024 20.143890 3.196547
v 2.366022 20.143890 3.540651
v 1.579020 20.143890 3.465383
v 0.792018 20.143890 3.366153
v 0.792019 18.143890 3.366153
v 1.579020 18.143890 3.465383
v 2.366022 18.143890 3.540650
v 3.153024 18.143890 3.196546
v 3.977310 17.379637 5.017345
v 2.961684 17.379637 5.481845
v 1.946057 17.379637 5.946345
v 0.930431 17.379637 6.410845
v 0.792019 17.379637 3.366153
v 1.579020 17.379637 3.465383
v 2.366022 17.379637 3.540650
v 3.153024 17.379637 3.196546
v 3.940026 19.143892 2.852441
v 4.992937 19.143892 4.552845
v 0.792018 19.143892 3.366153
v 1.579020 19.143892 3.465383
v 2.366022 19.143892 3.540650
v 3.153024 19.143892 3.196546
v 3.977310 19.143892 5.017344
v 2.961684 19.143892 5.481845
v 1.946057 19.143892 5.946344
v 0.930431 19.143892 6.410845
v 3.940026 18.643890 2.852441
v 4.992937 18.643890 4.552845
v 0.792018 18.643890 3.366153
v 1.579020 18.643890 3.465383
v 2.366022 18.643890 3.540650
v 3.153024 18.643890 3.196546
v 3.977310 18.643890 5.017344
v 2.961684 18.643890 5.481845
v 1.946057 18.643890 5.946344
v 0.930431 18.643890 6.410845
v 0.947927 18.643890 3.698606
v 0.947927 19.143892 3.698606
v 1.734928 18.643890 3.797837
v 1.734928 19.143892 3.797837
v 2.521930 18.643890 3.873104
v 2.521930 19.143892 3.873104
v 3.308932 18.643890 3.528999
v 3.308932 19.143892 3.528999
v 3.815559 18.643890 4.687505
v 3.815559 19.143892 4.687505
v 2.799932 18.643890 5.152005
v 2.799932 19.143892 5.152005
v 1.784306 18.643890 5.616504
v 1.784306 19.143892 5.616504
v 0.768680 18.643890 6.081005
v 0.768680 19.143892 6.081005
v 3.940026 16.542637 2.852441
v 4.992937 16.542637 4.552845
v 0.930431 16.542637 6.410844
v 3.153024 16.542637 3.196546
v 3.977310 16.542637 5.017345
v 2.961684 16.542637 5.481845
v 1.946057 16.542637 5.946345
v 0.792019 16.542637 3.366153
v 1.579020 16.542637 3.465383
v 2.366022 16.542637 3.540650
v 3.840581 15.759579 3.161246
v 4.637370 15.759579 4.448025
v 0.823307 15.759579 6.192398
v 0.179842 15.759579 6.486688
v 0.248602 15.759579 3.417279
v 3.256279 15.759579 3.416723
v 3.870185 15.759579 4.798898
v 2.854559 15.759579 5.263398
v 1.838933 15.759579 5.727898
v 0.895273 15.759579 3.586329
v 1.682275 15.759579 3.685561
v 2.469277 15.759579 3.760828
v 3.940026 15.759579 2.852441
v 4.992937 15.759579 4.552845
v 0.930431 15.759579 6.410844
v 3.153024 15.759579 3.196546
v 3.977310 15.759579 5.017344
v 2.961684 15.759579 5.481845
v 1.946057 15.759579 5.946345
v 0.792019 15.759579 3.366153
v 1.579020 15.759579 3.465383
v 2.366022 15.759579 3.540650
v 3.940026 15.579494 2.852441
v 4.992937 15.579494 4.552845
v 0.930431 15.579494 6.410844
v 3.153024 15.579494 3.196546
v 3.977310 15.579494 5.017344
v 2.961684 15.579494 5.481844
v 1.946057 15.579494 5.946345
v 0.792019 15.579494 3.366153
v 1.579020 15.579494 3.465383
v 2.366022 15.579494 3.540650
v 3.840581 15.579494 3.161246
v 4.637370 15.579494 4.448025
v 0.823307 15.579494 6.192398
v 0.179842 15.579494 6.486688
v 3.256279 15.579494 3.416723
v 3.870185 15.579494 4.798898
v 2.854559 15.579494 5.263398
v 1.838933 15.579494 5.727898
v 0.248602 15.579494 3.417279
v 0.895273 15.579494 3.586329
v 1.682275 15.579494 3.685561
v 2.469277 15.579494 3.760828
v 0.976725 17.379637 3.760015
v 1.763727 17.379637 3.859246
v 2.550729 17.379637 3.934513
v 3.337731 17.379637 3.590409
v 3.337731 16.542637 3.590409
v 2.550729 16.542637 3.934513
v 0.976725 16.542637 3.760015
v 1.763727 16.542637 3.859246
v 3.843007 17.379637 4.743475
v 2.827380 17.379637 5.207975
v 1.811754 17.379637 5.672475
v 0.796128 17.379637 6.136975
v 3.843007 16.542637 4.743475
v 2.827380 16.542637 5.207975
v 1.811754 16.542637 5.672475
v 0.796128 16.542637 6.136974
v 1.031284 20.148571 6.022156
v 1.031284 20.149216 4.027802
v 1.524585 20.149216 5.024979
v 1.524618 20.427349 5.025016
v 0.921689 20.427349 4.149813
v 0.921689 20.426777 5.900218
v 1.339110 20.427395 5.025016
v 1.031317 20.427349 4.027839
v 1.031317 20.426704 6.022192
v 1.339110 20.519875 5.025016
v 0.921689 20.519827 4.149813
v 0.921689 20.519257 5.900218
v 0.249608 20.480555 4.967866
v 0.249608 20.480555 5.209423
v 0.425711 20.480555 4.967866
v 0.425711 20.480555 5.209423
v 0.249608 20.480555 4.386341
v 0.425711 20.480555 4.386341
v 0.249608 20.480555 5.826735
v 0.425711 20.480555 5.826735
v 0.249608 20.544611 4.967866
v 0.249608 20.544611 5.209423
v 0.425711 20.544611 4.967866
v 0.425711 20.544611 5.209423
v 0.249608 20.544611 4.386341
v 0.425711 20.544611 4.386341
v 0.249608 20.544611 5.826735
v 0.425711 20.544611 5.826735
v 6.507002 20.143890 1.813273
v 4.522563 20.143890 1.564287
v 4.522563 18.643890 1.564286
v 4.989442 18.877220 1.201505
v 6.144220 18.877220 1.346394
v 6.507002 19.143892 1.813273
v 4.522563 17.379637 1.564286
v 6.530563 17.190382 1.625492
v 6.530563 16.731892 1.625492
v 4.522563 19.143892 1.564286
v 6.507002 18.643890 1.813273
v 4.522563 16.542637 1.564286
v 4.522563 15.759579 1.564286
v 6.507002 15.759579 1.813273
v 6.507002 15.579494 1.813273
v 4.522563 15.579494 1.564286
v -0.881067 20.655191 -6.324844
v -0.884722 21.053577 -4.580000
v -1.877728 20.655191 -5.820936
v -1.657648 21.053577 -4.205348
v -2.874390 20.655191 -5.317029
v -2.430574 21.053577 -3.830694
v -3.871051 20.655191 -4.813121
v -3.203501 21.053577 -3.456041
v -3.777352 21.053577 -3.177882
v -4.623910 20.655191 -4.432479
v -0.249617 20.655191 -6.644101
v -0.249617 21.053577 -4.887849
v 0.000000 20.655191 -6.688317
v 0.000000 21.053577 -4.929202
v 0.881067 20.655191 -6.324844
v 0.884722 21.053577 -4.580000
v 1.877728 20.655191 -5.820936
v 1.657648 21.053577 -4.205348
v 2.874390 20.655191 -5.317029
v 2.430574 21.053577 -3.830694
v 3.871051 20.655191 -4.813121
v 3.203501 21.053577 -3.456041
v 3.777352 21.053577 -3.177882
v 4.623910 20.655191 -4.432479
v 0.249617 20.655191 -6.644101
v 0.249617 21.053577 -4.887849
v 5.171791 18.877220 -0.251826
v 6.326570 18.877220 -0.106936
v 4.809009 17.379637 -0.718705
v 6.769887 17.190382 -0.281936
v 6.769887 16.731892 -0.281936
v 4.809009 16.542637 -0.718705
v 4.809009 15.759579 -0.718705
v 6.793448 15.759579 -0.469718
v 6.793448 15.579494 -0.469718
v 4.809009 15.579494 -0.718705
v 4.522563 18.143890 1.564286
v 6.507002 18.143890 1.813273
v 4.809009 18.143890 -0.718705
v 6.793448 18.143890 -0.469718
v 6.507002 17.379637 1.813273
v 6.507002 16.542637 1.813273
v 6.793448 17.379637 -0.469718
v 6.793448 16.542637 -0.469718
v 6.008925 17.190382 1.560042
v 6.008925 16.731892 1.560042
v 6.248249 17.190382 -0.347386
v 6.248249 16.731892 -0.347386
v 6.426578 15.628064 -1.496964
v 4.483154 15.628064 -1.024629
v 4.483154 17.128065 -1.024629
v 4.483154 17.628065 -1.024629
v 6.426578 17.628065 -1.496964
v 6.426578 16.628065 -1.496964
v 4.483154 18.392321 -1.024629
v 6.426578 18.392321 -1.496964
v 4.483154 16.628065 -1.024629
v 6.426578 17.128065 -1.496964
v 4.520642 19.764853 -2.628696
v 4.956520 19.764853 -3.274666
v 4.761642 19.764853 -1.911456
v 5.518870 19.764853 -2.095495
v -4.992937 20.143890 4.552845
v -3.940026 20.143890 2.852442
v -3.977310 20.143890 5.017344
v -2.961684 20.143890 5.481844
v -3.153024 20.143890 3.196547
v -2.366022 20.143890 3.540651
v -3.761382 20.664644 4.542887
v -3.365478 20.664644 3.672562
v -4.244359 20.664644 4.321997
v -3.740647 20.664644 3.508525
v -3.279551 20.664644 4.763254
v -2.994625 20.664644 3.834712
v -3.833079 22.386316 4.701373
v -3.293120 22.047531 3.514369
v -4.491793 22.386316 4.400108
v -3.804799 22.386316 3.290645
v -3.175927 22.386316 5.001923
v -2.787327 22.386316 3.735519
v -3.858549 23.450863 4.757673
v -3.267416 23.821754 3.458172
v -4.579692 23.450863 4.427857
v -3.827589 23.450863 3.213245
v -3.139116 23.450863 5.086708
v -2.713686 23.450863 3.700282
v -3.663207 24.472927 4.325867
v -3.464562 24.472927 3.889182
v -3.905540 24.472927 4.215035
v -3.652803 24.472927 3.806876
v -3.421448 24.472927 4.436437
v -3.278486 24.472927 3.970541
v -2.155556 23.810404 3.444015
v -2.155556 23.947371 3.444015
v -5.165461 23.810404 4.604534
v -4.010444 23.810404 2.626696
v -4.115388 23.810404 5.319016
v -2.888161 23.810404 5.644572
v -3.020081 23.810404 2.891900
v -5.165461 23.947371 4.604534
v -4.010444 23.947371 2.626696
v -4.115388 23.947371 5.319016
v -2.888161 23.947371 5.644572
v -3.020081 23.947371 2.891900
v -4.491793 22.047531 4.400108
v -3.804799 22.047531 3.290645
v -3.833079 22.047531 4.701373
v -3.175927 22.047531 5.001923
v -3.293120 22.386316 3.514369
v -2.787327 22.047531 3.735519
v -4.579692 23.821754 4.427857
v -3.827589 23.821754 3.213245
v -3.858549 23.821754 4.757673
v -3.139116 23.821754 5.086708
v -3.267416 23.450861 3.458172
v -2.713686 23.821754 3.700282
v -3.369184 22.802410 3.690928
v -3.369184 23.450861 3.690928
v -2.944546 23.450863 3.806281
v -2.944546 22.802410 3.806281
v -3.243177 22.802410 4.854968
v -3.243177 23.450863 4.854968
v -3.752893 23.450863 4.526656
v -3.752893 22.802410 4.526656
v -4.336539 22.802410 4.354313
v -4.336539 23.450863 4.354313
v -3.752010 23.450863 3.455773
v -3.752010 22.802410 3.455773
v -6.575580 15.628064 -0.785911
v -4.597003 15.628064 -1.077844
v -4.597003 17.128065 -1.077844
v -4.597003 17.628065 -1.077844
v -6.575580 17.628065 -0.785911
v -6.575580 16.628065 -0.785911
v -4.597003 18.392321 -1.077844
v -6.575580 18.392321 -0.785911
v -4.597003 16.628065 -1.077844
v -6.575580 17.128065 -0.785911
v -6.109718 15.628064 2.371471
v -4.131141 15.628064 2.079538
v -4.131141 17.128065 2.079538
v -4.131141 17.628065 2.079538
v -6.109718 17.628065 2.371471
v -6.109718 16.628065 2.371471
v -4.131141 18.392321 2.079538
v -6.109718 18.392321 2.371471
v -4.131141 16.628065 2.079538
v -6.109718 17.128065 2.371471
v -4.597003 21.330486 -1.077844
v -6.575580 19.870562 -0.785911
v -4.131141 21.330486 2.079538
v -6.109718 19.870562 2.371471
vn -0.8801 -0.0000 -0.4749
vn -0.4239 -0.0000 0.9057
vn -0.0004 1.0000 0.0004
vn -0.4239 -0.0000 -0.9057
vn -0.0000 1.0000 -0.0000
vn -0.8801 -0.0000 0.4749
vn -0.0000 -1.0000 -0.0000
vn 0.8801 -0.0000 0.4749
vn 0.0100 0.9989 -0.0454
vn 0.0435 0.9990 -0.0115
vn 0.4239 -0.0000 -0.9057
vn 0.4239 -0.0000 0.9057
vn 0.8801 -0.0000 -0.4749
vn 0.9253 -0.0000 0.3791
vn -0.4512 -0.0000 -0.8924
vn 1.0000 -0.0000 -0.0000
vn 0.4362 -0.0000 0.8999
vn 0.8881 -0.0000 -0.4597
vn -0.8799 -0.0000 0.4751
vn 0.8799 -0.0000 -0.4751
vn -0.9200 -0.0000 -0.3920
vn -0.8881 -0.0000 0.4597
vn -0.8289 -0.0000 0.5593
vn 0.4512 -0.0000 -0.8924
vn 0.4512 -0.0000 0.8924
vn -0.1634 -0.0000 -0.9866
vn -0.4362 -0.0000 -0.8999
vn 0.1744 -0.0000 0.9847
vn 0.8289 -0.0000 -0.5593
vn -0.8502 -0.0000 -0.5265
vn -0.4467 -0.0000 0.8947
vn 0.4006 -0.0000 -0.9162
vn -0.4159 -0.0000 0.9094
vn -0.1347 -0.0000 -0.9909
vn -0.0952 -0.0000 -0.9955
vn -0.1251 -0.0000 -0.9921
vn 0.9054 -0.0000 0.4246
vn 0.3650 0.4124 -0.8347
vn 0.8750 0.4028 0.2685
vn -0.8979 -0.0000 -0.4403
vn 0.8979 -0.0000 0.4403
vn -0.9054 -0.0000 -0.4246
vn 0.4159 -0.0000 -0.9094
vn -0.1259 -0.0000 0.9920
vn -0.4006 -0.0000 0.9162
vn 0.1879 -0.0000 -0.9822
vn 0.0952 -0.0000 0.9955
vn 0.8502 -0.0000 0.5265
vn 0.2529 -0.0000 0.9675
vn 0.1251 -0.0000 0.9921
vn 0.0003 -1.0000 -0.0003
vn -0.4350 -0.0000 0.9004
vn -0.9026 -0.0000 0.4305
vn -0.8963 -0.0000 -0.4434
vn -0.8963 -0.0002 0.4434
vn -0.4350 -0.0001 0.9004
vn -0.4350 0.0001 -0.9004
vn -0.0001 1.0000 -0.0001
vn -0.0006 1.0000 -0.0000
vn -0.0001 1.0000 0.0007
vn -0.0003 1.0000 0.0003
vn -0.4350 -0.0000 -0.9004
vn -0.9026 -0.0000 -0.4305
vn -0.0001 -1.0000 -0.0000
vn 0.0001 1.0000 -0.0000
vn -1.0000 -0.0000 -0.0000
vn -0.0000 -0.0000 1.0000
vn -0.0000 -0.0000 -1.0000
vn 0.0004 1.0000 0.0004
vn -0.0100 0.9989 -0.0454
vn -0.0435 0.9990 -0.0115
vn -0.9479 -0.0000 0.3185
vn -0.4362 -0.0000 0.8999
vn -0.8881 -0.0000 -0.4597
vn 0.8799 -0.0000 0.4751
vn -0.8799 -0.0000 -0.4751
vn 0.9026 -0.0000 -0.4305
vn 0.8881 -0.0000 0.4597
vn 0.8289 -0.0000 0.5593
vn -0.4512 -0.0000 0.8924
vn 0.1634 -0.0000 -0.9866
vn 0.4362 -0.0000 -0.8999
vn -0.1744 -0.0000 0.9847
vn -0.8289 -0.0000 -0.5593
vn 0.8752 -0.0000 0.4837
vn 0.4467 -0.0000 0.8947
vn -0.4006 -0.0000 -0.9162
vn 0.4159 -0.0000 0.9094
vn -0.9112 -0.0000 -0.4121
vn 0.1347 -0.0000 -0.9909
vn 0.0952 -0.0000 -0.9955
vn 0.1251 -0.0000 -0.9921
vn -0.9054 -0.0000 0.4246
vn 0.8979 -0.0000 -0.4403
vn -0.8979 -0.0000 0.4403
vn 0.9054 -0.0000 -0.4246
vn -0.4159 -0.0000 -0.9094
vn 0.1259 -0.0000 0.9920
vn 0.4006 -0.0000 0.9162
vn -0.1879 -0.0000 -0.9822
vn -0.0952 -0.0000 0.9955
vn -0.8502 -0.0000 0.5265
vn -0.2529 -0.0000 0.9675
vn -0.1251 -0.0000 0.9921
vn -0.0003 -1.0000 -0.0003
vn 0.4350 -0.0000 0.9004
vn 0.9026 -0.0000 0.4305
vn 0.8963 -0.0000 -0.4434
vn 0.8963 -0.0002 0.4434
vn 0.4350 -0.0001 0.9004
vn 0.4350 0.0001 -0.9004
vn 0.0001 1.0000 -0.0001
vn 0.0006 1.0000 -0.0000
vn 0.0001 1.0000 0.0007
vn 0.0003 1.0000 0.0003
vn 0.4350 -0.0000 -0.9004
vn 0.0001 -1.0000 -0.0000
vn -0.0001 1.0000 -0.0000
vn 0.1245 -0.0000 -0.9922
vn -0.9922 -0.0000 -0.1245
vn 0.9922 -0.0000 0.1245
vn -0.1137 0.9668 -0.2290
vn -0.1093 0.9692 -0.2207
vn -0.1105 0.9686 -0.2226
vn -0.1116 0.9680 -0.2248
vn -0.1127 0.9673 -0.2270
vn -0.0379 0.9746 -0.2209
vn 0.1137 0.9668 -0.2290
vn 0.1093 0.9692 -0.2207
vn 0.1105 0.9686 -0.2226
vn 0.1116 0.9680 -0.2248
vn 0.1127 0.9673 -0.2270
vn 0.0379 0.9746 -0.2209
vn -0.1744 -0.0000 -0.9847
vn 0.1744 -0.0000 -0.9847
vn 0.1634 -0.0000 0.9866
vn -0.1634 -0.0000 0.9866
vn -0.1082 0.4953 0.8620
vn 0.1082 0.4953 -0.8620
vn 0.8620 0.4953 0.1082
vn -0.8620 0.4953 -0.1082
vn -0.1245 -0.0000 0.9922
vn 0.2362 -0.0000 0.9717
vn 0.8354 0.3787 -0.3984
vn -0.8807 0.3699 0.2959
vn -0.7436 0.4419 -0.5018
vn 0.2043 0.5017 0.8406
vn 0.3975 -0.1248 -0.9091
vn 0.9489 -0.1214 0.2912
vn -0.3789 0.4124 0.8285
vn -0.7781 0.4031 -0.4818
vn -0.3364 0.3290 0.8824
vn -0.4127 -0.1248 0.9023
vn -0.8439 -0.1215 -0.5226
vn 0.0068 -0.9998 -0.0202
vn -0.4352 0.8629 -0.2568
vn 0.3185 0.3510 -0.8806
vn -0.8119 0.2767 -0.5141
vn -0.0250 -0.9997 -0.0081
vn 0.1260 0.8953 -0.4272
vn 0.0108 -0.9998 -0.0184
vn -0.0100 -0.9998 0.0178
vn 0.2587 -0.0000 -0.9660
vn 0.9488 -0.0000 0.3159
vn -0.5625 -0.0000 0.8268
vn 0.5382 -0.0000 -0.8428
vn -0.2564 -0.0000 0.9666
vn -0.8635 -0.0000 -0.5043
vn 0.2299 0.8954 -0.3812
vn -0.2421 0.8931 0.3791
vn -0.0064 -0.9998 0.0193
vn 0.4819 0.8618 0.1582
vn 0.0224 -0.9997 0.0134
vn -0.1280 0.8931 0.4312
vn 0.9560 -0.0000 0.2934
vn -0.5415 -0.0000 0.8407
vn 0.2622 -0.0000 -0.9650
vn -0.8382 -0.0000 -0.5453
vn 0.9618 -0.0000 0.2739
vn 0.5234 -0.0000 -0.8521
vn -0.2832 -0.0000 0.9591
vn 0.9220 0.2738 0.2737
vn -0.4481 0.3284 0.8315
vn 0.4269 0.3537 -0.8323
vn 0.9893 -0.0000 -0.1460
vn -0.9893 -0.0000 0.1460
vn -0.9200 -0.0000 -0.3919
vn 0.1460 -0.0000 0.9893
vn -0.5833 0.8077 0.0861
vn -0.1460 -0.0000 -0.9893
vt 0.830625 0.856131
vt 0.827139 0.856131
vt 0.827139 0.838403
vt 0.830625 0.838403
vt 0.816708 0.862791
vt 0.813222 0.862791
vt 0.813222 0.838403
vt 0.816708 0.838403
vt 0.318764 0.898430
vt 0.315900 0.936148
vt 0.313053 0.920217
vt 0.313053 0.893530
vt 0.820196 0.887179
vt 0.816708 0.887179
vt 0.820196 0.862791
vt 0.324475 0.903330
vt 0.320670 0.926752
vt 0.830625 0.881941
vt 0.827139 0.881941
vt 0.371825 0.583224
vt 0.371825 0.651755
vt 0.370618 0.644066
vt 0.370618 0.595912
vt 0.674580 0.893122
vt 0.668066 0.887533
vt 0.669637 0.883753
vt 0.674190 0.887659
vt 0.672384 0.860954
vt 0.672688 0.864975
vt 0.677840 0.850209
vt 0.676480 0.857506
vt 0.681095 0.868428
vt 0.681095 0.898712
vt 0.680255 0.892863
vt 0.680255 0.871467
vt 0.675702 0.888956
vt 0.373032 0.595912
vt 0.373032 0.644066
vt 0.677992 0.858803
vt 0.872955 0.848174
vt 0.872955 0.862607
vt 0.870315 0.862607
vt 0.870315 0.848174
vt 0.705869 0.877366
vt 0.705867 0.850210
vt 0.706261 0.850209
vt 0.706263 0.877366
vt 0.781336 0.826457
vt 0.771825 0.835585
vt 0.770460 0.833151
vt 0.781336 0.822713
vt 0.795599 0.853643
vt 0.790845 0.835585
vt 0.792212 0.833151
vt 0.797604 0.853643
vt 0.767073 0.853643
vt 0.765068 0.853643
vt 0.705079 0.876068
vt 0.705076 0.850209
vt 0.705388 0.850209
vt 0.705473 0.876068
vt 0.859735 0.887884
vt 0.859735 0.868029
vt 0.862375 0.868029
vt 0.862269 0.887884
vt 0.705867 0.850209
vt 0.705867 0.876068
vt 0.705473 0.850209
vt 0.857096 0.887884
vt 0.857096 0.868029
vt 0.705867 0.896017
vt 0.706180 0.896017
vt 0.872955 0.883620
vt 0.870420 0.883620
vt 0.296178 0.585295
vt 0.298229 0.585295
vt 0.285925 0.539765
vt 0.283874 0.539765
vt 0.283874 0.516486
vt 0.285925 0.516486
vt 0.310797 0.667249
vt 0.310797 0.660357
vt 0.328122 0.660357
vt 0.328122 0.667249
vt 0.298229 0.571533
vt 0.300279 0.571533
vt 0.300279 0.585295
vt 0.353980 0.621001
vt 0.353980 0.647129
vt 0.344870 0.638685
vt 0.344934 0.618481
vt 0.283874 0.609602
vt 0.283874 0.632881
vt 0.280739 0.632881
vt 0.280739 0.609602
vt 0.328122 0.651135
vt 0.328122 0.625006
vt 0.329473 0.627553
vt 0.329473 0.653682
vt 0.310797 0.649821
vt 0.328122 0.649821
vt 0.292077 0.585295
vt 0.300279 0.530248
vt 0.300279 0.516486
vt 0.303414 0.516486
vt 0.303414 0.530248
vt 0.303414 0.571533
vt 0.303414 0.585295
vt 0.300279 0.557771
vt 0.303414 0.557771
vt 0.300279 0.544010
vt 0.303414 0.544010
vt 0.280739 0.516486
vt 0.280739 0.539765
vt 0.277307 0.539765
vt 0.277307 0.516486
vt 0.306847 0.516486
vt 0.306847 0.530248
vt 0.266598 0.686768
vt 0.266598 0.698306
vt 0.263693 0.698306
vt 0.263693 0.686768
vt 0.277307 0.632881
vt 0.277307 0.609602
vt 0.283874 0.563044
vt 0.280739 0.563044
vt 0.283874 0.586323
vt 0.280739 0.586323
vt 0.353980 0.516486
vt 0.353980 0.542615
vt 0.345125 0.557869
vt 0.345189 0.537665
vt 0.353980 0.568743
vt 0.345062 0.578073
vt 0.353980 0.594872
vt 0.344998 0.598277
vt 0.298229 0.516486
vt 0.298229 0.530248
vt 0.298229 0.544010
vt 0.298229 0.557771
vt 0.285925 0.632881
vt 0.285925 0.609602
vt 0.285925 0.586323
vt 0.285925 0.563044
vt 0.292077 0.563044
vt 0.287975 0.563044
vt 0.287975 0.539765
vt 0.292077 0.539765
vt 0.292077 0.586323
vt 0.287975 0.586323
vt 0.292077 0.609602
vt 0.287975 0.609602
vt 0.292077 0.632881
vt 0.287975 0.632881
vt 0.292077 0.557771
vt 0.296178 0.557771
vt 0.296178 0.571533
vt 0.292077 0.571533
vt 0.292077 0.544010
vt 0.296178 0.544010
vt 0.292077 0.530248
vt 0.296178 0.530248
vt 0.292077 0.516486
vt 0.296178 0.516486
vt 0.310797 0.687927
vt 0.310797 0.674142
vt 0.328122 0.674142
vt 0.328122 0.687927
vt 0.287975 0.516486
vt 0.273356 0.695801
vt 0.275407 0.695801
vt 0.275407 0.703232
vt 0.273356 0.703232
vt 0.352216 0.650105
vt 0.352216 0.670310
vt 0.350599 0.667334
vt 0.350599 0.647129
vt 0.344870 0.698527
vt 0.344870 0.678322
vt 0.346488 0.675346
vt 0.346488 0.695551
vt 0.354700 0.701660
vt 0.352649 0.701660
vt 0.352649 0.693490
vt 0.354700 0.693490
vt 0.499482 0.741281
vt 0.497431 0.741281
vt 0.497431 0.718002
vt 0.499482 0.718002
vt 0.497431 0.741281
vt 0.495381 0.741281
vt 0.495381 0.718002
vt 0.296178 0.565100
vt 0.298229 0.565100
vt 0.298229 0.578862
vt 0.296178 0.578862
vt 0.296178 0.537577
vt 0.298229 0.537577
vt 0.298229 0.551339
vt 0.296178 0.551339
vt 0.267296 0.683700
vt 0.267296 0.657571
vt 0.268923 0.660639
vt 0.268923 0.686768
vt 0.350598 0.693490
vt 0.350598 0.673285
vt 0.352216 0.690515
vt 0.348548 0.690537
vt 0.350599 0.690537
vt 0.350599 0.698779
vt 0.348548 0.698779
vt 0.272177 0.657571
vt 0.272177 0.683700
vt 0.270550 0.686768
vt 0.270550 0.660639
vt 0.260788 0.683700
vt 0.260788 0.657571
vt 0.262415 0.660639
vt 0.262415 0.686768
vt 0.324937 0.687927
vt 0.326987 0.687927
vt 0.326987 0.696168
vt 0.324937 0.696168
vt 0.258738 0.700558
vt 0.256687 0.700558
vt 0.256687 0.692388
vt 0.258738 0.692388
vt 0.264042 0.657571
vt 0.264042 0.683700
vt 0.348538 0.679301
vt 0.348538 0.699506
vt 0.346921 0.696531
vt 0.346921 0.676325
vt 0.271306 0.695801
vt 0.273356 0.695801
vt 0.271306 0.703232
vt 0.274095 0.632881
vt 0.274095 0.609602
vt 0.277307 0.563044
vt 0.274095 0.563044
vt 0.274095 0.539765
vt 0.306847 0.628533
vt 0.306847 0.585295
vt 0.310058 0.585295
vt 0.310058 0.628533
vt 0.306847 0.557771
vt 0.306847 0.544010
vt 0.310058 0.544010
vt 0.310058 0.557771
vt 0.306847 0.571533
vt 0.310058 0.571533
vt 0.334866 0.681108
vt 0.334866 0.660903
vt 0.336782 0.657378
vt 0.336782 0.677583
vt 0.310797 0.638283
vt 0.328122 0.638283
vt 0.254636 0.697326
vt 0.254636 0.685788
vt 0.256655 0.685788
vt 0.256655 0.697326
vt 0.291171 0.676816
vt 0.291171 0.697021
vt 0.289255 0.693496
vt 0.289255 0.673291
vt 0.328122 0.703392
vt 0.328122 0.677263
vt 0.329473 0.679811
vt 0.329473 0.705939
vt 0.303414 0.628533
vt 0.344229 0.687104
vt 0.344229 0.669409
vt 0.379563 0.596967
vt 0.379563 0.568760
vt 0.344229 0.651713
vt 0.343490 0.714088
vt 0.343490 0.702985
vt 0.379563 0.625174
vt 0.274095 0.516486
vt 0.310058 0.516486
vt 0.310058 0.530248
vt 0.277307 0.586323
vt 0.274095 0.586323
vt 0.310797 0.627489
vt 0.313463 0.627489
vt 0.326690 0.627489
vt 0.328122 0.627489
vt 0.343490 0.667935
vt 0.343490 0.685460
vt 0.342751 0.685460
vt 0.342751 0.667935
vt 0.310797 0.585295
vt 0.310797 0.628533
vt 0.273356 0.563044
vt 0.273356 0.539765
vt 0.343490 0.650411
vt 0.342751 0.650411
vt 0.260788 0.680850
vt 0.260788 0.686095
vt 0.260050 0.686095
vt 0.260050 0.680850
vt 0.273356 0.586323
vt 0.343490 0.637173
vt 0.342751 0.637173
vt 0.344229 0.704800
vt 0.343490 0.704800
vt 0.343490 0.687104
vt 0.273356 0.609602
vt 0.344229 0.717938
vt 0.343490 0.717938
vt 0.343490 0.719346
vt 0.342751 0.719346
vt 0.342751 0.714088
vt 0.343490 0.669409
vt 0.344229 0.637173
vt 0.273356 0.632881
vt 0.369005 0.546111
vt 0.363582 0.525505
vt 0.363090 0.516486
vt 0.370256 0.543716
vt 0.378500 0.623032
vt 0.378500 0.639586
vt 0.377423 0.647129
vt 0.377423 0.621001
vt 0.378824 0.645830
vt 0.368057 0.560769
vt 0.368979 0.563460
vt 0.378500 0.524909
vt 0.378500 0.544647
vt 0.377423 0.542615
vt 0.377423 0.516486
vt 0.378500 0.570775
vt 0.377423 0.568743
vt 0.378500 0.596904
vt 0.377423 0.594872
vt 0.363176 0.636224
vt 0.364226 0.620001
vt 0.365148 0.622692
vt 0.363871 0.642435
vt 0.365503 0.600257
vt 0.366425 0.602948
vt 0.366780 0.580513
vt 0.367702 0.583204
vt 0.363090 0.642552
vt 0.310797 0.516486
vt 0.310797 0.530248
vt 0.273356 0.516486
vt 0.342751 0.702985
vt 0.310797 0.544010
vt 0.356189 0.647129
vt 0.356189 0.680085
vt 0.355451 0.680085
vt 0.355451 0.647129
vt 0.326690 0.625006
vt 0.343490 0.651713
vt 0.343490 0.637173
vt 0.310797 0.557771
vt 0.310797 0.571533
vt 0.310797 0.625006
vt 0.313463 0.625006
vt 0.303414 0.580216
vt 0.303414 0.566454
vt 0.306847 0.566454
vt 0.306847 0.580216
vt 0.303414 0.552693
vt 0.303414 0.538931
vt 0.306847 0.538931
vt 0.306847 0.552693
vt 0.291171 0.656611
vt 0.289255 0.653086
vt 0.334866 0.640698
vt 0.336782 0.637173
vt 0.334866 0.701313
vt 0.336782 0.697788
vt 0.291171 0.636406
vt 0.289255 0.632881
vt 0.499533 0.879486
vt 0.499533 0.902765
vt 0.496100 0.902765
vt 0.496100 0.879486
vt 0.499533 0.856207
vt 0.496100 0.856207
vt 0.499533 0.832929
vt 0.496100 0.832929
vt 0.340050 0.663302
vt 0.340050 0.689430
vt 0.338699 0.691977
vt 0.338699 0.665849
vt 0.312633 0.687927
vt 0.312633 0.699465
vt 0.310797 0.699465
vt 0.340050 0.715559
vt 0.338699 0.718106
vt 0.340050 0.637173
vt 0.338699 0.639720
vt 0.309627 0.925893
vt 0.309627 0.930736
vt 0.302986 0.930736
vt 0.302986 0.925893
vt 0.281005 0.881616
vt 0.282445 0.881616
vt 0.282445 0.896367
vt 0.281005 0.896367
vt 0.282445 0.960102
vt 0.281005 0.960102
vt 0.294156 0.945621
vt 0.295597 0.945621
vt 0.295597 0.958721
vt 0.294156 0.958721
vt 0.303074 0.837027
vt 0.302986 0.819909
vt 0.313087 0.828523
vt 0.311757 0.841897
vt 0.282445 0.835336
vt 0.282445 0.819909
vt 0.284647 0.819909
vt 0.284647 0.835336
vt 0.333721 0.943249
vt 0.333721 0.961834
vt 0.332784 0.960162
vt 0.332784 0.941577
vt 0.284647 0.896367
vt 0.284647 0.960102
vt 0.309627 0.938137
vt 0.302986 0.938137
vt 0.295597 0.904407
vt 0.295597 0.890216
vt 0.297799 0.890216
vt 0.297799 0.904407
vt 0.297799 0.945621
vt 0.297799 0.958721
vt 0.295597 0.932521
vt 0.297799 0.932521
vt 0.295597 0.918491
vt 0.297799 0.918491
vt 0.284647 0.881616
vt 0.287059 0.881616
vt 0.287059 0.896367
vt 0.300211 0.890216
vt 0.300211 0.904407
vt 0.325373 0.956717
vt 0.325373 0.948611
vt 0.327318 0.948611
vt 0.327318 0.956717
vt 0.287059 0.819909
vt 0.287059 0.835336
vt 0.282445 0.866189
vt 0.284647 0.866189
vt 0.282445 0.850762
vt 0.284647 0.850762
vt 0.308285 0.884278
vt 0.308241 0.894502
vt 0.303903 0.878192
vt 0.308328 0.874172
vt 0.303030 0.874197
vt 0.303052 0.855612
vt 0.310458 0.855205
vt 0.309225 0.868569
vt 0.294156 0.890216
vt 0.294156 0.904407
vt 0.294156 0.918491
vt 0.294156 0.932521
vt 0.281005 0.819909
vt 0.281005 0.835336
vt 0.281005 0.850762
vt 0.281005 0.866189
vt 0.276683 0.866189
vt 0.279564 0.866189
vt 0.279564 0.881616
vt 0.276683 0.881616
vt 0.276683 0.850762
vt 0.279564 0.850762
vt 0.276683 0.835336
vt 0.279564 0.835336
vt 0.276683 0.819909
vt 0.279564 0.819909
vt 0.289834 0.932521
vt 0.292716 0.932521
vt 0.292716 0.945621
vt 0.289834 0.945621
vt 0.289834 0.918491
vt 0.292716 0.918491
vt 0.289834 0.904407
vt 0.292716 0.904407
vt 0.289834 0.890216
vt 0.292716 0.890216
vt 0.292716 0.958721
vt 0.289834 0.958721
vt 0.276683 0.896367
vt 0.279564 0.896367
vt 0.279564 0.960102
vt 0.276683 0.960102
vt 0.309627 0.911367
vt 0.309627 0.921051
vt 0.302986 0.921051
vt 0.302986 0.911367
vt 0.279564 0.877656
vt 0.281005 0.877656
vt 0.267312 0.945292
vt 0.267312 0.959298
vt 0.266413 0.956316
vt 0.266413 0.942310
vt 0.271432 0.937995
vt 0.271432 0.952360
vt 0.270309 0.954306
vt 0.270309 0.939941
vt 0.315891 0.956446
vt 0.317331 0.956446
vt 0.317331 0.961907
vt 0.315891 0.961907
vt 0.482140 0.926180
vt 0.482841 0.926180
vt 0.482841 0.933684
vt 0.482140 0.933684
vt 0.482140 0.911173
vt 0.482841 0.911173
vt 0.482841 0.918676
vt 0.482140 0.918676
vt 0.268868 0.937995
vt 0.270309 0.937995
vt 0.270309 0.951095
vt 0.268868 0.951095
vt 0.264972 0.937177
vt 0.266413 0.937177
vt 0.266413 0.951261
vt 0.264972 0.951261
vt 0.276574 0.954306
vt 0.276574 0.959148
vt 0.275369 0.959148
vt 0.275369 0.954306
vt 0.268556 0.919410
vt 0.268556 0.937995
vt 0.267428 0.935982
vt 0.267428 0.917397
vt 0.274195 0.963089
vt 0.274195 0.949083
vt 0.275094 0.946101
vt 0.275094 0.960107
vt 0.308748 0.961090
vt 0.307308 0.961090
vt 0.307308 0.955570
vt 0.308748 0.955570
vt 0.273072 0.954306
vt 0.273072 0.959148
vt 0.271868 0.959148
vt 0.271868 0.954306
vt 0.269685 0.917397
vt 0.269685 0.935982
vt 0.273072 0.919410
vt 0.273072 0.937995
vt 0.271943 0.935982
vt 0.271943 0.917397
vt 0.315891 0.961965
vt 0.314450 0.961965
vt 0.314450 0.956446
vt 0.318772 0.956446
vt 0.318772 0.961907
vt 0.274201 0.917397
vt 0.274201 0.935982
vt 0.271949 0.952360
vt 0.271949 0.937995
vt 0.273072 0.939941
vt 0.279564 0.846803
vt 0.281005 0.846803
vt 0.289315 0.819909
vt 0.289315 0.835336
vt 0.287059 0.866189
vt 0.289315 0.866189
vt 0.289315 0.881616
vt 0.302986 0.946243
vt 0.309627 0.946243
vt 0.309627 0.953826
vt 0.302986 0.953826
vt 0.300211 0.932521
vt 0.300211 0.918491
vt 0.302467 0.918491
vt 0.302467 0.932521
vt 0.300211 0.958721
vt 0.300211 0.945621
vt 0.302467 0.945621
vt 0.302467 0.958721
vt 0.320002 0.925291
vt 0.319622 0.939225
vt 0.318450 0.942353
vt 0.318830 0.928419
vt 0.287059 0.960102
vt 0.266321 0.951261
vt 0.266321 0.959367
vt 0.264972 0.959367
vt 0.264972 0.951261
vt 0.314898 0.925291
vt 0.314450 0.911367
vt 0.315622 0.914494
vt 0.316071 0.928419
vt 0.333721 0.906079
vt 0.333721 0.924664
vt 0.332784 0.922992
vt 0.332784 0.904407
vt 0.339275 0.889611
vt 0.338547 0.903434
vt 0.334557 0.890182
vt 0.335078 0.879662
vt 0.342781 0.823117
vt 0.342169 0.834712
vt 0.334705 0.837729
vt 0.333983 0.826388
vt 0.341205 0.853011
vt 0.335277 0.851602
vt 0.340240 0.871311
vt 0.335780 0.865492
vt 0.289315 0.896367
vt 0.302467 0.890216
vt 0.302467 0.904407
vt 0.287059 0.850762
vt 0.289315 0.850762
vt 0.289315 0.902610
vt 0.289315 0.956747
vt 0.289315 0.960102
vt 0.342422 0.933031
vt 0.342422 0.949891
vt 0.341903 0.949891
vt 0.341903 0.933031
vt 0.309627 0.955570
vt 0.302986 0.955570
vt 0.289834 0.866189
vt 0.289834 0.881616
vt 0.342422 0.916170
vt 0.341903 0.916170
vt 0.322969 0.911367
vt 0.322969 0.915302
vt 0.322450 0.915302
vt 0.322450 0.911367
vt 0.289834 0.850762
vt 0.342422 0.903435
vt 0.341903 0.903435
vt 0.343459 0.923825
vt 0.343459 0.912123
vt 0.343978 0.912123
vt 0.343978 0.923825
vt 0.289834 0.835336
vt 0.343459 0.903434
vt 0.343978 0.903434
vt 0.342422 0.977433
vt 0.342422 0.980525
vt 0.341903 0.980525
vt 0.341903 0.977433
vt 0.322969 0.940805
vt 0.322969 0.954356
vt 0.322450 0.954356
vt 0.322450 0.940805
vt 0.342814 0.819909
vt 0.333983 0.821963
vt 0.289834 0.819909
vt 0.266413 0.941658
vt 0.266413 0.922805
vt 0.267428 0.942310
vt 0.355995 0.835704
vt 0.355981 0.823930
vt 0.356832 0.819909
vt 0.356744 0.837027
vt 0.355843 0.820753
vt 0.335403 0.961176
vt 0.334842 0.971672
vt 0.333983 0.973603
vt 0.334739 0.959465
vt 0.356078 0.905497
vt 0.356061 0.891459
vt 0.356810 0.892782
vt 0.356832 0.911367
vt 0.356039 0.872874
vt 0.356788 0.874197
vt 0.356017 0.854289
vt 0.356766 0.855612
vt 0.334513 0.907859
vt 0.335191 0.919230
vt 0.334527 0.917520
vt 0.333983 0.903538
vt 0.335710 0.933127
vt 0.335046 0.931417
vt 0.336160 0.947037
vt 0.335496 0.945327
vt 0.334530 0.903434
vt 0.302986 0.890216
vt 0.302986 0.904407
vt 0.289834 0.896367
vt 0.342422 0.966751
vt 0.341903 0.966751
vt 0.302986 0.918491
vt 0.342940 0.951471
vt 0.342940 0.930193
vt 0.343459 0.930193
vt 0.343459 0.951471
vt 0.289834 0.956747
vt 0.289834 0.960102
vt 0.322969 0.927105
vt 0.322450 0.927105
vt 0.302986 0.932521
vt 0.302986 0.945621
vt 0.302986 0.958721
vt 0.289834 0.902610
vt 0.312038 0.952581
vt 0.312038 0.939481
vt 0.314450 0.939481
vt 0.314450 0.952581
vt 0.312038 0.925450
vt 0.312038 0.911367
vt 0.314450 0.925450
vt 0.270295 0.951095
vt 0.270295 0.959201
vt 0.268868 0.959201
vt 0.315278 0.939225
vt 0.316450 0.942353
vt 0.320450 0.953318
vt 0.319278 0.956446
vt 0.320450 0.911367
vt 0.319278 0.914494
vt 0.314450 0.953318
vt 0.315622 0.956446
vt 0.484613 0.919003
vt 0.484613 0.911499
vt 0.485786 0.911499
vt 0.485786 0.919003
vt 0.484613 0.926507
vt 0.485786 0.926507
vt 0.484613 0.934011
vt 0.485786 0.934011
vt 0.338572 0.942276
vt 0.338572 0.923691
vt 0.339509 0.922019
vt 0.339509 0.940604
vt 0.284647 0.878328
vt 0.287059 0.878328
vt 0.338572 0.905106
vt 0.339509 0.903434
vt 0.338572 0.960861
vt 0.339509 0.959189
vt 0.215444 0.735324
vt 0.229483 0.722891
vt 0.229483 0.786694
vt 0.222358 0.823523
vt 0.201405 0.747757
vt 0.210759 0.803276
vt 0.280134 0.757406
vt 0.280140 0.702266
vt 0.281038 0.702266
vt 0.281032 0.757406
vt 0.282833 0.699485
vt 0.282837 0.751845
vt 0.281939 0.751844
vt 0.281936 0.699485
vt 0.277431 0.647126
vt 0.277427 0.706782
vt 0.274727 0.706783
vt 0.274730 0.647126
vt 0.277431 0.766439
vt 0.274730 0.766439
vt 0.269320 0.770522
vt 0.269326 0.708825
vt 0.272027 0.708825
vt 0.272020 0.770524
vt 0.274727 0.708825
vt 0.274727 0.770522
vt 0.272027 0.770524
vt 0.272027 0.708825
vt 0.136307 0.647753
vt 0.098107 0.679724
vt 0.092783 0.671328
vt 0.136307 0.633545
vt 0.193940 0.750319
vt 0.174507 0.679724
vt 0.179830 0.671328
vt 0.201575 0.750319
vt 0.078674 0.750319
vt 0.071039 0.750319
vt 0.146493 0.751035
vt 0.142059 0.870459
vt 0.099820 0.834437
vt 0.078225 0.752919
vt 0.205486 0.749407
vt 0.184171 0.832109
vt 0.281936 0.702266
vt 0.281936 0.757406
vt 0.281038 0.757406
vt 0.281038 0.702266
vt 0.282837 0.647126
vt 0.281939 0.647126
vt 0.137041 0.742828
vt 0.137041 0.748224
vt 0.136465 0.748224
vt 0.136465 0.742828
vt 0.136465 0.739021
vt 0.137041 0.739021
vt 0.138426 0.739021
vt 0.138426 0.742828
vt 0.134995 0.742828
vt 0.134995 0.739021
vt 0.137041 0.772027
vt 0.136465 0.772027
vt 0.136465 0.766631
vt 0.137041 0.766631
vt 0.137041 0.775834
vt 0.136465 0.775834
vt 0.138426 0.772027
vt 0.138426 0.775834
vt 0.134995 0.775834
vt 0.134995 0.772027
vt 0.141527 0.774975
vt 0.141527 0.784033
vt 0.141302 0.784033
vt 0.141302 0.774975
vt 0.139774 0.767156
vt 0.139774 0.775689
vt 0.139549 0.775689
vt 0.139549 0.767156
vt 0.130017 0.774347
vt 0.130017 0.778154
vt 0.129792 0.778154
vt 0.129792 0.774347
vt 0.138650 0.772552
vt 0.138650 0.777949
vt 0.138426 0.777949
vt 0.138426 0.772552
vt 0.129567 0.774347
vt 0.129567 0.778154
vt 0.129343 0.778154
vt 0.129343 0.774347
vt 0.141527 0.771430
vt 0.141302 0.771430
vt 0.139100 0.767156
vt 0.139100 0.776214
vt 0.138875 0.776214
vt 0.138875 0.767156
vt 0.138875 0.767156
vt 0.138875 0.772552
vt 0.138650 0.772552
vt 0.138650 0.767156
vt 0.141527 0.762897
vt 0.141302 0.762897
vt 0.834111 0.864214
vt 0.834111 0.881941
vt 0.830625 0.864214
vt 0.813222 0.887179
vt 0.316858 0.870107
vt 0.321629 0.860711
vt 0.820196 0.838403
vt 0.324475 0.876642
vt 0.834111 0.838403
vt 0.369410 0.651755
vt 0.368203 0.639067
vt 0.368203 0.590913
vt 0.369410 0.583224
vt 0.673459 0.897288
vt 0.668906 0.893381
vt 0.668906 0.914777
vt 0.668066 0.917817
vt 0.671169 0.927441
vt 0.671322 0.936035
vt 0.676777 0.925290
vt 0.676473 0.921269
vt 0.679524 0.902492
vt 0.674971 0.898585
vt 0.370618 0.590913
vt 0.370618 0.639067
vt 0.672681 0.928739
vt 0.870315 0.883620
vt 0.867676 0.883620
vt 0.867676 0.869187
vt 0.870315 0.869187
vt 0.706261 0.923174
vt 0.705867 0.923174
vt 0.705869 0.896017
vt 0.706263 0.896018
vt 0.781336 0.880829
vt 0.781336 0.884573
vt 0.770460 0.874135
vt 0.771825 0.871702
vt 0.792212 0.874135
vt 0.790845 0.871702
vt 0.705388 0.901926
vt 0.705076 0.901926
vt 0.859735 0.848174
vt 0.862269 0.848174
vt 0.705867 0.901926
vt 0.705473 0.901926
vt 0.857096 0.848174
vt 0.706263 0.941825
vt 0.705950 0.941825
vt 0.867782 0.848174
vt 0.323365 0.625006
vt 0.325416 0.625006
vt 0.267204 0.629354
vt 0.267204 0.657571
vt 0.265154 0.657571
vt 0.265154 0.629354
vt 0.323365 0.603302
vt 0.321314 0.625006
vt 0.321314 0.603302
vt 0.363026 0.618481
vt 0.363090 0.638685
vt 0.265154 0.544703
vt 0.262019 0.544703
vt 0.262019 0.516486
vt 0.265154 0.516486
vt 0.341400 0.663302
vt 0.340050 0.665849
vt 0.340050 0.639720
vt 0.341400 0.637173
vt 0.362771 0.537665
vt 0.321314 0.538190
vt 0.318180 0.538190
vt 0.318180 0.516486
vt 0.321314 0.516486
vt 0.318180 0.625006
vt 0.318180 0.603302
vt 0.318180 0.581598
vt 0.321314 0.581598
vt 0.318180 0.559894
vt 0.321314 0.559894
vt 0.262019 0.657571
vt 0.258586 0.657571
vt 0.258586 0.629354
vt 0.262019 0.629354
vt 0.314747 0.538190
vt 0.314747 0.516486
vt 0.256687 0.680850
vt 0.259957 0.680850
vt 0.259957 0.692388
vt 0.258586 0.544703
vt 0.258586 0.516486
vt 0.262019 0.601137
vt 0.265154 0.601137
vt 0.262019 0.572920
vt 0.265154 0.572920
vt 0.362835 0.557869
vt 0.362899 0.578073
vt 0.362963 0.598277
vt 0.323365 0.516486
vt 0.323365 0.538190
vt 0.323365 0.559894
vt 0.323365 0.581598
vt 0.267204 0.516486
vt 0.267204 0.544703
vt 0.267204 0.572920
vt 0.267204 0.601137
vt 0.273356 0.601137
vt 0.273356 0.629354
vt 0.269255 0.629354
vt 0.269255 0.601137
vt 0.273356 0.572920
vt 0.269255 0.572920
vt 0.273356 0.544703
vt 0.269255 0.544703
vt 0.269255 0.516486
vt 0.329517 0.581598
vt 0.329517 0.603302
vt 0.325416 0.603302
vt 0.325416 0.581598
vt 0.329517 0.559894
vt 0.325416 0.559894
vt 0.329517 0.538190
vt 0.325416 0.538190
vt 0.329517 0.516486
vt 0.325416 0.516486
vt 0.329517 0.625006
vt 0.273356 0.657571
vt 0.269255 0.657571
vt 0.260788 0.692388
vt 0.260788 0.700558
vt 0.353833 0.647129
vt 0.353833 0.667334
vt 0.355451 0.670310
vt 0.355451 0.650105
vt 0.314683 0.687927
vt 0.314683 0.697211
vt 0.312633 0.697211
vt 0.312633 0.687927
vt 0.388549 0.944606
vt 0.388549 0.948566
vt 0.388261 0.948566
vt 0.388261 0.944606
vt 0.401214 0.943140
vt 0.401214 0.947101
vt 0.400926 0.947101
vt 0.400926 0.943140
vt 0.350599 0.668833
vt 0.348548 0.668833
vt 0.348548 0.647129
vt 0.322886 0.687927
vt 0.322886 0.696168
vt 0.320835 0.696168
vt 0.320835 0.687927
vt 0.348548 0.673258
vt 0.346921 0.650197
vt 0.353833 0.693490
vt 0.352216 0.690515
vt 0.353833 0.673285
vt 0.316734 0.697204
vt 0.316734 0.687927
vt 0.318785 0.687927
vt 0.318785 0.697204
vt 0.268923 0.657571
vt 0.268923 0.683700
vt 0.265669 0.683700
vt 0.264042 0.686768
vt 0.264042 0.660639
vt 0.265669 0.657571
vt 0.320835 0.697204
vt 0.316734 0.697211
vt 0.267296 0.660639
vt 0.267296 0.686768
vt 0.355451 0.690515
vt 0.350598 0.701660
vt 0.350599 0.693490
vt 0.255375 0.544703
vt 0.255375 0.516486
vt 0.255375 0.629354
vt 0.255375 0.601137
vt 0.258586 0.601137
vt 0.273356 0.646158
vt 0.273356 0.635363
vt 0.285822 0.635363
vt 0.285822 0.646158
vt 0.314747 0.581598
vt 0.311535 0.581598
vt 0.311535 0.559894
vt 0.314747 0.559894
vt 0.314747 0.625006
vt 0.311535 0.625006
vt 0.311535 0.603302
vt 0.314747 0.603302
vt 0.334866 0.681108
vt 0.332950 0.677583
vt 0.332950 0.657378
vt 0.268892 0.698306
vt 0.268892 0.686768
vt 0.336782 0.681108
vt 0.338699 0.677583
vt 0.338699 0.697788
vt 0.336782 0.701313
vt 0.341400 0.715559
vt 0.340050 0.718106
vt 0.340050 0.691977
vt 0.341400 0.689430
vt 0.273356 0.657696
vt 0.285822 0.657696
vt 0.379563 0.646481
vt 0.291910 0.670704
vt 0.291910 0.648997
vt 0.291910 0.632881
vt 0.255375 0.657571
vt 0.311535 0.538190
vt 0.311535 0.516486
vt 0.258586 0.572920
vt 0.255375 0.572920
vt 0.378824 0.596967
vt 0.378824 0.568760
vt 0.285822 0.632881
vt 0.254636 0.629354
vt 0.254636 0.601137
vt 0.378824 0.625174
vt 0.291910 0.738100
vt 0.291171 0.738100
vt 0.291171 0.731955
vt 0.291910 0.731955
vt 0.254636 0.572920
vt 0.378824 0.646481
vt 0.291171 0.670704
vt 0.291171 0.648997
vt 0.254636 0.544703
vt 0.291171 0.632881
vt 0.379563 0.522682
vt 0.378824 0.522682
vt 0.378824 0.516486
vt 0.379563 0.516486
vt 0.291910 0.692411
vt 0.291171 0.692411
vt 0.254636 0.516486
vt 0.371507 0.546111
vt 0.377423 0.516486
vt 0.376930 0.525505
vt 0.333339 0.537861
vt 0.332588 0.541157
vt 0.329517 0.517154
vt 0.331393 0.522652
vt 0.330957 0.516486
vt 0.372456 0.560769
vt 0.371534 0.563460
vt 0.344870 0.628004
vt 0.344870 0.637173
vt 0.341799 0.613169
vt 0.342551 0.609872
vt 0.338729 0.589165
vt 0.339480 0.585868
vt 0.335658 0.565161
vt 0.336409 0.561864
vt 0.377337 0.636224
vt 0.376642 0.642435
vt 0.375365 0.622692
vt 0.376287 0.620001
vt 0.374088 0.602948
vt 0.375010 0.600257
vt 0.372811 0.583204
vt 0.373733 0.580513
vt 0.377423 0.642552
vt 0.310797 0.538190
vt 0.254636 0.657571
vt 0.378824 0.540553
vt 0.379563 0.540553
vt 0.310797 0.559894
vt 0.272916 0.695660
vt 0.272177 0.695660
vt 0.272177 0.657571
vt 0.272916 0.657571
vt 0.291171 0.714119
vt 0.291910 0.714119
vt 0.310797 0.581598
vt 0.310797 0.603302
vt 0.332950 0.702285
vt 0.329517 0.702285
vt 0.329517 0.680581
vt 0.332950 0.680581
vt 0.332950 0.658877
vt 0.329517 0.658877
vt 0.329517 0.637173
vt 0.332950 0.637173
vt 0.260788 0.698306
vt 0.260788 0.686768
vt 0.336782 0.660903
vt 0.338699 0.657378
vt 0.332950 0.637173
vt 0.334866 0.640698
vt 0.334866 0.701313
vt 0.332950 0.697788
vt 0.336782 0.640698
vt 0.338699 0.637173
vt 0.396041 0.944491
vt 0.395559 0.944491
vt 0.395559 0.940530
vt 0.396041 0.940530
vt 0.396041 0.948451
vt 0.395559 0.948451
vt 0.396041 0.952411
vt 0.395559 0.952411
vt 0.341400 0.663302
vt 0.342751 0.665849
vt 0.342751 0.691977
vt 0.270910 0.686768
vt 0.270910 0.698306
vt 0.342751 0.718106
vt 0.342751 0.639720
vt 0.266306 0.819909
vt 0.264050 0.819909
vt 0.272361 0.899032
vt 0.272361 0.917397
vt 0.270920 0.917397
vt 0.270920 0.899032
vt 0.294156 0.834536
vt 0.294156 0.819909
vt 0.295597 0.819909
vt 0.295597 0.834536
vt 0.323100 0.837027
vt 0.314417 0.841897
vt 0.323189 0.819909
vt 0.270920 0.839690
vt 0.268718 0.839690
vt 0.268718 0.819909
vt 0.270920 0.819909
vt 0.340446 0.942276
vt 0.341384 0.940604
vt 0.341384 0.959189
vt 0.340446 0.960861
vt 0.292716 0.819909
vt 0.295597 0.876503
vt 0.297799 0.876503
vt 0.297799 0.819909
vt 0.297799 0.834536
vt 0.297799 0.849163
vt 0.295597 0.849163
vt 0.297799 0.862860
vt 0.295597 0.862860
vt 0.268718 0.917397
vt 0.266306 0.917397
vt 0.266306 0.899032
vt 0.268718 0.899032
vt 0.300211 0.876503
vt 0.275369 0.946101
vt 0.273072 0.946101
vt 0.275369 0.937995
vt 0.266306 0.839690
vt 0.268718 0.879251
vt 0.270920 0.879251
vt 0.268718 0.859470
vt 0.270920 0.859470
vt 0.323189 0.911367
vt 0.317072 0.897296
vt 0.317010 0.882933
vt 0.323166 0.892782
vt 0.316949 0.868569
vt 0.323144 0.874197
vt 0.315716 0.855205
vt 0.323122 0.855612
vt 0.294156 0.876503
vt 0.294156 0.862860
vt 0.294156 0.849163
vt 0.272361 0.819909
vt 0.272361 0.839690
vt 0.272361 0.859470
vt 0.272361 0.879251
vt 0.276683 0.879251
vt 0.276683 0.899032
vt 0.273801 0.899032
vt 0.273801 0.879251
vt 0.276683 0.859470
vt 0.273801 0.859470
vt 0.276683 0.839690
vt 0.273801 0.839690
vt 0.273801 0.819909
vt 0.289834 0.849163
vt 0.289834 0.834536
vt 0.292716 0.834536
vt 0.292716 0.849163
vt 0.289834 0.862860
vt 0.292716 0.862860
vt 0.289834 0.876503
vt 0.292716 0.876503
vt 0.276683 0.917397
vt 0.273801 0.917397
vt 0.305867 0.955570
vt 0.305867 0.961734
vt 0.304426 0.961734
vt 0.304426 0.955570
vt 0.327318 0.951594
vt 0.328218 0.948611
vt 0.328218 0.962617
vt 0.327318 0.965600
vt 0.276492 0.939941
vt 0.276492 0.954306
vt 0.275369 0.952360
vt 0.267428 0.958161
vt 0.267428 0.951638
vt 0.268868 0.951638
vt 0.268868 0.958161
vt 0.302467 0.819909
vt 0.300211 0.819909
vt 0.475043 0.962635
vt 0.475043 0.953014
vt 0.475743 0.953014
vt 0.475743 0.962635
vt 0.474342 0.962635
vt 0.474342 0.953014
vt 0.263531 0.951805
vt 0.263531 0.937177
vt 0.264972 0.951805
vt 0.267428 0.937995
vt 0.302986 0.961767
vt 0.304426 0.955570
vt 0.304426 0.961767
vt 0.269685 0.919410
vt 0.270814 0.917397
vt 0.270814 0.935982
vt 0.269685 0.937995
vt 0.329117 0.965600
vt 0.329117 0.951593
vt 0.313479 0.952581
vt 0.313479 0.959099
vt 0.312038 0.959099
vt 0.270309 0.960503
vt 0.271750 0.954306
vt 0.271750 0.960503
vt 0.271943 0.937995
vt 0.271943 0.919410
vt 0.274201 0.919410
vt 0.275330 0.917397
vt 0.275330 0.935982
vt 0.274201 0.937995
vt 0.311067 0.953334
vt 0.311067 0.959851
vt 0.309627 0.959851
vt 0.309627 0.953334
vt 0.263531 0.958327
vt 0.264972 0.958327
vt 0.276459 0.937995
vt 0.276459 0.919410
vt 0.274195 0.960466
vt 0.273072 0.962411
vt 0.273072 0.948046
vt 0.274195 0.946101
vt 0.307308 0.961734
vt 0.264050 0.839690
vt 0.264050 0.899032
vt 0.264050 0.879251
vt 0.266306 0.879251
vt 0.300211 0.849163
vt 0.302467 0.849163
vt 0.302467 0.862860
vt 0.300211 0.862860
vt 0.302467 0.834536
vt 0.300211 0.834536
vt 0.316899 0.925291
vt 0.318071 0.928419
vt 0.317278 0.939225
vt 0.329117 0.948611
vt 0.330728 0.948611
vt 0.330728 0.956717
vt 0.329117 0.956717
vt 0.322002 0.925291
vt 0.320830 0.928419
vt 0.321278 0.914494
vt 0.340446 0.905106
vt 0.341384 0.903434
vt 0.341384 0.922019
vt 0.340446 0.923691
vt 0.346353 0.889611
vt 0.350549 0.879662
vt 0.351071 0.890182
vt 0.347081 0.903434
vt 0.342847 0.823117
vt 0.351645 0.826388
vt 0.350923 0.837729
vt 0.343458 0.834712
vt 0.350351 0.851602
vt 0.344423 0.853011
vt 0.349847 0.865492
vt 0.345388 0.871311
vt 0.264050 0.917397
vt 0.302467 0.876503
vt 0.266306 0.859470
vt 0.264050 0.859470
vt 0.341384 0.936649
vt 0.341903 0.936649
vt 0.341903 0.955571
vt 0.341384 0.955571
vt 0.263531 0.819909
vt 0.263531 0.899032
vt 0.263531 0.879251
vt 0.341384 0.917728
vt 0.341903 0.917728
vt 0.342940 0.969063
vt 0.342422 0.969063
vt 0.342422 0.964734
vt 0.342940 0.964734
vt 0.263531 0.859470
vt 0.341384 0.903435
vt 0.342940 0.929970
vt 0.342422 0.929970
vt 0.342422 0.914741
vt 0.342940 0.914741
vt 0.263531 0.839690
vt 0.342940 0.903435
vt 0.341384 0.986480
vt 0.341903 0.986480
vt 0.341903 0.989725
vt 0.341384 0.989725
vt 0.342940 0.942581
vt 0.342422 0.942581
vt 0.351645 0.821963
vt 0.352591 0.841835
vt 0.351645 0.840441
vt 0.355843 0.819909
vt 0.355768 0.826298
vt 0.331350 0.890480
vt 0.331881 0.888267
vt 0.333983 0.903863
vt 0.332726 0.901308
vt 0.332975 0.904407
vt 0.353692 0.851839
vt 0.353127 0.853914
vt 0.323189 0.826303
vt 0.325362 0.836998
vt 0.324830 0.839212
vt 0.327535 0.854088
vt 0.327003 0.856301
vt 0.329708 0.871177
vt 0.329176 0.873391
vt 0.355596 0.904855
vt 0.355299 0.909421
vt 0.355106 0.895335
vt 0.355670 0.893260
vt 0.354892 0.881347
vt 0.355456 0.879272
vt 0.354609 0.867388
vt 0.355174 0.865312
vt 0.355843 0.909200
vt 0.302986 0.876503
vt 0.263531 0.917397
vt 0.341903 0.974492
vt 0.341384 0.974492
vt 0.302986 0.862860
vt 0.342940 0.903434
vt 0.342422 0.955042
vt 0.342940 0.955042
vt 0.302986 0.849163
vt 0.302986 0.834536
vt 0.312038 0.925994
vt 0.309627 0.925994
vt 0.309627 0.939690
vt 0.312038 0.939690
vt 0.312038 0.953334
vt 0.323189 0.948611
vt 0.325373 0.948611
vt 0.325373 0.956717
vt 0.323189 0.956717
vt 0.321623 0.939225
vt 0.320450 0.942353
vt 0.317622 0.956446
vt 0.316450 0.953318
vt 0.316450 0.911367
vt 0.317622 0.914494
vt 0.322450 0.953318
vt 0.321278 0.956446
vt 0.509669 0.965466
vt 0.510842 0.965466
vt 0.510842 0.975087
vt 0.509669 0.975087
vt 0.509669 0.955844
vt 0.510842 0.955844
vt 0.509669 0.946223
vt 0.510842 0.946223
vt 0.332251 0.956717
vt 0.332251 0.948611
vt 0.208530 0.647126
vt 0.220129 0.667372
vt 0.201405 0.683955
vt 0.280134 0.647126
vt 0.281032 0.647126
vt 0.282840 0.699486
vt 0.283738 0.699485
vt 0.283735 0.751844
vt 0.277431 0.647126
vt 0.280131 0.647126
vt 0.280134 0.706783
vt 0.277434 0.706782
vt 0.280131 0.766439
vt 0.277431 0.766439
vt 0.269320 0.647128
vt 0.272020 0.647126
vt 0.272027 0.647126
vt 0.274727 0.647128
vt 0.136307 0.852884
vt 0.136307 0.867092
vt 0.092783 0.829310
vt 0.098107 0.820913
vt 0.179830 0.829310
vt 0.174507 0.820913
vt 0.099540 0.670217
vt 0.141652 0.631867
vt 0.183891 0.667890
vt 0.281038 0.647126
vt 0.281936 0.647126
vt 0.283735 0.647126
vt 0.137041 0.753621
vt 0.136465 0.753621
vt 0.137041 0.757428
vt 0.136465 0.757428
vt 0.138426 0.753621
vt 0.138426 0.757428
vt 0.134995 0.757428
vt 0.134995 0.753621
vt 0.137041 0.761235
vt 0.136465 0.761235
vt 0.138426 0.761235
vt 0.134995 0.761235
vt 0.141116 0.773224
vt 0.140891 0.773224
vt 0.140891 0.764165
vt 0.141116 0.764165
vt 0.139325 0.775689
vt 0.139325 0.767156
vt 0.138426 0.767156
vt 0.138650 0.767156
vt 0.130241 0.778154
vt 0.130241 0.774347
vt 0.141116 0.776768
vt 0.140891 0.776768
vt 0.139325 0.776214
vt 0.138875 0.777949
vt 0.138650 0.777949
vt 0.141116 0.785302
vt 0.140891 0.785302
vt 0.323189 0.918934
vt 0.332784 0.918934
vt 0.332784 0.923776
vt 0.323189 0.923776
vt 0.323189 0.904407
vt 0.332784 0.914092
vt 0.323189 0.914092
vt 0.268173 0.819909
vt 0.266852 0.819909
vt 0.336843 0.538868
vt 0.336956 0.521039
vt 0.342873 0.535948
vt 0.342830 0.549501
vt 0.336297 0.624626
vt 0.336392 0.609673
vt 0.342654 0.604264
vt 0.342606 0.619263
vt 0.336542 0.586071
vt 0.342713 0.586010
vt 0.336693 0.562469
vt 0.342771 0.567755
vt 0.336554 0.630287
vt 0.342873 0.624915
vt 0.348904 0.538868
vt 0.342917 0.549501
vt 0.348790 0.521039
vt 0.349450 0.624626
vt 0.343141 0.619263
vt 0.343093 0.604264
vt 0.349355 0.609673
vt 0.343034 0.586010
vt 0.349205 0.586071
vt 0.342976 0.567755
vt 0.349054 0.562469
vt 0.349193 0.630287
vt 0.332784 0.931178
vt 0.323189 0.931178
vt 0.332784 0.939283
vt 0.332784 0.946867
vt 0.323189 0.946867
vt 0.323189 0.939283
vt 0.332784 0.948611
vt 0.325194 0.923776
vt 0.330778 0.923776
vt 0.325194 0.923776
vt 0.268173 0.819909
vt 0.266852 0.819909
vt 0.285822 0.675124
vt 0.273356 0.675124
vt 0.273356 0.668231
vt 0.285822 0.668231
vt 0.285822 0.695801
vt 0.273356 0.682016
vt 0.285822 0.682016
vt 0.303872 0.904553
vt 0.309103 0.897296
vt 0.303887 0.891356
vt 0.303008 0.892782
vt 0.309164 0.882933
vt 0.308285 0.884279
vt 0.308241 0.894502
vt 0.303903 0.878192
vt 0.300279 0.628533
vt 0.298229 0.628533
vt 0.296178 0.628533
vt 0.292077 0.628533
s 0
usemtl Material
f 9/1/1 21/2/1 22/3/1 3/4/1
f 7/5/2 24/6/2 25/7/2 1/8/2
f 11/9/3 10/10/3 2/11/3 8/12/3
f 3/13/4 22/14/4 23/5/4 5/15/4
f 6/16/5 4/17/5 10/10/5 11/9/5
f 1/18/6 25/19/6 21/2/6 9/1/6
f 9/20/7 12/21/7 14/22/7 13/23/7
f 12/24/7 7/25/7 15/26/7 14/27/7
f 7/25/7 1/28/7 16/29/7 15/26/7
f 1/28/7 9/30/7 13/31/7 16/29/7
f 3/32/7 5/33/7 18/34/7 17/35/7
f 5/33/7 12/24/7 19/36/7 18/34/7
f 12/21/7 9/20/7 20/37/7 19/38/7
f 9/30/7 3/32/7 17/35/7 20/39/7
f 22/40/1 21/41/1 26/42/1 27/43/1
f 10/44/8 4/45/8 32/46/8 31/47/8
f 31/48/5 32/49/5 27/50/5 26/51/5
f 34/52/9 35/53/9 30/54/9 29/55/9
f 32/49/5 33/56/5 28/57/5 27/50/5
f 35/53/10 31/48/10 26/51/10 30/54/10
f 8/58/11 2/59/11 35/60/11 34/61/11
f 25/62/2 24/63/2 29/64/2 30/65/2
f 4/66/12 6/67/12 33/61/12 32/68/12
f 23/63/4 22/62/4 27/69/4 28/70/4
f 2/71/13 10/44/13 31/47/13 35/72/13
f 21/41/6 25/73/6 30/74/6 26/42/6
f 72/75/14 84/76/14 859/76/14 865/75/14
f 95/77/15 55/78/15 43/79/15 86/80/15
f 86/81/16 43/82/16 41/83/16 87/84/16
f 91/85/17 63/86/17 37/87/17 84/76/17
f 48/88/7 42/89/7 40/90/7 59/91/7
f 52/92/15 39/93/15 45/94/15 64/95/15
f 65/96/5 64/97/5 184/98/5 185/99/5
f 41/83/16 43/82/16 47/100/16 46/101/16
f 36/102/14 72/75/14 865/75/14 858/102/14
f 60/103/17 41/104/17 46/105/17 68/106/17
f 37/87/17 63/86/17 71/107/17 44/108/17
f 63/86/17 62/109/17 70/110/17 71/107/17
f 62/109/17 61/111/17 69/112/17 70/110/17
f 61/111/17 60/103/17 68/106/17 69/112/17
f 47/113/15 67/114/15 114/115/15 115/116/15
f 68/106/17 46/105/17 116/117/17 121/118/17
f 117/119/18 71/120/18 179/121/18 180/122/18
f 64/95/15 45/94/15 113/123/15 118/124/15
f 43/79/15 55/78/15 67/114/15 47/113/15
f 55/78/15 54/125/15 66/126/15 67/114/15
f 54/125/15 53/127/15 65/128/15 66/126/15
f 53/127/15 52/92/15 64/95/15 65/128/15
f 38/129/7 51/130/7 56/131/7 36/132/7
f 51/130/7 50/133/7 57/134/7 56/131/7
f 50/133/7 49/135/7 58/136/7 57/134/7
f 49/135/7 48/88/7 59/91/7 58/136/7
f 87/137/17 41/104/17 60/103/17 88/138/17
f 88/138/17 60/103/17 61/111/17 89/139/17
f 89/139/17 61/111/17 62/109/17 90/140/17
f 90/140/17 62/109/17 63/86/17 91/85/17
f 85/141/15 39/93/15 52/92/15 92/142/15
f 92/142/15 52/92/15 53/127/15 93/143/15
f 93/143/15 53/127/15 54/125/15 94/144/15
f 94/144/15 54/125/15 55/78/15 95/77/15
f 49/145/15 82/146/15 83/147/15 48/148/15
f 50/149/15 81/150/15 82/146/15 49/145/15
f 51/151/15 80/152/15 81/150/15 50/149/15
f 38/153/15 73/154/15 80/152/15 51/151/15
f 57/155/17 78/156/17 79/157/17 56/158/17
f 58/159/17 77/160/17 78/156/17 57/155/17
f 59/161/17 76/162/17 77/160/17 58/159/17
f 40/163/17 75/164/17 76/162/17 59/161/17
f 56/158/17 79/157/17 72/75/17 36/102/17
f 42/165/16 74/166/16 75/167/16 40/168/16
f 48/148/15 83/147/15 74/169/15 42/163/15
f 38/129/7 36/132/7 858/132/7 857/129/7
f 95/170/19 83/171/19 111/172/19 110/173/19
f 81/150/15 93/143/15 94/144/15 82/146/15
f 77/174/5 76/175/5 97/176/5 99/177/5
f 73/154/15 85/141/15 92/142/15 80/152/15
f 90/178/7 91/179/7 102/180/7 100/181/7
f 77/160/17 89/139/17 90/140/17 78/156/17
f 82/182/20 94/183/20 108/184/20 109/185/20
f 75/164/17 87/137/17 88/138/17 76/162/17
f 79/157/17 91/85/17 84/76/17 72/75/17
f 74/166/16 86/81/16 87/84/16 75/167/16
f 83/147/15 95/77/15 86/80/15 74/169/15
f 73/154/21 38/153/21 857/153/21 862/154/21
f 109/186/15 108/187/15 110/188/15 111/189/15
f 105/190/15 104/191/15 106/192/15 107/188/15
f 101/193/17 100/194/17 102/195/17 103/196/17
f 97/197/17 96/198/17 98/199/17 99/200/17
f 76/162/22 88/138/22 96/198/22 97/197/22
f 83/201/5 82/202/5 109/203/5 111/204/5
f 88/205/7 89/206/7 98/175/7 96/207/7
f 89/208/18 77/209/18 99/210/18 98/211/18
f 78/156/22 90/140/22 100/194/22 101/193/22
f 94/212/7 95/213/7 110/214/7 108/215/7
f 81/216/5 80/217/5 105/218/5 107/219/5
f 91/220/18 79/221/18 103/222/18 102/223/18
f 80/224/20 92/225/20 104/226/20 105/227/20
f 92/228/7 93/229/7 106/219/7 104/218/7
f 79/230/5 78/231/5 101/232/5 103/233/5
f 93/234/19 81/235/19 107/173/19 106/236/19
f 118/124/15 113/123/15 137/237/15 142/238/15
f 114/115/15 120/239/15 144/240/15 138/241/15
f 113/242/23 112/243/23 136/244/23 137/245/23
f 123/246/17 122/247/17 146/248/17 147/249/17
f 112/243/17 117/250/17 141/251/17 136/244/17
f 122/252/7 123/253/7 181/254/7 183/255/7
f 46/101/16 47/100/16 115/256/16 116/257/16
f 64/258/20 118/259/20 188/260/20 184/261/20
f 69/262/5 68/263/5 176/264/5 177/265/5
f 44/108/17 71/107/17 117/250/17 112/243/17
f 67/266/5 66/267/5 186/268/5 187/269/5
f 45/270/23 44/108/23 112/243/23 113/242/23
f 135/271/17 134/272/17 732/272/17 734/271/17
f 496/273/24 497/274/24 745/274/24 747/273/24
f 134/272/17 133/275/17 730/275/17 732/272/17
f 127/276/15 126/277/15 729/277/15 739/276/15
f 495/278/24 496/273/24 747/273/24 749/278/24
f 117/250/17 123/246/17 147/249/17 141/251/17
f 115/116/15 114/115/15 138/241/15 139/279/15
f 121/118/17 116/117/17 140/280/17 145/281/17
f 119/282/15 118/124/15 142/238/15 143/283/15
f 116/257/16 115/256/16 139/284/16 148/285/16 149/286/16 140/287/16
f 122/247/17 121/118/17 145/281/17 146/248/17
f 120/239/15 119/282/15 143/283/15 144/240/15
f 131/288/25 132/289/25 170/290/25 169/291/25
f 137/245/23 136/244/23 150/292/23 151/293/23
f 138/241/15 144/240/15 159/294/15 152/295/15
f 130/296/25 131/288/25 169/291/25 168/297/25
f 149/298/26 128/299/26 171/300/26 154/301/26
f 144/240/15 143/283/15 158/302/15 159/294/15
f 125/303/25 130/296/25 168/297/25 164/304/25
f 135/271/27 129/305/27 167/306/27 174/307/27
f 143/283/15 142/238/15 157/308/15 158/302/15
f 129/305/27 124/309/27 163/310/27 167/306/27
f 127/276/28 148/311/28 175/312/28 166/313/28
f 134/272/27 135/271/27 174/307/27 173/314/27
f 133/275/17 128/315/17 740/315/17 730/275/17
f 142/238/15 137/237/15 151/316/15 157/308/15
f 163/317/5 164/318/5 151/319/5 150/320/5
f 165/321/5 166/322/5 153/323/5 152/324/5
f 166/322/5 175/325/5 153/323/5
f 167/326/5 163/317/5 150/320/5 156/327/5
f 164/328/5 168/329/5 157/330/5 151/331/5
f 168/329/5 169/332/5 158/333/5 157/330/5
f 169/332/5 170/334/5 159/335/5 158/333/5
f 170/334/5 165/321/5 152/324/5 159/335/5
f 171/336/5 172/337/5 160/338/5 155/339/5
f 172/337/5 173/340/5 161/341/5 160/338/5
f 173/340/5 174/342/5 162/343/5 161/341/5
f 174/342/5 167/326/5 156/327/5 162/343/5
f 154/344/5 171/336/5 155/339/5
f 145/281/17 140/280/17 155/345/17 160/346/17
f 139/279/15 138/241/15 152/295/15 153/347/15
f 132/289/25 126/277/25 165/348/25 170/290/25
f 146/248/17 145/281/17 160/346/17 161/349/17
f 124/350/29 125/351/29 164/352/29 163/353/29
f 140/287/16 149/286/16 154/354/16 155/97/16
f 128/315/27 133/275/27 172/355/27 171/356/27
f 147/249/17 146/248/17 161/349/17 162/357/17
f 126/277/25 127/276/25 166/313/25 165/348/25
f 136/244/17 141/251/17 156/358/17 150/292/17
f 133/275/27 134/272/27 173/314/27 172/355/27
f 148/285/16 139/284/16 153/359/16 175/360/16
f 141/251/17 147/249/17 162/357/17 156/358/17
f 179/361/17 178/362/17 181/363/17 180/364/17
f 177/365/17 176/366/17 182/367/17 183/368/17
f 178/362/17 177/365/17 183/368/17 181/363/17
f 68/106/22 121/118/22 182/367/22 176/366/22
f 70/369/5 69/262/5 177/265/5 178/370/5
f 123/253/7 117/371/7 180/372/7 181/254/7
f 121/373/7 122/252/7 183/255/7 182/374/7
f 71/375/5 70/369/5 178/370/5 179/376/5
f 185/377/15 184/378/15 188/379/15 189/380/15
f 186/381/15 185/377/15 189/380/15 190/382/15
f 187/383/15 186/381/15 190/382/15 191/384/15
f 119/385/7 120/386/7 190/387/7 189/388/7
f 66/267/5 65/96/5 185/99/5 186/268/5
f 114/389/19 67/390/19 187/391/19 191/165/19
f 120/386/7 114/392/7 191/393/7 190/387/7
f 118/394/7 119/385/7 189/388/7 188/395/7
f 240/396/30 193/397/30 195/398/30 241/399/30
f 251/400/31 211/401/31 199/402/31 242/403/31
f 242/403/16 199/402/16 197/404/16 243/405/16
f 247/406/32 219/407/32 193/408/32 240/409/32
f 204/410/5 198/411/5 196/412/5 215/413/5
f 208/414/33 195/415/33 201/416/33 220/417/33
f 221/418/7 220/419/7 340/420/7 341/421/7
f 197/404/16 199/402/16 203/422/16 202/423/16
f 195/398/30 193/397/30 200/424/30 201/425/30
f 216/426/34 197/427/34 202/428/34 224/429/34
f 193/408/32 219/407/32 227/430/32 200/431/32
f 219/407/32 218/432/32 226/433/32 227/430/32
f 218/432/35 217/434/35 225/435/35 226/433/35
f 217/434/36 216/426/36 224/429/36 225/435/36
f 203/422/31 223/436/31 270/437/31 271/438/31
f 224/429/34 202/428/34 272/439/34 277/440/34
f 273/441/37 227/442/37 335/443/37 336/444/37
f 220/417/33 201/416/33 269/445/33 274/446/33
f 199/402/31 211/401/31 223/436/31 203/422/31
f 211/401/33 210/447/33 222/448/33 223/436/33
f 210/447/33 209/449/33 221/450/33 222/448/33
f 209/449/33 208/414/33 220/417/33 221/450/33
f 212/451/38 192/452/38 800/452/38 798/451/38
f 206/453/39 213/454/39 802/454/39 801/453/39
f 794/455/5 205/456/5 214/457/5 796/458/5
f 205/456/5 204/410/5 215/413/5 214/457/5
f 243/459/34 197/427/34 216/426/34 244/460/34
f 244/460/36 216/426/36 217/434/36 245/461/36
f 245/461/35 217/434/35 218/432/35 246/462/35
f 246/462/32 218/432/32 219/407/32 247/406/32
f 241/463/33 195/415/33 208/414/33 248/464/33
f 248/464/33 208/414/33 209/449/33 249/465/33
f 249/465/33 209/449/33 210/447/33 250/466/33
f 250/466/33 210/447/33 211/401/33 251/400/33
f 205/467/33 238/468/33 239/469/33 204/470/33
f 794/471/33 237/472/33 238/468/33 205/467/33
f 793/473/33 236/474/33 237/472/33 794/471/33
f 791/475/33 229/476/33 236/474/33 793/473/33
f 796/477/32 234/478/32 235/479/32 795/480/32
f 214/481/35 233/482/35 234/478/35 796/477/35
f 215/483/36 232/484/36 233/482/36 214/481/36
f 196/485/34 231/486/34 232/484/34 215/483/34
f 795/480/32 235/479/32 228/487/32 792/488/32
f 198/489/16 230/490/16 231/491/16 196/492/16
f 204/470/31 239/469/31 230/490/31 198/489/31
f 792/493/30 228/494/30 229/495/30 791/496/30
f 251/400/40 239/469/40 267/497/40 266/498/40
f 237/472/33 249/465/33 250/466/33 238/468/33
f 233/499/7 232/500/7 253/501/7 255/502/7
f 229/476/33 241/463/33 248/464/33 236/474/33
f 246/503/5 247/504/5 258/505/5 256/506/5
f 233/482/35 245/461/35 246/462/35 234/478/35
f 238/507/41 250/508/41 264/509/41 265/510/41
f 231/486/34 243/459/34 244/460/34 232/484/34
f 235/479/32 247/406/32 240/409/32 228/487/32
f 230/490/16 242/403/16 243/405/16 231/491/16
f 239/469/31 251/400/31 242/403/31 230/490/31
f 228/494/30 240/396/30 241/399/30 229/495/30
f 265/511/33 264/512/33 266/513/33 267/514/33
f 261/515/33 260/516/33 262/517/33 263/518/33
f 257/519/32 256/520/32 258/521/32 259/522/32
f 253/523/36 252/524/36 254/525/36 255/526/36
f 232/527/42 244/528/42 252/529/42 253/530/42
f 239/531/7 238/532/7 265/533/7 267/534/7
f 244/535/5 245/536/5 254/537/5 252/538/5
f 245/539/37 233/540/37 255/541/37 254/542/37
f 234/543/42 246/544/42 256/545/42 257/546/42
f 250/532/5 251/531/5 266/547/5 264/548/5
f 237/549/7 236/550/7 261/551/7 263/552/7
f 247/553/37 235/554/37 259/555/37 258/507/37
f 236/508/41 248/556/41 260/557/41 261/509/41
f 248/550/5 249/549/5 262/558/5 260/559/5
f 235/560/7 234/561/7 257/562/7 259/543/7
f 249/465/40 237/472/40 263/563/40 262/564/40
f 274/446/33 269/445/33 293/565/33 298/566/33
f 270/437/33 276/567/33 300/568/33 294/569/33
f 269/570/30 268/571/30 292/572/30 293/573/30
f 279/574/35 278/575/35 302/576/35 303/577/35
f 268/578/32 273/579/32 297/580/32 292/581/32
f 278/582/5 279/583/5 337/584/5 339/585/5
f 202/423/16 203/422/16 271/438/16 272/586/16
f 220/587/41 274/588/41 344/589/41 340/590/41
f 225/591/7 224/592/7 332/593/7 333/594/7
f 200/431/32 227/430/32 273/579/32 268/578/32
f 223/595/7 222/596/7 342/597/7 343/598/7
f 201/425/30 200/424/30 268/571/30 269/570/30
f 286/599/7 281/600/7 280/601/7 285/602/7
f 283/603/7 282/604/7 289/605/7 284/606/7
f 282/604/7 288/607/7 290/608/7 289/605/7
f 288/607/7 287/609/7 291/610/7 290/608/7
f 287/609/7 286/599/7 285/602/7 291/610/7
f 273/579/32 279/574/32 303/577/32 297/580/32
f 271/438/31 270/437/31 294/569/31 295/611/31
f 277/440/34 272/439/34 296/612/34 301/613/34
f 275/614/33 274/446/33 298/566/33 299/615/33
f 272/586/16 271/438/16 295/611/16 304/616/16 305/617/16 296/618/16
f 278/575/36 277/440/36 301/613/36 302/576/36
f 276/567/33 275/614/33 299/615/33 300/568/33
f 287/619/43 288/620/43 326/621/43 325/622/43
f 293/573/30 292/572/30 306/623/30 307/624/30
f 294/569/33 300/568/33 315/625/33 308/626/33
f 286/627/43 287/619/43 325/622/43 324/628/43
f 305/629/44 284/630/44 327/631/44 310/632/44
f 300/568/33 299/615/33 314/633/33 315/625/33
f 281/634/43 286/627/43 324/628/43 320/635/43
f 291/636/45 285/637/45 323/638/45 330/639/45
f 299/615/33 298/566/33 313/640/33 314/633/33
f 285/637/45 280/641/45 319/642/45 323/638/45
f 283/643/46 304/644/46 331/645/46 322/646/46
f 290/647/47 291/648/47 330/649/47 329/650/47
f 304/651/7 283/603/7 284/606/7 305/652/7
f 298/566/33 293/565/33 307/653/33 313/640/33
f 319/654/7 320/655/7 307/534/7 306/656/7
f 321/657/7 322/658/7 309/659/7 308/660/7
f 322/658/7 331/661/7 309/659/7
f 323/662/7 319/663/7 306/664/7 312/665/7
f 320/666/7 324/667/7 313/668/7 307/669/7
f 324/667/7 325/670/7 314/671/7 313/668/7
f 325/670/7 326/672/7 315/673/7 314/671/7
f 326/672/7 321/657/7 308/660/7 315/673/7
f 327/674/7 328/675/7 316/676/7 311/677/7
f 328/675/7 329/678/7 317/679/7 316/676/7
f 329/678/7 330/680/7 318/681/7 317/679/7
f 330/680/7 323/662/7 312/665/7 318/681/7
f 310/682/7 327/674/7 311/677/7
f 301/613/34 296/612/34 311/683/34 316/684/34
f 295/611/31 294/569/31 308/626/31 309/685/31
f 288/620/43 282/686/43 321/687/43 326/621/43
f 302/576/36 301/613/36 316/684/36 317/688/36
f 280/689/48 281/690/48 320/691/48 319/692/48
f 296/618/16 305/617/16 310/693/16 311/694/16
f 284/630/49 289/695/49 328/696/49 327/631/49
f 303/577/35 302/576/35 317/688/35 318/697/35
f 282/686/43 283/643/43 322/646/43 321/687/43
f 292/581/32 297/580/32 312/698/32 306/699/32
f 289/695/50 290/647/50 329/650/50 328/696/50
f 304/616/16 295/611/16 309/685/16 331/700/16
f 297/580/32 303/577/32 318/697/32 312/698/32
f 335/701/32 334/702/32 337/703/32 336/704/32
f 333/705/36 332/706/36 338/592/36 339/707/36
f 334/702/35 333/705/35 339/707/35 337/703/35
f 224/708/42 277/709/42 338/710/42 332/522/42
f 226/711/7 225/591/7 333/594/7 334/712/7
f 279/583/5 273/713/5 336/714/5 337/584/5
f 277/715/5 278/582/5 339/585/5 338/716/5
f 227/717/7 226/711/7 334/712/7 335/718/7
f 341/719/33 340/720/33 344/721/33 345/722/33
f 342/723/33 341/719/33 345/722/33 346/724/33
f 343/725/33 342/723/33 346/724/33 347/726/33
f 275/727/5 276/728/5 346/729/5 345/730/5
f 222/596/7 221/418/7 341/421/7 342/597/7
f 270/437/40 223/436/40 343/731/40 347/732/40
f 276/728/5 270/733/5 347/734/5 346/729/5
f 274/735/5 275/727/5 345/730/5 344/736/5
f 353/737/51 351/738/51 348/739/51 352/740/51
f 350/741/7 353/737/7 352/740/7 349/742/7
f 358/743/52 361/744/52 365/745/52 369/746/52
f 359/747/53 358/748/53 369/749/53 367/750/53
f 349/751/54 352/752/54 356/753/54 360/754/54
f 352/752/55 348/755/55 362/756/55 356/753/55
f 348/757/56 351/758/56 354/759/56 362/760/56
f 350/761/57 349/762/57 360/763/57 355/764/57
f 359/765/58 357/766/58 360/767/58 356/768/58
f 361/769/59 358/770/59 362/771/59 354/772/59
f 357/766/5 363/773/5 355/774/5 360/767/5
f 358/770/60 359/765/60 356/768/60 362/771/60
f 364/775/61 367/776/61 369/777/61 365/778/61
f 366/779/5 368/780/5 367/776/5 364/775/5
f 363/781/62 357/782/62 368/783/62 366/784/62
f 357/785/63 359/747/63 367/750/63 368/786/63
f 371/787/64 370/788/64 372/789/64 373/790/64
f 371/787/7 373/790/7 375/791/7 374/792/7
f 371/787/7 374/792/7 377/793/7 376/794/7
f 375/791/7 373/790/7 378/795/7 379/796/7
f 381/797/65 383/798/65 382/799/65 380/800/65
f 381/797/5 384/801/5 385/802/5 383/798/5
f 381/797/5 386/803/5 387/804/5 384/801/5
f 385/802/5 389/805/5 388/806/5 383/798/5
f 375/807/66 379/808/66 389/809/66 385/810/66
f 371/811/16 376/812/16 386/813/16 381/814/16
f 379/815/67 378/816/67 388/817/67 389/818/67
f 370/819/68 371/820/68 381/821/68 380/822/68
f 376/823/68 377/824/68 387/825/68 386/826/68
f 374/827/66 375/807/66 385/810/66 384/828/66
f 378/829/16 373/830/16 383/831/16 388/832/16
f 373/833/67 372/834/67 382/835/67 383/836/67
f 377/837/66 374/827/66 384/828/66 387/838/66
f 394/839/13 392/840/13 405/18/13 404/841/13
f 7/5/12 390/14/12 406/842/12 24/6/12
f 11/9/69 8/12/69 391/843/69 395/844/69
f 392/845/11 5/15/11 23/5/11 405/8/11
f 6/16/5 11/9/5 395/844/5 393/846/5
f 390/847/8 394/839/8 404/841/8 406/4/8
f 394/848/7 396/849/7 397/850/7 12/851/7
f 12/24/7 397/852/7 398/853/7 7/25/7
f 7/25/7 398/853/7 399/854/7 390/855/7
f 390/855/7 399/854/7 396/856/7 394/857/7
f 392/858/7 400/859/7 401/860/7 5/33/7
f 5/33/7 401/860/7 402/861/7 12/24/7
f 12/851/7 402/862/7 403/863/7 394/848/7
f 394/857/7 403/864/7 400/859/7 392/858/7
f 405/865/13 408/866/13 407/867/13 404/868/13
f 395/869/6 410/870/6 411/871/6 393/872/6
f 410/873/5 407/874/5 408/875/5 411/876/5
f 34/52/70 29/55/70 409/877/70 412/878/70
f 411/876/5 408/875/5 28/57/5 33/56/5
f 412/878/71 409/877/71 407/874/71 410/873/71
f 8/58/4 34/61/4 412/879/4 391/880/4
f 406/881/12 409/882/12 29/64/12 24/63/12
f 393/883/2 411/884/2 33/61/2 6/67/2
f 23/63/11 28/70/11 408/885/11 405/881/11
f 391/886/1 412/887/1 410/870/1 395/869/1
f 404/868/8 407/867/8 409/888/8 406/43/8
f 453/889/72 443/890/72 785/890/72 779/889/72
f 462/891/24 86/892/24 43/893/24 426/894/24
f 458/895/73 453/889/73 414/896/73 434/897/73
f 419/88/7 430/898/7 40/899/7 42/89/7
f 423/900/24 435/901/24 418/902/24 416/903/24
f 436/904/5 542/905/5 541/906/5 435/907/5
f 413/908/7 415/129/7 777/129/7 778/908/7
f 431/909/73 439/910/73 46/911/73 41/912/73
f 414/896/73 417/913/73 442/914/73 434/897/73
f 434/897/73 442/914/73 441/915/73 433/916/73
f 433/916/73 441/915/73 440/917/73 432/918/73
f 432/918/73 440/917/73 439/910/73 431/909/73
f 47/919/24 115/920/24 481/921/24 438/922/24
f 439/910/73 486/923/73 116/924/73 46/911/73
f 482/925/74 537/926/74 536/927/74 442/226/74
f 435/901/24 483/928/24 480/929/24 418/902/24
f 43/893/24 47/919/24 438/922/24 426/894/24
f 426/894/24 438/922/24 437/930/24 425/931/24
f 425/931/24 437/930/24 436/932/24 424/933/24
f 424/933/24 436/932/24 435/901/24 423/900/24
f 415/129/7 413/908/7 427/934/7 422/130/7
f 422/130/7 427/934/7 428/935/7 421/133/7
f 421/133/7 428/935/7 429/936/7 420/135/7
f 420/135/7 429/936/7 430/898/7 419/88/7
f 87/937/73 455/938/73 431/909/73 41/912/73
f 455/938/73 456/939/73 432/918/73 431/909/73
f 456/939/73 457/940/73 433/916/73 432/918/73
f 457/940/73 458/895/73 434/897/73 433/916/73
f 454/941/24 459/942/24 423/900/24 416/903/24
f 459/942/24 460/943/24 424/933/24 423/900/24
f 460/943/24 461/944/24 425/931/24 424/933/24
f 461/944/24 462/891/24 426/894/24 425/931/24
f 420/945/24 419/946/24 452/947/24 451/948/24
f 421/949/24 420/945/24 451/948/24 450/950/24
f 422/951/24 421/949/24 450/950/24 449/952/24
f 415/347/24 422/951/24 449/952/24 444/953/24
f 428/954/73 427/955/73 448/956/73 447/957/73
f 429/958/73 428/954/73 447/957/73 446/959/73
f 430/960/73 429/958/73 446/959/73 445/961/73
f 40/962/73 430/960/73 445/961/73 75/963/73
f 427/955/73 413/964/73 443/890/73 448/956/73
f 419/946/24 42/965/24 74/966/24 452/947/24
f 443/890/72 413/964/72 778/964/72 785/890/72
f 462/224/75 477/227/75 478/967/75 452/968/75
f 450/950/24 451/948/24 461/944/24 460/943/24
f 446/174/5 466/969/5 464/970/5 445/175/5
f 444/953/24 449/952/24 459/942/24 454/941/24
f 457/971/7 467/970/7 469/969/7 458/972/7
f 446/959/73 447/957/73 457/940/73 456/939/73
f 451/973/76 476/974/76 475/975/76 461/976/76
f 75/963/73 445/961/73 455/938/73 87/937/73
f 448/956/73 443/890/73 453/889/73 458/895/73
f 452/947/24 74/966/24 86/892/24 462/891/24
f 415/347/77 444/953/77 782/953/77 777/347/77
f 476/977/24 478/978/24 477/979/24 475/980/24
f 472/981/24 474/982/24 473/983/24 471/984/24
f 468/985/73 470/209/73 469/208/73 467/986/73
f 464/177/73 466/985/73 465/986/73 463/987/73
f 445/988/78 464/989/78 463/990/78 455/991/78
f 452/992/5 478/233/5 476/993/5 451/987/5
f 455/994/7 463/995/7 465/175/7 456/996/7
f 456/997/74 465/998/74 466/999/74 446/1000/74
f 447/220/78 468/223/78 467/989/78 457/988/78
f 461/1001/7 475/215/7 477/214/7 462/1002/7
f 450/1003/5 474/1004/5 472/1005/5 449/1006/5
f 458/1000/74 469/999/74 470/991/74 448/1007/74
f 449/998/76 472/1008/76 471/974/76 459/973/76
f 459/1006/7 471/1009/7 473/1010/7 460/1003/7
f 448/996/5 470/971/5 468/1011/5 447/994/5
f 460/1012/75 473/1013/75 474/184/75 450/183/75
f 483/928/24 505/1014/24 502/1015/24 480/929/24
f 481/921/24 503/1016/24 507/1017/24 485/1018/24
f 480/1019/79 502/1020/79 501/1021/79 479/1022/79
f 488/1023/73 510/1024/73 509/1025/73 487/1026/73
f 479/1027/73 501/1028/73 504/1029/73 482/1030/73
f 487/1031/7 540/1032/7 538/1033/7 488/253/7
f 435/1034/76 541/120/76 545/119/76 483/1035/76
f 440/1036/5 534/1037/5 533/1038/5 439/1039/5
f 417/913/73 479/1027/73 482/1030/73 442/914/73
f 438/1040/5 544/1041/5 543/1042/5 437/1043/5
f 418/1044/79 480/1019/79 479/1022/79 417/1045/79
f 125/351/23 124/350/23 737/350/23 738/351/23
f 490/1046/24 495/278/24 749/278/24 752/1046/24
f 126/277/15 132/289/15 731/289/15 729/277/15
f 500/1047/73 494/1048/73 750/1048/73 748/1047/73
f 494/1048/73 489/1049/73 751/1049/73 750/1048/73
f 482/1030/73 504/1029/73 510/1024/73 488/1023/73
f 115/920/24 139/1050/24 503/1016/24 481/921/24
f 486/923/73 508/1051/73 140/1052/73 116/924/73
f 484/1053/24 506/1054/24 505/1014/24 483/928/24
f 487/1026/73 509/1025/73 508/1051/73 486/923/73
f 485/1018/24 507/1017/24 506/1054/24 484/1053/24
f 496/273/80 527/1055/80 528/1056/80 497/274/80
f 502/1020/79 512/316/79 511/1057/79 501/1021/79
f 503/1016/24 513/1058/24 517/1059/24 507/1017/24
f 495/278/80 526/1060/80 527/1055/80 496/273/80
f 149/1061/81 154/1062/81 529/1063/81 493/1064/81
f 507/1017/24 517/1059/24 516/1065/24 506/1054/24
f 490/1046/80 522/1066/80 526/1060/80 495/278/80
f 500/1047/82 532/1067/82 525/1068/82 494/1048/82
f 506/1054/24 516/1065/24 515/1069/24 505/1014/24
f 494/1048/82 525/1068/82 521/1070/82 489/1049/82
f 492/1071/83 524/1072/83 175/1073/83 148/1074/83
f 499/1075/82 531/1076/82 532/1067/82 500/1047/82
f 132/289/15 131/288/15 733/288/15 731/289/15
f 505/1014/24 515/1069/24 512/1077/24 502/1015/24
f 521/1078/5 511/320/5 512/1079/5 522/1080/5
f 523/1081/5 513/1082/5 153/1083/5 524/1084/5
f 524/1084/5 153/1083/5 175/1085/5
f 525/1086/5 514/1087/5 511/320/5 521/1078/5
f 522/1088/5 512/1089/5 515/1090/5 526/1091/5
f 526/1091/5 515/1090/5 516/1092/5 527/1093/5
f 527/1093/5 516/1092/5 517/1094/5 528/1095/5
f 528/1095/5 517/1094/5 513/1082/5 523/1081/5
f 529/1096/5 155/1097/5 518/1098/5 530/1099/5
f 530/1099/5 518/1098/5 519/1100/5 531/1101/5
f 531/1101/5 519/1100/5 520/1102/5 532/1103/5
f 532/1103/5 520/1102/5 514/1087/5 525/1086/5
f 154/1104/5 155/1097/5 529/1096/5
f 508/1051/73 518/1105/73 155/345/73 140/1052/73
f 139/1050/24 153/1106/24 513/1058/24 503/1016/24
f 497/274/80 528/1056/80 523/1107/80 491/1108/80
f 509/1025/73 519/1109/73 518/1105/73 508/1051/73
f 489/1110/84 521/1111/84 522/1112/84 490/1113/84
f 493/1064/82 529/1063/82 530/1114/82 498/1115/82
f 510/1024/73 520/1116/73 519/1109/73 509/1025/73
f 491/1108/80 523/1107/80 524/1072/80 492/1071/80
f 501/1028/73 511/359/73 514/1117/73 504/1029/73
f 498/1115/82 530/1114/82 531/1076/82 499/1075/82
f 504/1029/73 514/1117/73 520/1116/73 510/1024/73
f 536/1118/73 537/1119/73 538/1120/73 535/1121/73
f 534/1122/73 540/1123/73 539/1124/73 533/1125/73
f 535/1121/73 538/1120/73 540/1123/73 534/1122/73
f 439/121/78 533/1126/78 539/1127/78 486/122/78
f 441/1128/5 535/1129/5 534/1037/5 440/1036/5
f 488/253/7 538/1033/7 537/1130/7 482/1131/7
f 486/1132/7 539/1133/7 540/1032/7 487/1031/7
f 442/1134/5 536/1135/5 535/1129/5 441/1128/5
f 542/1136/24 546/1137/24 545/1138/24 541/1139/24
f 543/1140/24 547/1141/24 546/1137/24 542/1136/24
f 544/1142/24 548/1143/24 547/1141/24 543/1140/24
f 484/1144/7 546/1145/7 547/1146/7 485/1043/7
f 437/1043/5 543/1042/5 542/905/5 436/904/5
f 481/1035/75 548/1147/75 544/1148/75 438/1034/75
f 485/1043/7 547/1146/7 548/1149/7 481/1040/7
f 483/907/7 545/1150/7 546/1145/7 484/1144/7
f 616/1151/85 638/1152/85 726/1152/85 770/1151/85
f 598/1153/86 242/1154/86 199/1155/86 562/1156/86
f 594/1157/87 589/1158/87 550/1159/87 570/1160/87
f 555/1161/5 566/1162/5 196/412/5 198/1163/5
f 559/1164/88 571/1165/88 554/1166/88 552/1167/88
f 572/1168/7 678/1169/7 677/1170/7 571/1171/7
f 589/1158/89 579/1172/89 722/1172/89 715/1158/89
f 567/1173/90 575/1174/90 202/428/90 197/427/90
f 550/1159/87 553/1175/87 578/1176/87 570/1160/87
f 570/1160/87 578/1176/87 577/1177/87 569/1178/87
f 569/1178/91 577/1177/91 576/1179/91 568/1180/91
f 568/1180/92 576/1179/92 575/1174/92 567/1173/92
f 203/1181/86 271/1182/86 617/1183/86 574/1184/86
f 575/1174/90 622/1185/90 272/439/90 202/428/90
f 618/1186/93 673/1187/93 672/550/93 578/1188/93
f 571/1165/88 619/1189/88 616/1151/88 554/1166/88
f 199/1155/86 203/1181/86 574/1184/86 562/1156/86
f 562/1156/88 574/1184/88 573/1190/88 561/1191/88
f 561/1191/88 573/1190/88 572/1192/88 560/1193/88
f 560/1193/88 572/1192/88 571/1165/88 559/1164/88
f 551/1194/5 549/1195/5 563/1196/5 558/1197/5
f 558/1197/5 563/1196/5 564/1198/5 557/1199/5
f 557/1199/5 564/1198/5 565/1200/5 556/1201/5
f 556/1201/5 565/1200/5 566/1162/5 555/1161/5
f 243/459/90 591/1202/90 567/1173/90 197/427/90
f 591/1202/92 592/1203/92 568/1180/92 567/1173/92
f 592/1203/91 593/1204/91 569/1178/91 568/1180/91
f 593/1204/87 594/1157/87 570/1160/87 569/1178/87
f 590/1205/88 595/1206/88 559/1164/88 552/1167/88
f 595/1206/88 596/1207/88 560/1193/88 559/1164/88
f 596/1207/88 597/1208/88 561/1191/88 560/1193/88
f 597/1208/88 598/1153/88 562/1156/88 561/1191/88
f 556/1209/88 555/1210/88 588/1211/88 587/1212/88
f 557/1213/88 556/1209/88 587/1212/88 586/1214/88
f 558/1215/88 557/1213/88 586/1214/88 585/1216/88
f 551/475/88 558/1215/88 585/1216/88 580/1217/88
f 564/1218/87 563/1219/87 584/1220/87 583/1221/87
f 565/1222/91 564/1218/91 583/1221/91 582/1223/91
f 566/1224/92 565/1222/92 582/1223/92 581/1225/92
f 196/485/90 566/1224/90 581/1225/90 231/486/90
f 563/1219/87 549/653/87 579/1172/87 584/1220/87
f 555/1210/86 198/1226/86 230/1227/86 588/1211/86
f 549/1195/5 551/1194/5 713/1194/5 714/1195/5
f 598/1228/94 613/1229/94 614/1230/94 588/1231/94
f 586/1214/88 587/1212/88 597/1208/88 596/1207/88
f 582/1232/7 602/1233/7 600/1234/7 581/1235/7
f 580/1217/88 585/1216/88 595/1206/88 590/1205/88
f 593/1188/5 603/1236/5 605/1237/5 594/1238/5
f 582/1223/91 583/1221/91 593/1204/91 592/1203/91
f 587/1239/95 612/1240/95 611/1241/95 597/1242/95
f 231/486/90 581/1225/90 591/1202/90 243/459/90
f 584/1220/87 579/1172/87 589/1158/87 594/1157/87
f 588/1211/86 230/1227/86 242/1154/86 598/1153/86
f 637/1243/89 615/1244/89 724/1244/89 725/1243/89
f 612/1245/88 614/1246/88 613/1247/88 611/1248/88
f 608/1249/88 610/1250/88 609/1246/88 607/1245/88
f 604/1251/87 606/1252/87 605/523/87 603/1253/87
f 600/1240/92 602/1254/92 601/519/92 599/1241/92
f 581/1255/96 600/624/96 599/1256/96 591/1257/96
f 588/1258/7 614/1259/7 612/1260/7 587/1261/7
f 591/1262/5 599/1234/5 601/1233/5 592/1263/5
f 592/1264/93 601/1265/93 602/1266/93 582/701/93
f 583/1267/96 604/505/96 603/1268/96 593/1269/96
f 597/1270/5 611/1260/5 613/1259/5 598/1271/5
f 586/1272/7 610/1273/7 608/1274/7 585/1275/7
f 594/1276/93 605/1277/93 606/1278/93 584/1279/93
f 585/1280/95 608/1251/95 607/1253/95 595/1281/95
f 595/1282/5 607/1274/5 609/1273/5 596/1283/5
f 584/1284/7 606/1285/7 604/1286/7 583/1287/7
f 596/541/94 609/1288/94 610/1229/94 586/1228/94
f 619/1189/88 641/1289/88 638/1152/88 616/1151/88
f 617/1183/88 639/1290/88 643/1291/88 621/1292/88
f 554/1166/85 616/1151/85 770/1151/85 769/1166/85
f 624/1293/91 646/1294/91 645/1295/91 623/1296/91
f 615/1244/87 637/1243/87 640/1297/87 618/1298/87
f 623/1299/5 676/1300/5 674/584/5 624/1301/5
f 571/1302/95 677/1303/95 681/1304/95 619/1305/95
f 576/1306/7 670/1307/7 669/1308/7 575/632/7
f 553/1175/87 615/1244/87 618/1298/87 578/1176/87
f 574/1309/7 680/1310/7 679/1311/7 573/1312/7
f 615/1244/89 553/1175/89 719/1175/89 724/1244/89
f 631/1313/7 630/1314/7 625/1315/7 626/1316/7
f 628/1317/7 629/1318/7 634/1319/7 627/1320/7
f 627/1320/7 634/1319/7 635/1321/7 633/1322/7
f 633/1322/7 635/1321/7 636/1323/7 632/1324/7
f 632/1324/7 636/1323/7 630/1314/7 631/1313/7
f 618/1298/87 640/1297/87 646/1294/87 624/1293/87
f 271/1182/86 295/1325/86 639/1290/86 617/1183/86
f 622/1185/90 644/1326/90 296/612/90 272/439/90
f 620/1327/88 642/1328/88 641/1289/88 619/1189/88
f 623/1296/92 645/1295/92 644/1326/92 622/1185/92
f 621/1292/88 643/1291/88 642/1328/88 620/1327/88
f 632/1329/97 663/1330/97 664/1331/97 633/1332/97
f 638/1152/85 648/1333/85 727/1333/85 726/1152/85
f 639/1290/88 649/1334/88 653/1335/88 643/1291/88
f 631/1336/97 662/1337/97 663/1330/97 632/1329/97
f 305/1338/98 310/1339/98 665/1340/98 629/1341/98
f 643/1291/88 653/1335/88 652/1342/88 642/1328/88
f 626/1343/97 658/635/97 662/1337/97 631/1336/97
f 636/1344/99 668/1345/99 661/1346/99 630/1347/99
f 642/1328/88 652/1342/88 651/1348/88 641/1289/88
f 630/1347/99 661/1346/99 657/634/99 625/1349/99
f 628/1350/100 660/1351/100 331/1352/100 304/1353/100
f 635/1354/101 667/1355/101 668/1345/101 636/1344/101
f 304/651/7 305/1356/7 629/1318/7 628/1317/7
f 641/1289/88 651/1348/88 648/1333/88 638/1152/88
f 657/1357/7 647/1358/7 648/1359/7 658/1360/7
f 659/1361/7 649/1362/7 309/1363/7 660/1364/7
f 660/1364/7 309/1363/7 331/1365/7
f 661/1366/7 650/1367/7 647/1358/7 657/1357/7
f 658/1368/7 648/1163/7 651/1369/7 662/1370/7
f 662/1370/7 651/1369/7 652/1371/7 663/1372/7
f 663/1372/7 652/1371/7 653/1373/7 664/1374/7
f 664/1374/7 653/1373/7 649/1362/7 659/1361/7
f 665/1375/7 311/1376/7 654/1377/7 666/1378/7
f 666/1378/7 654/1377/7 655/1379/7 667/1380/7
f 667/1380/7 655/1379/7 656/1381/7 668/1382/7
f 668/1382/7 656/1381/7 650/1367/7 661/1366/7
f 310/1383/7 311/1376/7 665/1375/7
f 644/1326/90 654/1384/90 311/683/90 296/612/90
f 295/1325/86 309/1385/86 649/1334/86 639/1290/86
f 633/1332/97 664/1331/97 659/1386/97 627/1387/97
f 645/1295/92 655/1388/92 654/1384/92 644/1326/92
f 625/1389/102 657/641/102 658/691/102 626/690/102
f 629/1341/103 665/1340/103 666/1390/103 634/1391/103
f 646/1294/91 656/1392/91 655/1388/91 645/1295/91
f 627/1387/97 659/1386/97 660/1351/97 628/1350/97
f 637/1243/87 647/411/87 650/1393/87 640/1297/87
f 634/1391/104 666/1390/104 667/1355/104 635/1354/104
f 640/1297/87 650/1393/87 656/1392/87 646/1294/87
f 672/493/87 673/706/87 674/1394/87 671/1395/87
f 670/1396/92 676/1397/92 675/1398/92 669/1279/92
f 671/1395/91 674/1394/91 676/1397/91 670/1396/91
f 575/1399/96 669/1400/96 675/1401/96 622/1402/96
f 577/1403/7 671/1404/7 670/1307/7 576/1306/7
f 624/1301/5 674/584/5 673/1405/5 618/1406/5
f 622/1407/5 675/1408/5 676/1300/5 623/1299/5
f 578/1409/7 672/1410/7 671/1404/7 577/1403/7
f 678/1411/88 682/1412/88 681/1413/88 677/1414/88
f 679/1415/88 683/1416/88 682/1412/88 678/1411/88
f 680/1417/88 684/1418/88 683/1416/88 679/1415/88
f 620/1168/5 682/730/5 683/729/5 621/1312/5
f 573/1312/7 679/1311/7 678/1169/7 572/1168/7
f 617/1419/94 684/1304/94 680/1303/94 574/1420/94
f 621/1312/5 683/729/5 684/734/5 617/1309/5
f 619/1171/5 681/736/5 682/730/5 620/1168/5
f 353/737/105 687/1421/105 685/1422/105 351/738/105
f 350/741/7 686/1423/7 687/1421/7 353/737/7
f 690/1424/106 696/1425/106 365/745/106 361/744/106
f 691/1426/107 694/1427/107 696/1428/107 690/748/107
f 686/1429/108 692/1430/108 688/1431/108 687/1432/108
f 687/1432/109 688/1431/109 693/1433/109 685/1434/109
f 685/1435/110 693/1436/110 354/759/110 351/758/110
f 350/761/111 355/764/111 692/1437/111 686/1438/111
f 691/1439/112 688/1440/112 692/1441/112 689/1442/112
f 361/769/113 354/772/113 693/1443/113 690/1444/113
f 689/1442/5 692/1441/5 355/774/5 363/773/5
f 690/1444/114 693/1443/114 688/1440/114 691/1439/114
f 364/775/115 365/778/115 696/1445/115 694/1446/115
f 366/779/5 364/775/5 694/1446/5 695/1447/5
f 363/781/116 366/784/116 695/1448/116 689/1449/116
f 689/785/77 695/1450/77 694/1427/77 691/1426/77
f 697/1451/117 698/1452/117 372/789/117 370/788/117
f 697/1451/7 699/1453/7 700/1454/7 698/1452/7
f 697/1451/7 701/1455/7 702/1456/7 699/1453/7
f 700/1454/7 704/1457/7 703/1458/7 698/1452/7
f 705/1459/118 380/800/118 382/799/118 706/1460/118
f 705/1459/5 706/1460/5 708/1454/5 707/1453/5
f 705/1459/5 707/1453/5 710/1456/5 709/1461/5
f 708/1454/5 706/1460/5 711/1462/5 712/1457/5
f 700/1463/16 708/1464/16 712/1465/16 704/1466/16
f 697/813/66 705/1467/66 709/1468/66 701/814/66
f 704/817/67 712/824/67 711/823/67 703/818/67
f 370/819/68 380/822/68 705/1469/68 697/1470/68
f 701/1471/68 709/816/68 710/815/68 702/1472/68
f 699/1473/16 707/1474/16 708/1464/16 700/1463/16
f 703/1475/66 711/830/66 706/829/66 698/1468/66
f 698/1476/67 706/1477/67 382/835/67 372/834/67
f 702/1478/16 710/1479/16 707/1474/16 699/1473/16
f 715/1480/119 723/1481/119 766/1482/119 765/1483/119
f 725/1243/120 724/1244/120 760/1244/120 761/1243/120
f 714/1484/119 713/598/119 718/1485/119 722/1486/119
f 722/1486/119 718/1485/119 723/1481/119 715/1480/119
f 770/1151/121 726/1152/121 762/1152/121 772/1151/121
f 728/411/120 725/1243/120 761/1243/120 764/411/120
f 720/1487/119 721/1488/119 774/1488/119 773/1487/119
f 550/1159/89 589/1158/89 715/1158/89 765/1159/89
f 590/1205/85 552/1167/85 766/1167/85 723/1205/85
f 579/1172/89 549/653/89 714/653/89 722/1172/89
f 648/1359/7 647/1358/7 728/1358/7 727/1359/7
f 580/1217/85 590/1205/85 723/1205/85 718/1217/85
f 551/475/85 580/1217/85 718/1217/85 713/475/85
f 552/1167/85 554/1166/85 769/1166/85 766/1167/85
f 647/411/89 637/1243/89 725/1243/89 728/411/89
f 553/1175/89 550/1159/89 765/1159/89 719/1175/89
f 735/1489/122 738/1490/122 737/1491/122 736/1492/122
f 739/1493/123 729/1494/123 730/1495/123 740/1496/123
f 729/1494/124 731/1497/124 732/1498/124 730/1495/124
f 731/1497/125 733/1499/125 734/1500/125 732/1498/125
f 733/1499/126 735/1489/126 736/1492/126 734/1500/126
f 741/1501/127 739/1493/127 740/1496/127 742/1502/127
f 749/1503/128 750/1504/128 751/1491/128 752/1505/128
f 753/1506/129 754/1507/129 744/1508/129 743/1509/129
f 743/1509/130 744/1508/130 746/1510/130 745/1511/130
f 745/1511/131 746/1510/131 748/1512/131 747/1513/131
f 747/1513/132 748/1512/132 750/1504/132 749/1503/132
f 741/1514/133 742/1502/133 754/1507/133 753/1506/133
f 497/274/24 491/1108/24 743/1108/24 745/274/24
f 148/311/134 127/276/134 739/276/134 741/311/134
f 124/309/17 129/305/17 736/305/17 737/309/17
f 489/1110/79 490/1113/79 752/1113/79 751/1110/79
f 129/305/17 135/271/17 734/271/17 736/305/17
f 493/1064/73 498/1115/73 744/1115/73 754/1064/73
f 492/1071/135 148/1074/135 741/1074/135 753/1071/135
f 130/296/15 125/303/15 738/303/15 735/296/15
f 491/1108/24 492/1071/24 753/1071/24 743/1108/24
f 498/1115/73 499/1075/73 746/1075/73 744/1115/73
f 128/299/136 149/298/136 742/298/136 740/299/136
f 149/1061/137 493/1064/137 754/1064/137 742/1061/137
f 131/288/15 130/296/15 735/296/15 733/288/15
f 499/1075/73 500/1047/73 748/1047/73 746/1075/73
f 768/1482/119 771/1515/119 757/1516/119 767/1483/119
f 772/1517/119 762/1518/119 761/1519/119 760/1520/119
f 771/1515/119 772/1517/119 760/1520/119 757/1516/119
f 762/1518/119 763/1521/119 764/1399/119 761/1519/119
f 766/1167/121 769/1166/121 771/1166/121 768/1167/121
f 716/1522/5 717/1523/5 756/1523/5 755/1524/5
f 726/1152/121 727/1333/121 763/1333/121 762/1152/121
f 724/1244/120 719/1175/120 757/1175/120 760/1244/120
f 719/1175/120 765/1159/120 767/1159/120 757/1175/120
f 727/1359/7 728/1358/7 764/1358/7 763/1359/7
f 717/1523/138 716/1522/138 765/1483/138 766/1482/138
f 755/1524/139 756/1523/139 768/1482/139 767/1483/139
f 756/1523/140 717/1523/140 766/1482/140 768/1482/140
f 716/1522/141 755/1524/141 767/1483/141 765/1483/141
f 721/1488/121 720/1487/121 769/1166/121 770/1151/121
f 720/1487/121 758/1525/121 771/1166/121 769/1166/121
f 759/1526/121 721/1488/121 770/1151/121 772/1151/121
f 758/1525/121 759/1526/121 772/1151/121 771/1166/121
f 773/1487/121 774/1488/121 776/1526/121 775/1525/121
f 759/1526/142 758/1525/142 775/1525/142 776/1526/142
f 758/1525/7 720/1487/7 773/1487/7 775/1525/7
f 721/1488/5 759/1526/5 776/1526/5 774/1488/5
f 779/1527/143 786/1528/143 781/1529/143 780/1530/143
f 781/1529/143 784/1044/143 783/1045/143 780/1530/143
f 778/1531/143 777/235/143 782/1532/143 785/1533/143
f 785/1533/143 782/1532/143 786/1528/143 779/1527/143
f 444/953/77 454/941/77 786/941/77 782/953/77
f 416/903/77 418/902/77 784/902/77 781/903/77
f 414/896/72 453/889/72 779/889/72 780/896/72
f 784/902/144 418/902/144 788/902/144 790/902/144
f 454/941/77 416/903/77 781/903/77 786/941/77
f 417/913/72 414/896/72 780/896/72 783/913/72
f 788/1044/5 787/1045/5 789/1045/5 790/1044/5
f 417/913/145 783/913/145 789/913/145 787/913/145
f 418/1044/146 417/1045/146 787/1045/146 788/1044/146
f 783/1045/147 784/1044/147 790/1044/147 789/1045/147
f 194/1534/5 192/452/5 792/1535/5 791/496/5
f 207/1536/5 194/1534/5 791/496/5 793/1537/5
f 206/453/5 207/1536/5 793/1537/5 794/455/5
f 192/452/5 212/451/5 795/1538/5 792/1535/5
f 212/451/5 213/454/5 796/458/5 795/1538/5
f 213/454/5 206/453/5 794/455/5 796/458/5
f 798/451/148 800/452/148 834/452/148 804/451/148
f 801/453/149 802/454/149 838/454/149 836/453/149
f 194/1534/150 207/1536/150 797/1536/150 799/1534/150
f 213/454/38 212/451/38 798/451/38 802/454/38
f 207/1536/150 206/453/150 801/453/150 797/1536/150
f 192/452/151 194/1534/151 799/1534/151 800/452/151
f 805/1534/152 803/1536/152 852/1536/152 853/1534/152
f 814/454/7 813/453/7 850/453/7 847/454/7
f 799/1534/153 797/1536/153 835/1536/153 833/1534/153
f 802/454/148 798/451/148 804/451/148 838/454/148
f 797/1536/153 801/453/153 836/453/153 835/1536/153
f 800/452/154 799/1534/154 833/1534/154 834/452/154
f 841/1536/155 842/453/155 826/453/155 825/1536/155
f 817/1534/156 818/452/156 829/452/156 828/1534/156
f 808/454/157 837/1539/157 845/1539/157 848/454/157
f 809/1536/7 811/1534/7 854/1534/7 851/1536/7
f 806/1540/158 805/1534/158 853/1534/158 856/1540/158
f 843/1539/7 814/454/7 847/454/7 846/1539/7
f 817/1534/5 815/1536/5 816/451/5 818/452/5
f 815/1536/5 819/453/5 820/454/5 816/451/5
f 842/453/159 844/454/159 821/454/159 826/453/159
f 818/452/160 816/451/160 832/451/160 829/452/160
f 839/1534/161 841/1536/161 825/1536/161 823/1534/161
f 844/454/162 810/451/162 827/451/162 821/454/162
f 827/451/163 824/452/163 829/452/163 832/451/163
f 826/453/164 821/454/164 822/454/164 831/453/164
f 823/1534/165 825/1536/165 830/1536/165 828/1534/165
f 821/454/166 827/451/166 832/451/166 822/454/166
f 825/1536/167 826/453/167 831/453/167 830/1536/167
f 824/452/168 823/1534/168 828/1534/168 829/452/168
f 816/451/169 820/454/169 822/454/169 832/451/169
f 815/1536/170 817/1534/170 828/1534/170 830/1536/170
f 810/451/171 840/452/171 824/452/171 827/451/171
f 820/454/172 819/453/172 831/453/172 822/454/172
f 840/452/173 839/1534/173 823/1534/173 824/452/173
f 819/453/174 815/1536/174 830/1536/174 831/453/174
f 805/1534/30 806/1540/30 834/452/30 833/1534/30
f 803/1536/33 805/1534/33 833/1534/33 835/1536/33
f 807/1541/33 803/1536/33 835/1536/33 836/453/33
f 806/1540/32 837/1539/32 804/451/32 834/452/32
f 837/1539/32 808/454/32 838/454/32 804/451/32
f 808/454/175 807/1541/175 836/453/175 838/454/175
f 812/452/30 811/1534/30 839/1534/30 840/452/30
f 811/1534/33 809/1536/33 841/1536/33 839/1534/33
f 809/1536/33 813/453/33 842/453/33 841/1536/33
f 843/1539/32 812/452/32 840/452/32 810/451/32
f 814/454/32 843/1539/32 810/451/32 844/454/32
f 813/453/175 814/454/175 844/454/175 842/453/175
f 852/1536/176 849/1541/176 850/453/176 851/1536/176
f 848/454/177 845/1539/177 846/1539/177 847/454/177
f 856/1540/178 853/1534/178 854/1534/178 855/452/178
f 849/1541/179 848/454/179 847/454/179 850/453/179
f 845/1539/180 856/1540/180 855/452/180 846/1539/180
f 853/1534/181 852/1536/181 851/1536/181 854/1534/181
f 813/453/7 809/1536/7 851/1536/7 850/453/7
f 807/1541/182 808/454/182 848/454/182 849/1541/182
f 803/1536/183 807/1541/183 849/1541/183 852/1536/183
f 812/452/7 843/1539/7 846/1539/7 855/452/7
f 811/1534/7 812/452/7 855/452/7 854/1534/7
f 837/1539/184 806/1540/184 856/1540/184 845/1539/184
f 857/129/7 858/132/7 868/132/7 867/129/7
f 865/75/185 859/76/185 869/76/185 875/75/185
f 862/154/186 857/153/186 867/153/186 872/154/186
f 860/87/185 863/108/185 873/108/185 870/87/185
f 84/76/14 37/87/14 860/87/14 859/76/14
f 85/141/187 73/154/187 862/154/187 866/141/187
f 39/93/21 85/141/21 866/141/21 861/93/21
f 44/108/5 45/270/5 864/270/5 863/108/5
f 37/87/14 44/108/14 863/108/14 860/87/14
f 45/94/21 39/93/21 861/93/21 864/94/21
f 869/76/188 870/87/188 871/1542/188 876/1543/188
f 871/1542/188 870/87/188 873/108/188 874/270/188
f 868/102/188 875/75/188 872/1544/188 867/1545/188
f 875/75/188 869/76/188 876/1543/188 872/1544/188
f 858/102/185 865/75/185 875/75/185 868/102/185
f 874/270/188 873/108/188 879/108/188 880/270/188
f 861/93/186 866/141/186 876/141/186 871/93/186
f 859/76/185 860/87/185 870/87/185 869/76/185
f 866/141/186 862/154/186 872/154/186 876/141/186
f 864/94/186 861/93/186 871/93/186 874/94/186
f 877/108/189 878/270/189 880/270/189 879/108/189
f 873/108/185 863/108/185 877/108/185 879/108/185
f 863/108/190 864/270/190 878/270/190 877/108/190
f 864/94/186 874/94/186 880/94/186 878/94/186
