# Blender 4.5.4 LTS
# www.blender.org
mtllib fishBoat.mtl
o fishBoat
v -0.968571 -0.224621 2.658062
v -0.963771 -0.497325 2.666606
v -0.867032 -0.230659 2.976187
v -0.810829 -0.498187 2.976447
v -0.740459 -0.812906 2.643094
v -0.589730 -0.813031 2.968434
v -1.039386 -0.220343 2.384338
v -1.035884 -0.496858 2.384224
v -0.807039 -0.813402 2.379701
v -0.762615 -0.231482 3.172933
v -0.692203 -0.497659 3.171830
v -0.479738 -0.812257 3.159095
v -0.545134 -0.229506 3.435796
v -0.569075 -0.500493 3.390928
v -0.384847 -0.806538 3.317363
v 0.001440 -0.209060 3.922009
v 0.001440 -0.486457 3.844512
v 0.001440 -0.812183 3.584646
v -1.147580 -0.218661 1.784765
v -1.177530 -0.499916 1.783958
v -0.885653 -0.813519 1.780153
v -1.254717 -0.223681 1.301924
v -1.251913 -0.500705 1.301196
v -0.926295 -0.814544 1.297908
v -1.334307 -0.340582 0.708364
v -1.285704 -0.505463 0.708259
v -0.976598 -0.814486 0.706245
v -1.326274 -0.426706 0.119229
v -1.320544 -0.502793 0.120522
v -0.987206 -0.813085 0.120362
v -1.286850 -0.493085 -0.877561
v -1.009561 -0.812499 -0.876519
v -1.201989 -0.406996 -2.805340
v -0.889423 -0.814166 -2.805849
v -1.179829 -0.410373 -4.949425
v -0.908218 -0.818143 -4.941581
v 0.001436 -0.382689 -4.948650
v 0.001436 -0.820182 -4.923215
v 0.001437 -0.818688 -2.834233
v 0.001598 -0.831164 -0.874588
v 0.001592 -0.820213 0.122508
v 0.001484 -0.821006 1.804817
v 0.001602 -0.818711 0.724557
v 0.001552 -0.819213 1.312682
v 0.001440 -0.821912 2.371560
v 0.001440 -0.820280 2.653538
v 0.001440 -0.823662 3.006029
v 0.001440 -0.831159 3.175445
v 0.001440 -0.836417 3.329540
v 0.971450 -0.224621 2.658061
v 0.966650 -0.497325 2.666605
v 0.869912 -0.230660 2.976186
v 0.813708 -0.498187 2.976446
v 0.743338 -0.812906 2.643094
v 0.592609 -0.813031 2.968433
v 1.042265 -0.220343 2.384337
v 1.038763 -0.496858 2.384224
v 0.809917 -0.813402 2.379701
v 0.765495 -0.231482 3.172933
v 0.695083 -0.497659 3.171829
v 0.482618 -0.812257 3.159095
v 0.548014 -0.229506 3.435797
v 0.571955 -0.500493 3.390927
v 0.387726 -0.806538 3.317362
v 1.150393 -0.218661 1.784764
v 1.180338 -0.499917 1.783957
v 0.888566 -0.813519 1.780152
v 1.257488 -0.223682 1.301924
v 1.254698 -0.500705 1.301195
v 0.929290 -0.814544 1.297908
v 1.337020 -0.340582 0.708364
v 1.288478 -0.505463 0.708258
v 0.979629 -0.814486 0.706245
v 1.329008 -0.426706 0.119228
v 1.323283 -0.502793 0.120521
v 0.990211 -0.813086 0.120362
v 1.289608 -0.493086 -0.877561
v 1.012554 -0.812499 -0.876519
v 1.204863 -0.406996 -2.805340
v 0.892297 -0.814167 -2.805849
v 1.182701 -0.410373 -4.949427
v 0.911089 -0.818143 -4.941582
v -0.833791 -0.221427 2.640101
v -0.830181 -0.476621 2.648118
v -0.736038 -0.221427 2.950405
v -0.681886 -0.476621 2.950405
v -0.650122 -0.727296 2.629794
v -0.501827 -0.727295 2.950405
v -0.903043 -0.221427 2.372680
v -0.899163 -0.476621 2.372951
v -0.719133 -0.727296 2.372334
v -0.635849 -0.221427 3.140063
v -0.566532 -0.476621 3.140063
v -0.392923 -0.727295 3.140063
v -0.426503 -0.221427 3.391011
v -0.452117 -0.476621 3.347031
v -0.299452 -0.727295 3.286496
v 0.001440 -0.185896 3.778999
v 0.001440 -0.437600 3.719138
v 0.001440 -0.724468 3.516904
v -1.011769 -0.221427 1.777149
v -1.040951 -0.476621 1.777420
v -0.802727 -0.727296 1.776803
v -1.118006 -0.221427 1.297079
v -1.114660 -0.476621 1.297348
v -0.848154 -0.727295 1.296732
v -1.199473 -0.329858 0.705102
v -1.151719 -0.476621 0.705372
v -0.897658 -0.727295 0.704754
v -1.190503 -0.417775 0.118986
v -1.187339 -0.476621 0.119256
v -0.929136 -0.727295 0.118639
v -1.149423 -0.476621 -0.875920
v -1.030472 -0.727295 -0.876537
v -1.071019 -0.380116 -2.804475
v -0.890960 -0.727296 -2.805092
v -1.051445 -0.380116 -4.860880
v -0.871385 -0.727296 -4.861497
v 0.001436 -0.380116 -4.860880
v 0.001436 -0.732774 -4.837520
v 0.001437 -0.730889 -2.834062
v 0.001605 -0.743358 -0.874721
v 0.001597 -0.732414 0.122126
v 0.001487 -0.733210 1.804902
v 0.001608 -0.730917 0.724507
v 0.001556 -0.731418 1.312780
v 0.001440 -0.734113 2.371389
v 0.001440 -0.732477 2.653493
v 0.001440 -0.735833 3.006809
v 0.001440 -0.743191 3.175868
v 0.001440 -0.748166 3.323411
v 0.836670 -0.221427 2.640101
v 0.833061 -0.476621 2.648118
v 0.738918 -0.221427 2.950405
v 0.684766 -0.476621 2.950405
v 0.653001 -0.727296 2.629794
v 0.504707 -0.727296 2.950405
v 0.905919 -0.221427 2.372681
v 0.902039 -0.476621 2.372951
v 0.722011 -0.727296 2.372334
v 0.638728 -0.221427 3.140062
v 0.569412 -0.476621 3.140062
v 0.395803 -0.727296 3.140063
v 0.429383 -0.221427 3.391011
v 0.454996 -0.476621 3.347032
v 0.302332 -0.727296 3.286496
v 1.014638 -0.221427 1.777149
v 1.043813 -0.476621 1.777419
v 0.805670 -0.727296 1.776802
v 1.120878 -0.221427 1.297078
v 1.117545 -0.476621 1.297348
v 0.851197 -0.727296 1.296731
v 1.202311 -0.329858 0.705101
v 1.154616 -0.476621 0.705371
v 0.900754 -0.727296 0.704754
v 1.193354 -0.417775 0.118985
v 1.190194 -0.476621 0.119256
v 0.932189 -0.727296 0.118639
v 1.152307 -0.476621 -0.875920
v 1.033454 -0.727296 -0.876537
v 1.073893 -0.380116 -2.804475
v 0.893833 -0.727296 -2.805092
v 1.054316 -0.380116 -4.860881
v 0.874257 -0.727296 -4.861498
v -0.677805 -0.746567 -0.899950
v -0.565511 0.592413 -0.899950
v -0.671612 -0.746567 1.041682
v -0.585296 0.592413 1.041682
v -0.567439 0.686820 1.041682
v -0.546451 0.686820 -0.899950
v -0.714019 0.599860 1.234162
v -0.683395 0.599860 -1.092429
v -0.694929 0.679372 1.234162
v -0.663492 0.679372 -1.092429
v -0.669685 -0.746567 0.070866
v -0.568326 0.592413 0.070866
v -0.550163 0.686820 0.070866
v -0.685258 0.599860 0.070867
v -0.666436 0.679372 0.070867
v -0.652286 0.137556 1.041682
v -0.647635 0.137556 -0.899950
v -0.642555 0.137556 0.070866
v -0.619439 0.212572 -0.139098
v -0.571740 0.517396 -0.139098
v -0.574390 0.517396 -0.689985
v -0.628391 0.212572 -0.689985
v -0.638950 0.212572 0.831718
v -0.587552 0.517396 0.831718
v -0.589463 0.517396 0.280831
v -0.641808 0.212572 0.280831
v -0.503758 0.517396 -0.139098
v -0.545257 0.212572 -0.139098
v -0.553408 0.212572 -0.689985
v -0.506353 0.517396 -0.689985
v -0.517497 0.517396 0.831718
v -0.562206 0.212572 0.831718
v -0.564686 0.212572 0.280831
v -0.519183 0.517396 0.280831
v -0.000484 -0.317301 1.041682
v -0.000070 0.592413 1.041682
v -0.000522 -0.746567 -0.899950
v -0.000030 0.592413 -0.899950
v -0.000027 0.686820 1.041682
v 0.000016 0.686820 -0.899950
v -0.000082 0.599860 1.234161
v -0.000031 0.599860 -1.092429
v -0.000045 0.679372 1.234161
v 0.000008 0.679372 -1.092429
v -0.000487 -0.317301 0.070866
v -0.000303 0.137556 -0.899950
v -0.000281 0.137556 1.041682
v 0.000096 0.962878 1.041682
v -0.514881 0.962878 1.041682
v -0.499141 0.962878 0.070866
v -0.484732 0.962878 -0.446148
v 0.000131 0.962878 0.070866
v 0.000159 0.962878 -0.446148
v 0.000223 1.439472 0.379235
v -0.203552 1.439472 0.379235
v -0.203423 1.439472 0.070866
v 0.000223 1.439472 0.070866
v -0.674643 -0.001809 1.393949
v -0.685096 -0.746567 1.393949
v -0.000398 -0.001809 1.393948
v -0.000532 -0.746567 1.393948
v 0.000223 1.505374 0.379235
v -0.203374 1.505374 0.379235
v -0.203374 1.505374 0.070866
v 0.000223 1.505374 0.070866
v 0.676524 -0.746567 -0.899950
v 0.565043 0.592413 -0.899950
v 0.670529 -0.746567 1.041682
v 0.584668 0.592413 1.041682
v 0.566939 0.686820 1.041682
v 0.546118 0.686820 -0.899950
v 0.713339 0.599860 1.234161
v 0.682917 0.599860 -1.092430
v 0.694361 0.679372 1.234161
v 0.663130 0.679372 -1.092430
v 0.668592 -0.746567 0.070866
v 0.567821 0.592413 0.070865
v 0.549789 0.686820 0.070865
v 0.684749 0.599860 0.070865
v 0.666038 0.679372 0.070865
v 0.651170 0.137556 1.041682
v 0.646579 0.137556 -0.899950
v 0.641512 0.137556 0.070866
v 0.618565 0.212572 -0.139099
v 0.571210 0.517396 -0.139099
v 0.573859 0.517396 -0.689986
v 0.627475 0.212572 -0.689986
v 0.637935 0.212572 0.831717
v 0.586908 0.517396 0.831717
v 0.588806 0.517396 0.280830
v 0.640771 0.212572 0.280830
v 0.503251 0.517396 -0.139099
v 0.544412 0.212572 -0.139099
v 0.552515 0.212572 -0.689986
v 0.505840 0.517396 -0.689986
v 0.516877 0.517396 0.831717
v 0.561222 0.212572 0.831717
v 0.563680 0.212572 0.280830
v 0.518550 0.517396 0.280830
v 0.514761 0.962878 1.041682
v 0.499137 0.962878 0.070866
v 0.484845 0.962878 -0.446149
v 0.203988 1.439472 0.379235
v 0.203864 1.439472 0.070866
v 0.673358 -0.001809 1.393948
v 0.683919 -0.746567 1.393948
v 0.203819 1.505374 0.379235
v 0.203819 1.505374 0.070866
v -0.790559 -0.689727 -2.393039
v -0.835168 -0.700519 -2.338672
v 0.728397 -0.689727 -2.328498
v 0.770186 -0.700519 -2.270457
v -0.740959 -0.689727 -4.369424
v -0.782741 -0.700519 -4.427463
v 0.778004 -0.689727 -4.304881
v 0.822610 -0.700519 -4.359251
v -0.785952 -0.402865 -2.398659
v -0.840585 -0.402865 -2.332072
v 0.724080 -0.402865 -2.334496
v 0.775256 -0.402865 -2.263412
v -0.736639 -0.402865 -4.363427
v -0.787815 -0.402865 -4.434510
v 0.773394 -0.402865 -4.299263
v 0.828023 -0.402865 -4.365851
v -0.785952 -0.077276 -2.398659
v -0.840585 -0.077276 -2.332072
v 0.724080 -0.077276 -2.334496
v 0.775256 -0.077276 -2.263412
v -0.736639 -0.077276 -4.363427
v -0.787815 -0.077276 -4.434510
v 0.773394 -0.077276 -4.299263
v 0.828023 -0.077276 -4.365851
v -0.785952 0.264462 -2.398659
v -0.840585 0.264462 -2.332072
v 0.724080 0.264462 -2.334496
v 0.775256 0.264462 -2.263412
v -0.736639 0.264462 -4.363427
v -0.787815 0.264462 -4.434510
v 0.773394 0.264462 -4.299263
v 0.828023 0.264462 -4.365851
v -0.785952 0.429306 -2.398659
v -0.840585 0.429306 -2.332072
v 0.724080 0.429306 -2.334496
v 0.775256 0.429306 -2.263412
v -0.736639 0.429306 -4.363427
v -0.787815 0.429306 -4.434510
v 0.773394 0.429306 -4.299263
v 0.828023 0.429306 -4.365851
v -0.790563 0.682730 -2.393038
v -0.835168 0.693523 -2.338672
v 0.728400 0.682730 -2.328495
v 0.770186 0.693523 -2.270457
v -0.740959 0.682730 -4.369425
v -0.782741 0.693523 -4.427463
v 0.778004 0.682730 -4.304882
v 0.822610 0.693523 -4.359250
v -0.030605 -0.548777 -2.379688
v -0.033049 -0.548777 -2.282340
v 0.018046 -0.240071 -4.318235
v 0.020490 -0.240071 -4.415583
v 0.018046 -0.548777 -4.318235
v 0.020490 -0.548777 -4.415583
v -0.751222 -0.548777 -3.380616
v -0.826037 -0.548777 -3.383795
v 0.738661 -0.548777 -3.317307
v 0.813479 -0.548777 -3.314128
v -0.030608 0.093593 -2.379686
v -0.033049 0.093593 -2.282340
v -0.030605 -0.240071 -2.379688
v -0.033049 -0.240071 -2.282340
v -0.751222 -0.240071 -3.380616
v -0.826037 -0.240071 -3.383795
v 0.738661 -0.240071 -3.317307
v 0.813479 -0.240071 -3.314128
v -0.751222 0.431164 -3.380616
v -0.826037 0.431164 -3.383795
v -0.751222 0.093593 -3.380616
v -0.826037 0.093593 -3.383795
v 0.738661 0.093593 -3.317307
v 0.813479 0.093593 -3.314128
v 0.018046 0.093593 -4.318235
v 0.020490 0.093593 -4.415583
v 0.018046 0.558499 -4.318235
v 0.020490 0.558499 -4.415583
v 0.738661 0.431164 -3.317307
v 0.813479 0.431164 -3.314128
v 0.018033 0.431164 -4.318236
v 0.020510 0.431164 -4.415581
v -0.030621 0.431164 -2.379688
v -0.033033 0.431164 -2.282338
v -0.006279 0.679097 -3.348960
v -0.006279 0.697791 -3.348960
v -0.030608 0.558499 -2.379686
v -0.033049 0.558499 -2.282340
v -0.751222 0.558499 -3.380616
v -0.826037 0.558499 -3.383795
v 0.738661 0.558499 -3.317307
v 0.813479 0.558499 -3.314128
v 0.765545 -0.399676 -4.334050
v -0.727063 -0.399676 -4.397474
v 0.019272 -0.249417 -4.366909
v 0.723702 -0.695123 -2.335019
v -0.785551 -0.695123 -2.399151
v -0.736263 -0.695123 -4.362903
v 0.772992 -0.695123 -4.298772
v 0.764816 -0.692169 -4.333574
v -0.726357 -0.692169 -4.396935
v 0.019272 -0.558124 -4.366909
v -0.763009 -0.692169 -4.352265
v -0.811708 -0.692169 -2.412036
v -0.788630 -0.558124 -3.382205
v 0.750450 -0.692169 -2.345655
v 0.799146 -0.692169 -4.285887
v 0.776071 -0.558124 -3.315717
v -0.778260 -0.073982 -2.363877
v 0.714659 -0.073982 -2.300441
v -0.031830 0.084246 -2.331014
v -0.778107 -0.399676 -2.363872
v 0.714505 -0.399676 -2.300446
v -0.031830 -0.249417 -2.331014
v -0.763376 -0.399676 -4.353215
v -0.812118 -0.399676 -2.411118
v -0.788630 -0.249417 -3.382205
v 0.750817 -0.399676 -2.344708
v 0.799563 -0.399676 -4.286803
v 0.776071 -0.249417 -3.315717
v -0.763372 0.267702 -4.353312
v -0.812121 0.267702 -2.411021
v -0.763372 -0.073982 -4.353418
v -0.812124 -0.073982 -2.410917
v -0.788630 0.084246 -3.382205
v 0.750814 -0.073982 -2.344505
v 0.799566 -0.073982 -4.287005
v 0.776071 0.084246 -3.315717
v 0.765699 -0.073982 -4.334045
v -0.727220 -0.073982 -4.397481
v 0.019272 0.084246 -4.366909
v 0.764893 0.432004 -4.334078
v -0.726411 0.432004 -4.397446
v 0.019272 0.549152 -4.366909
v 0.750814 0.267702 -2.344608
v 0.799563 0.267702 -4.286902
v 0.765622 0.267702 -4.334048
v -0.727137 0.267702 -4.397477
v -0.778180 0.267702 -2.363875
v 0.714582 0.267702 -2.300443
v 0.736104 0.688127 -2.345053
v 0.784862 0.688127 -4.287706
v 0.031128 0.688444 -3.347370
v -0.777455 0.432004 -2.363844
v 0.713856 0.432004 -2.300474
v -0.031830 0.549152 -2.331014
v -0.763396 0.432004 -4.352367
v -0.812097 0.432004 -2.411965
v -0.788630 0.549152 -3.382205
v 0.750838 0.432004 -2.345556
v 0.799539 0.432004 -4.285957
v 0.776071 0.549152 -3.315717
v -0.777374 -0.692169 -2.364348
v 0.713802 -0.692169 -2.300985
v -0.031830 -0.558124 -2.331014
v 0.732555 -0.686763 -2.300189
v 0.732934 -0.411224 -2.299664
v 0.005578 -0.548777 -2.329424
v 0.714177 -0.405819 -2.300462
v -0.777776 -0.405819 -2.363857
v -0.031830 -0.539431 -2.331014
v -0.796533 -0.411224 -2.364655
v -0.796128 -0.686763 -2.365144
v -0.069237 -0.548777 -2.332604
v -0.746388 -0.394397 -4.398296
v -0.746388 -0.085743 -4.398296
v -0.018139 -0.240071 -4.368498
v -0.727063 -0.080465 -4.397474
v 0.765545 -0.080465 -4.334050
v 0.019272 -0.230724 -4.366909
v 0.784870 -0.085743 -4.333231
v 0.784870 -0.394397 -4.333231
v 0.056679 -0.240071 -4.365318
v -0.745114 -0.686763 -4.397734
v -0.745489 -0.411224 -4.398257
v -0.018139 -0.548777 -4.368498
v -0.726736 -0.405819 -4.397461
v 0.765217 -0.405819 -4.334066
v 0.019272 -0.539431 -4.366909
v 0.783974 -0.411224 -4.333268
v 0.783569 -0.686763 -4.332778
v 0.056679 -0.548777 -4.365318
v -0.812318 -0.686763 -2.387632
v -0.812720 -0.411224 -2.387141
v -0.789852 -0.548777 -3.333530
v -0.812109 -0.405819 -2.411544
v -0.763384 -0.405819 -4.352788
v -0.788630 -0.539431 -3.382205
v -0.762774 -0.411224 -4.377192
v -0.762399 -0.686763 -4.376667
v -0.787407 -0.548777 -3.430877
v 0.799760 -0.686763 -4.310291
v 0.800164 -0.411224 -4.310780
v 0.777290 -0.548777 -3.364392
v 0.799551 -0.405819 -4.286378
v 0.750829 -0.405819 -2.345132
v 0.776071 -0.539431 -3.315717
v 0.750216 -0.411224 -2.320731
v 0.749837 -0.686763 -2.321254
v 0.774846 -0.548777 -3.267045
v 0.734234 -0.068762 -2.299608
v 0.734234 0.255948 -2.299608
v 0.005581 0.093593 -2.329422
v 0.714659 0.261168 -2.300441
v -0.778260 0.261168 -2.363877
v -0.031830 0.102940 -2.331014
v -0.797836 0.255948 -2.364710
v -0.797836 -0.068762 -2.364710
v -0.069237 0.093593 -2.332604
v 0.733830 -0.394397 -2.299627
v 0.733830 -0.085743 -2.299627
v 0.005578 -0.240071 -2.329424
v 0.714505 -0.080465 -2.300446
v -0.778107 -0.080465 -2.363872
v -0.031830 -0.230724 -2.331014
v -0.797428 -0.085743 -2.364691
v -0.797428 -0.394397 -2.364691
v -0.069237 -0.240071 -2.332604
v -0.812749 -0.394397 -2.385975
v -0.812749 -0.085743 -2.385975
v -0.789852 -0.240071 -3.333530
v -0.812118 -0.080465 -2.411118
v -0.763376 -0.080465 -4.353215
v -0.788630 -0.230724 -3.382205
v -0.762745 -0.085743 -4.378358
v -0.762745 -0.394397 -4.378358
v -0.787407 -0.240071 -3.430877
v 0.800194 -0.394397 -4.311946
v 0.800194 -0.085743 -4.311946
v 0.777290 -0.240071 -3.364392
v 0.799563 -0.080465 -4.286803
v 0.750817 -0.080465 -2.344708
v 0.776071 -0.230724 -3.315717
v 0.750186 -0.085743 -2.319564
v 0.750186 -0.394397 -2.319564
v 0.774846 -0.240071 -3.267045
v -0.812758 0.272953 -2.385717
v -0.812401 0.422728 -2.399947
v -0.789774 0.427882 -3.336631
v -0.812045 0.429350 -2.414037
v -0.763449 0.429350 -4.350296
v -0.788630 0.421817 -3.382205
v -0.763093 0.422728 -4.364386
v -0.762735 0.272953 -4.378615
v -0.787482 0.427882 -3.427778
v -0.812764 -0.068762 -2.385447
v -0.812764 0.255948 -2.385447
v -0.789852 0.093593 -3.333530
v -0.812124 0.261168 -2.410917
v -0.763372 0.261169 -4.353418
v -0.788630 0.102940 -3.382205
v -0.762733 0.255948 -4.378888
v -0.762733 -0.068762 -4.378888
v -0.787407 0.093593 -3.430877
v 0.800205 -0.068762 -4.312475
v 0.800205 0.255948 -4.312475
v 0.777290 0.093593 -3.364392
v 0.799566 0.261169 -4.287005
v 0.750814 0.261168 -2.344505
v 0.776071 0.102940 -3.315717
v 0.750171 0.255948 -2.319035
v 0.750171 -0.068762 -2.319035
v 0.774846 0.093593 -3.267045
v -0.746792 -0.068762 -4.398312
v -0.746792 0.255948 -4.398312
v -0.018139 0.093593 -4.368498
v -0.727220 0.261169 -4.397481
v 0.765699 0.261169 -4.334045
v 0.019272 0.102940 -4.366909
v 0.785274 0.255948 -4.333212
v 0.785274 -0.068762 -4.333212
v 0.056679 0.093593 -4.365318
v -0.744539 0.437541 -4.398217
v -0.744164 0.679891 -4.397693
v -0.018139 0.558499 -4.368498
v -0.726036 0.685428 -4.396923
v 0.764489 0.685428 -4.333589
v 0.019272 0.567846 -4.366909
v 0.782619 0.679891 -4.332819
v 0.783024 0.437541 -4.333308
v 0.056679 0.558499 -4.365318
v 0.800200 0.272953 -4.312204
v 0.799842 0.422728 -4.297976
v 0.777212 0.427882 -3.361291
v 0.799489 0.429350 -4.283883
v 0.750890 0.429350 -2.347627
v 0.776071 0.421817 -3.315717
v 0.750537 0.422728 -2.333534
v 0.750180 0.272953 -2.319305
v 0.774924 0.427882 -3.270144
v -0.746587 0.272953 -4.398304
v -0.735647 0.422728 -4.397838
v -0.015754 0.427882 -4.368396
v -0.724819 0.429350 -4.397378
v 0.763301 0.429350 -4.334147
v 0.019272 0.421817 -4.366909
v 0.774132 0.422728 -4.333687
v 0.785065 0.272953 -4.333222
v 0.054297 0.427882 -4.365419
v 0.734025 0.272953 -2.299618
v 0.723092 0.422728 -2.300083
v 0.003199 0.427882 -2.329526
v 0.712261 0.429350 -2.300543
v -0.775859 0.429350 -2.363776
v -0.031827 0.421817 -2.331013
v -0.786690 0.422728 -2.364236
v -0.797627 0.272953 -2.364700
v -0.066856 0.427882 -2.332502
v 0.765277 0.688127 -4.314908
v -0.727757 0.688127 -4.378350
v -0.005057 0.688444 -3.397635
v -0.748665 0.688127 -4.352868
v -0.797421 0.688127 -2.410217
v -0.043687 0.688444 -3.350549
v -0.777836 0.688127 -2.383014
v 0.715199 0.688127 -2.319572
v -0.007501 0.688444 -3.300287
v 0.731981 0.437541 -2.299706
v 0.731602 0.679891 -2.300229
v 0.005581 0.558499 -2.329422
v 0.713474 0.685428 -2.300999
v -0.777050 0.685428 -2.364333
v -0.031827 0.567846 -2.331012
v -0.795178 0.679891 -2.365104
v -0.795579 0.437541 -2.364612
v -0.069237 0.558499 -2.332604
v -0.812691 0.437541 -2.388381
v -0.812287 0.679891 -2.388870
v -0.789852 0.558499 -3.333530
v -0.811696 0.685428 -2.412457
v -0.763021 0.685428 -4.351843
v -0.788630 0.567846 -3.382205
v -0.762427 0.679891 -4.375431
v -0.762805 0.437541 -4.375954
v -0.787407 0.558499 -3.430877
v 0.800133 0.437541 -4.309542
v 0.799728 0.679891 -4.309052
v 0.777290 0.558499 -3.364392
v 0.799137 0.685428 -4.285466
v 0.750459 0.685428 -2.346079
v 0.776071 0.567846 -3.315717
v 0.749868 0.679891 -2.322491
v 0.750247 0.437541 -2.321969
v 0.774846 0.558499 -3.267045
v -0.000063 0.612629 1.041144
v -0.585289 0.612629 1.041143
v -0.652279 0.157772 1.041143
v -0.671605 -0.726351 1.041143
v -0.669678 -0.726351 0.070327
v -0.568319 0.612629 0.070328
v -0.565504 0.612629 -0.900489
v -0.647628 0.157772 -0.900489
v -0.677798 -0.726351 -0.900489
v -0.000515 -0.726351 -0.900489
v -0.000020 0.707036 1.041144
v -0.567432 0.707036 1.041143
v -0.550156 0.707036 0.070327
v -0.546444 0.707036 -0.900489
v -0.683388 0.620076 -1.092968
v -0.714012 0.620076 1.233623
v -0.000075 0.620076 1.233623
v -0.685251 0.620076 0.070328
v -0.000038 0.699588 1.233623
v -0.694922 0.699588 1.233623
v -0.666429 0.699588 0.070328
v -0.663485 0.699588 -1.092968
v -0.514874 0.983093 1.041143
v -0.642548 0.157772 0.070327
v -0.000274 0.157772 1.041144
v -0.571733 0.537612 -0.139637
v -0.619432 0.232788 -0.139637
v -0.628384 0.232788 -0.690524
v -0.574383 0.537612 -0.690524
v -0.587545 0.537612 0.831179
v -0.638943 0.232788 0.831179
v -0.641801 0.232788 0.280292
v -0.589456 0.537612 0.280292
v -0.503752 0.537612 -0.139637
v -0.545250 0.232788 -0.139637
v -0.553401 0.232788 -0.690524
v -0.506346 0.537612 -0.690524
v -0.517491 0.537612 0.831179
v -0.562199 0.232788 0.831179
v -0.564679 0.232788 0.280292
v -0.519176 0.537612 0.280292
v -0.000478 -0.297085 1.041144
v -0.000023 0.612629 -0.900489
v 0.000023 0.707036 -0.900489
v -0.000025 0.620076 -1.092968
v 0.000015 0.699588 -1.092968
v -0.000480 -0.297085 0.070327
v -0.000296 0.157772 -0.900489
v 0.000103 0.983093 1.041144
v -0.499134 0.983093 0.070327
v -0.484725 0.983093 -0.446686
v 0.000138 0.983093 0.070327
v 0.000166 0.983093 -0.446687
v 0.000230 1.459688 0.070327
v 0.000230 1.459688 0.378696
v -0.203545 1.459688 0.378696
v -0.203416 1.459688 0.070327
v -0.203367 1.525590 0.070327
v -0.674636 0.018407 1.393410
v -0.685089 -0.726351 1.393410
v -0.000391 0.018407 1.393409
v -0.000525 -0.726351 1.393409
v 0.000230 1.525590 0.378696
v -0.203367 1.525590 0.378696
v 0.000230 1.525590 0.070327
v 0.584675 0.612629 1.041143
v 0.651177 0.157772 1.041143
v 0.670536 -0.726351 1.041143
v 0.668599 -0.726351 0.070327
v 0.567828 0.612629 0.070327
v 0.565050 0.612629 -0.900489
v 0.646586 0.157772 -0.900489
v 0.676531 -0.726351 -0.900489
v 0.566946 0.707036 1.041143
v 0.549796 0.707036 0.070327
v 0.546125 0.707036 -0.900489
v 0.682924 0.620076 -1.092969
v 0.713346 0.620076 1.233623
v 0.684756 0.620076 0.070327
v 0.694368 0.699588 1.233623
v 0.666044 0.699588 0.070326
v 0.663137 0.699588 -1.092969
v 0.514768 0.983093 1.041143
v 0.641519 0.157772 0.070327
v 0.571217 0.537612 -0.139638
v 0.618572 0.232788 -0.139638
v 0.627482 0.232788 -0.690525
v 0.573866 0.537612 -0.690525
v 0.586915 0.537612 0.831178
v 0.637942 0.232788 0.831178
v 0.640778 0.232788 0.280291
v 0.588813 0.537612 0.280291
v 0.503258 0.537612 -0.139638
v 0.544419 0.232788 -0.139638
v 0.552522 0.232788 -0.690525
v 0.505847 0.537612 -0.690525
v 0.516884 0.537612 0.831178
v 0.561229 0.232788 0.831178
v 0.563687 0.232788 0.280291
v 0.518557 0.537612 0.280291
v 0.499144 0.983093 0.070327
v 0.484852 0.983093 -0.446687
v 0.203995 1.459688 0.378696
v 0.203871 1.459688 0.070327
v 0.203826 1.525590 0.070327
v 0.673365 0.018407 1.393409
v 0.683926 -0.726351 1.393409
v 0.203826 1.525590 0.378696
v 0.773401 -0.382649 -4.299802
v 0.765552 -0.379460 -4.334589
v -0.727056 -0.379460 -4.398013
v -0.736632 -0.382649 -4.363966
v -0.787808 -0.382649 -4.435049
v 0.828030 -0.382649 -4.366390
v 0.019279 -0.229201 -4.367447
v 0.018053 -0.219855 -4.318774
v 0.020497 -0.219855 -4.416122
v 0.728404 -0.669511 -2.329037
v 0.723709 -0.674907 -2.335558
v -0.785544 -0.674907 -2.399689
v -0.790552 -0.669511 -2.393578
v -0.835161 -0.680303 -2.339211
v 0.770193 -0.680303 -2.270996
v -0.736256 -0.674907 -4.363442
v -0.740952 -0.669511 -4.369963
v -0.782734 -0.680303 -4.428002
v 0.772999 -0.674907 -4.299311
v 0.778011 -0.669511 -4.305420
v 0.822617 -0.680303 -4.359789
v 0.764823 -0.671953 -4.334113
v -0.726350 -0.671953 -4.397474
v 0.019279 -0.537908 -4.367447
v 0.018053 -0.528561 -4.318774
v 0.020497 -0.528561 -4.416122
v -0.763002 -0.671953 -4.352804
v -0.811701 -0.671953 -2.412575
v -0.788623 -0.537908 -3.382745
v -0.751215 -0.528561 -3.381155
v -0.826030 -0.528561 -3.384334
v 0.750457 -0.671953 -2.346194
v 0.799153 -0.671953 -4.286426
v 0.776078 -0.537908 -3.316256
v 0.738667 -0.528561 -3.317845
v 0.813486 -0.528561 -3.314667
v -0.785945 -0.057060 -2.399198
v -0.778253 -0.053766 -2.364416
v 0.714666 -0.053766 -2.300979
v 0.724087 -0.057060 -2.335035
v 0.775263 -0.057060 -2.263952
v -0.840578 -0.057060 -2.332611
v -0.031823 0.104462 -2.331553
v -0.030601 0.113809 -2.380225
v -0.033042 0.113809 -2.282879
v -0.785945 -0.382649 -2.399198
v -0.778100 -0.379460 -2.364411
v 0.714512 -0.379460 -2.300985
v 0.724087 -0.382649 -2.335035
v 0.775263 -0.382649 -2.263952
v -0.840578 -0.382649 -2.332611
v -0.031823 -0.229201 -2.331553
v -0.030598 -0.219855 -2.380226
v -0.033042 -0.219855 -2.282879
v -0.763369 -0.379460 -4.353754
v -0.812111 -0.379460 -2.411657
v -0.788623 -0.229201 -3.382745
v -0.751215 -0.219855 -3.381155
v -0.826030 -0.219855 -3.384334
v 0.750824 -0.379460 -2.345247
v 0.799570 -0.379460 -4.287342
v 0.776078 -0.229201 -3.316256
v 0.738667 -0.219855 -3.317845
v 0.813486 -0.219855 -3.314667
v -0.736632 0.284678 -4.363966
v -0.763365 0.287918 -4.353851
v -0.812114 0.287918 -2.411560
v -0.785945 0.284678 -2.399198
v -0.840578 0.284678 -2.332611
v -0.787808 0.284678 -4.435049
v -0.751215 0.451380 -3.381155
v -0.826030 0.451380 -3.384334
v -0.736632 -0.057060 -4.363966
v -0.763366 -0.053766 -4.353957
v -0.812118 -0.053766 -2.411456
v -0.787808 -0.057060 -4.435049
v -0.788623 0.104462 -3.382745
v -0.751215 0.113809 -3.381155
v -0.826030 0.113809 -3.384334
v 0.750821 -0.053766 -2.345044
v 0.799573 -0.053766 -4.287545
v 0.773401 -0.057060 -4.299802
v 0.828030 -0.057060 -4.366390
v 0.776078 0.104462 -3.316256
v 0.738667 0.113809 -3.317845
v 0.813486 0.113809 -3.314667
v 0.765706 -0.053766 -4.334584
v -0.727213 -0.053766 -4.398021
v 0.019279 0.104462 -4.367447
v 0.018053 0.113809 -4.318774
v 0.020497 0.113809 -4.416122
v 0.773401 0.449521 -4.299802
v 0.764900 0.452220 -4.334617
v -0.726404 0.452220 -4.397985
v -0.736632 0.449521 -4.363966
v -0.787808 0.449521 -4.435049
v 0.828030 0.449521 -4.366390
v 0.019279 0.569368 -4.367447
v 0.018053 0.578715 -4.318774
v 0.020497 0.578715 -4.416122
v 0.724087 0.284678 -2.335035
v 0.750821 0.287918 -2.345147
v 0.799570 0.287918 -4.287441
v 0.773401 0.284678 -4.299802
v 0.828030 0.284678 -4.366390
v 0.775263 0.284678 -2.263952
v 0.738667 0.451380 -3.317845
v 0.813486 0.451380 -3.314667
v 0.765629 0.287918 -4.334587
v -0.727130 0.287918 -4.398015
v 0.018040 0.451380 -4.318775
v 0.020517 0.451380 -4.416120
v -0.778173 0.287918 -2.364413
v 0.714589 0.287918 -2.300982
v -0.030614 0.451380 -2.380227
v -0.033026 0.451380 -2.282877
v 0.728407 0.702946 -2.329034
v 0.736111 0.708342 -2.345592
v 0.784869 0.708342 -4.288245
v 0.778011 0.702946 -4.305421
v 0.822617 0.713739 -4.359789
v 0.770193 0.713739 -2.270996
v 0.031135 0.708660 -3.347909
v -0.006272 0.699313 -3.349499
v -0.006272 0.718007 -3.349499
v -0.785945 0.449521 -2.399198
v -0.777448 0.452220 -2.364383
v 0.713863 0.452220 -2.301013
v 0.724087 0.449521 -2.335035
v 0.775263 0.449521 -2.263952
v -0.840578 0.449521 -2.332611
v -0.031823 0.569368 -2.331553
v -0.030601 0.578715 -2.380225
v -0.033042 0.578715 -2.282879
v -0.763389 0.452220 -4.352906
v -0.812090 0.452220 -2.412504
v -0.788623 0.569368 -3.382745
v -0.751215 0.578715 -3.381155
v -0.826030 0.578715 -3.384334
v 0.750845 0.452220 -2.346094
v 0.799546 0.452220 -4.286496
v 0.776078 0.569368 -3.316256
v 0.738667 0.578715 -3.317845
v 0.813486 0.578715 -3.314667
v -0.777367 -0.671953 -2.364887
v 0.713809 -0.671953 -2.301524
v -0.031823 -0.537908 -2.331553
v -0.030598 -0.528561 -2.380226
v -0.033042 -0.528561 -2.282879
v 0.732562 -0.666547 -2.300728
v 0.732941 -0.391009 -2.300202
v 0.005584 -0.528561 -2.329963
v 0.714184 -0.385603 -2.301000
v -0.777769 -0.385603 -2.364396
v -0.031823 -0.519215 -2.331553
v -0.796526 -0.391009 -2.365194
v -0.796121 -0.666547 -2.365683
v -0.069231 -0.528561 -2.333143
v -0.746381 -0.374182 -4.398835
v -0.746381 -0.065528 -4.398835
v -0.018132 -0.219855 -4.369037
v -0.727056 -0.060249 -4.398013
v 0.765552 -0.060249 -4.334589
v 0.019279 -0.210508 -4.367447
v 0.784877 -0.065528 -4.333770
v 0.784877 -0.374182 -4.333770
v 0.056686 -0.219855 -4.365858
v -0.745107 -0.666547 -4.398273
v -0.745482 -0.391009 -4.398796
v -0.018132 -0.528561 -4.369037
v -0.726729 -0.385603 -4.398000
v 0.765224 -0.385603 -4.334605
v 0.019279 -0.519215 -4.367447
v 0.783981 -0.391009 -4.333807
v 0.783576 -0.666547 -4.333317
v 0.056686 -0.528561 -4.365858
v -0.812311 -0.666547 -2.388171
v -0.812713 -0.391009 -2.387680
v -0.789845 -0.528561 -3.334069
v -0.812102 -0.385603 -2.412083
v -0.763377 -0.385603 -4.353327
v -0.788623 -0.519215 -3.382745
v -0.762767 -0.391009 -4.377730
v -0.762392 -0.666547 -4.377207
v -0.787400 -0.528561 -3.431416
v 0.799766 -0.666547 -4.310830
v 0.800171 -0.391009 -4.311318
v 0.777297 -0.528561 -3.364931
v 0.799558 -0.385603 -4.286917
v 0.750836 -0.385603 -2.345671
v 0.776078 -0.519215 -3.316256
v 0.750223 -0.391009 -2.321270
v 0.749844 -0.666547 -2.321793
v 0.774853 -0.528561 -3.267583
v 0.734241 -0.048546 -2.300147
v 0.734241 0.276164 -2.300147
v 0.005588 0.113809 -2.329961
v 0.714666 0.281384 -2.300979
v -0.778253 0.281384 -2.364416
v -0.031823 0.123156 -2.331553
v -0.797829 0.276164 -2.365249
v -0.797829 -0.048546 -2.365249
v -0.069231 0.113809 -2.333143
v 0.733836 -0.374182 -2.300165
v 0.733836 -0.065528 -2.300165
v 0.005584 -0.219855 -2.329963
v 0.714512 -0.060249 -2.300985
v -0.778100 -0.060249 -2.364411
v -0.031823 -0.210508 -2.331553
v -0.797421 -0.065528 -2.365230
v -0.797421 -0.374182 -2.365230
v -0.069231 -0.219855 -2.333143
v -0.812742 -0.374182 -2.386514
v -0.812742 -0.065528 -2.386513
v -0.789845 -0.219855 -3.334069
v -0.812111 -0.060249 -2.411657
v -0.763369 -0.060249 -4.353754
v -0.788623 -0.210508 -3.382745
v -0.762738 -0.065528 -4.378897
v -0.762738 -0.374182 -4.378897
v -0.787400 -0.219855 -3.431416
v 0.800201 -0.374182 -4.312485
v 0.800201 -0.065528 -4.312485
v 0.777297 -0.219855 -3.364931
v 0.799570 -0.060249 -4.287342
v 0.750824 -0.060249 -2.345247
v 0.776078 -0.210508 -3.316256
v 0.750193 -0.065528 -2.320103
v 0.750193 -0.374182 -2.320103
v 0.774853 -0.219855 -3.267583
v -0.812751 0.293168 -2.386256
v -0.812394 0.442944 -2.400486
v -0.789767 0.448098 -3.337170
v -0.812038 0.449566 -2.414576
v -0.763442 0.449566 -4.350834
v -0.788623 0.442033 -3.382744
v -0.763086 0.442944 -4.364925
v -0.762728 0.293169 -4.379154
v -0.787475 0.448098 -3.428317
v -0.812757 -0.048546 -2.385986
v -0.812757 0.276164 -2.385986
v -0.789845 0.113809 -3.334069
v -0.812118 0.281384 -2.411456
v -0.763366 0.281384 -4.353957
v -0.788623 0.123156 -3.382745
v -0.762726 0.276164 -4.379426
v -0.762726 -0.048546 -4.379426
v -0.787400 0.113809 -3.431416
v 0.800212 -0.048546 -4.313015
v 0.800212 0.276164 -4.313015
v 0.777297 0.113809 -3.364931
v 0.799573 0.281384 -4.287545
v 0.750821 0.281384 -2.345044
v 0.776078 0.123156 -3.316256
v 0.750178 0.276164 -2.319574
v 0.750178 -0.048546 -2.319574
v 0.774853 0.113809 -3.267583
v -0.746786 -0.048546 -4.398851
v -0.746786 0.276164 -4.398851
v -0.018132 0.113809 -4.369037
v -0.727213 0.281384 -4.398021
v 0.765706 0.281384 -4.334584
v 0.019279 0.123156 -4.367447
v 0.785281 0.276164 -4.333751
v 0.785281 -0.048546 -4.333751
v 0.056686 0.113809 -4.365858
v -0.744532 0.457757 -4.398756
v -0.744157 0.700107 -4.398232
v -0.740952 0.702946 -4.369964
v -0.782734 0.713739 -4.428001
v -0.018132 0.578715 -4.369037
v -0.726029 0.705644 -4.397462
v 0.764495 0.705644 -4.334127
v 0.019279 0.588062 -4.367447
v 0.782626 0.700107 -4.333357
v 0.783031 0.457757 -4.333847
v 0.056686 0.578715 -4.365858
v 0.800207 0.293169 -4.312744
v 0.799849 0.442944 -4.298515
v 0.777219 0.448098 -3.361830
v 0.799496 0.449566 -4.284422
v 0.750897 0.449566 -2.348166
v 0.776078 0.442033 -3.316256
v 0.750544 0.442944 -2.334073
v 0.750187 0.293168 -2.319844
v 0.774931 0.448098 -3.270683
v -0.746580 0.293169 -4.398843
v -0.735640 0.442944 -4.398376
v -0.015747 0.448098 -4.368935
v -0.724812 0.449566 -4.397917
v 0.763308 0.449566 -4.334686
v 0.019278 0.442033 -4.367448
v 0.774139 0.442944 -4.334226
v 0.785072 0.293169 -4.333761
v 0.054304 0.448098 -4.365958
v 0.734032 0.293168 -2.300156
v 0.723099 0.442944 -2.300622
v 0.003206 0.448098 -2.330065
v 0.712268 0.449566 -2.301082
v -0.775853 0.449566 -2.364315
v -0.031820 0.442033 -2.331552
v -0.786683 0.442944 -2.364775
v -0.797620 0.293168 -2.365238
v -0.066849 0.448098 -2.333041
v 0.765284 0.708342 -4.315447
v -0.727750 0.708342 -4.378889
v -0.005050 0.708660 -3.398173
v -0.748658 0.708342 -4.353407
v -0.797414 0.708342 -2.410755
v -0.790556 0.702946 -2.393577
v -0.835161 0.713739 -2.339211
v -0.043680 0.708660 -3.351088
v -0.777829 0.708342 -2.383553
v 0.715206 0.708342 -2.320112
v -0.007494 0.708660 -3.300827
v 0.731988 0.457757 -2.300245
v 0.731609 0.700107 -2.300768
v 0.005588 0.578715 -2.329961
v 0.713481 0.705644 -2.301538
v -0.777043 0.705644 -2.364872
v -0.031820 0.588062 -2.331551
v -0.795171 0.700107 -2.365643
v -0.795572 0.457757 -2.365151
v -0.069231 0.578715 -2.333143
v -0.812684 0.457757 -2.388920
v -0.812280 0.700107 -2.389409
v -0.789845 0.578715 -3.334069
v -0.811689 0.705644 -2.412995
v -0.763014 0.705644 -4.352382
v -0.788623 0.588062 -3.382745
v -0.762420 0.700107 -4.375969
v -0.762798 0.457757 -4.376493
v -0.787400 0.578715 -3.431416
v 0.800140 0.457757 -4.310081
v 0.799735 0.700107 -4.309591
v 0.777297 0.578715 -3.364931
v 0.799144 0.705644 -4.286005
v 0.750466 0.705644 -2.346618
v 0.776078 0.588062 -3.316256
v 0.749875 0.700107 -2.323030
v 0.750254 0.457757 -2.322508
v 0.774853 0.578715 -3.267583
vn -0.9227 -0.0981 0.3728
vn -0.7541 -0.5496 0.3597
vn -0.7924 -0.5758 0.2014
vn -0.9685 -0.0108 0.2488
vn -0.7341 -0.5201 0.4365
vn -0.8512 -0.2027 0.4840
vn -0.7334 -0.5283 0.4278
vn -0.8109 -0.1192 0.5729
vn -0.5137 -0.5128 0.6878
vn -0.6347 -0.1418 0.7596
vn -0.7622 -0.6317 0.1416
vn -0.9780 0.0460 0.2036
vn -0.7096 -0.6993 0.0859
vn -0.9817 0.0472 0.1843
vn -0.6992 -0.7130 0.0525
vn -0.9877 -0.1151 0.1062
vn -0.6938 -0.7198 0.0244
vn -0.9749 -0.2196 0.0378
vn -0.7179 -0.6961 -0.0077
vn -0.7752 -0.6293 -0.0550
vn -0.8128 -0.5826 0.0004
vn -0.9965 -0.0756 -0.0344
vn 0.0096 -0.0363 -0.9993
vn -0.0036 -1.0000 0.0013
vn -0.0122 -0.9999 -0.0032
vn -0.0129 -0.9999 0.0053
vn -0.0058 -1.0000 0.0001
vn -0.0047 -1.0000 -0.0003
vn -0.0067 -1.0000 -0.0005
vn -0.0094 -1.0000 -0.0000
vn -0.0103 -0.9999 0.0052
vn -0.0134 -0.9999 -0.0022
vn -0.0270 -0.9996 -0.0104
vn -0.0567 -0.9982 0.0187
vn -0.0797 -0.9923 0.0943
vn 0.9227 -0.0981 0.3728
vn 0.7541 -0.5496 0.3597
vn 0.7924 -0.5758 0.2014
vn 0.9685 -0.0108 0.2488
vn 0.7341 -0.5201 0.4365
vn 0.8512 -0.2027 0.4840
vn 0.7334 -0.5283 0.4278
vn 0.8109 -0.1192 0.5729
vn 0.5137 -0.5128 0.6878
vn 0.6347 -0.1418 0.7596
vn 0.7622 -0.6316 0.1416
vn 0.9780 0.0460 0.2035
vn 0.7098 -0.6992 0.0860
vn 0.9818 0.0472 0.1842
vn 0.6995 -0.7127 0.0525
vn 0.9877 -0.1149 0.1061
vn 0.6941 -0.7195 0.0243
vn 0.9749 -0.2194 0.0378
vn 0.7182 -0.6958 -0.0077
vn 0.7753 -0.6292 -0.0550
vn 0.8128 -0.5826 0.0004
vn 0.9965 -0.0756 -0.0344
vn -0.0096 -0.0363 -0.9993
vn 0.0036 -1.0000 0.0013
vn 0.0122 -0.9999 -0.0032
vn 0.0129 -0.9999 0.0053
vn 0.0058 -1.0000 0.0001
vn 0.0047 -1.0000 -0.0003
vn 0.0067 -1.0000 -0.0005
vn 0.0094 -1.0000 -0.0000
vn 0.0103 -0.9999 0.0052
vn 0.0134 -0.9999 -0.0022
vn 0.0270 -0.9996 -0.0104
vn 0.0567 -0.9982 0.0187
vn 0.0797 -0.9923 0.0943
vn 0.9234 0.0987 -0.3709
vn 0.7521 0.5533 -0.3581
vn 0.7913 0.5761 -0.2050
vn 0.9690 0.0102 -0.2469
vn 0.7358 0.5190 -0.4350
vn 0.8508 0.2058 -0.4835
vn 0.7318 0.5283 -0.4305
vn 0.8107 0.1188 -0.5732
vn 0.5275 0.4893 -0.6945
vn 0.6421 0.1226 -0.7567
vn 0.7597 0.6342 -0.1438
vn 0.9774 -0.0487 -0.2056
vn 0.7019 0.7069 -0.0871
vn 0.9817 -0.0499 -0.1840
vn 0.6927 0.7194 -0.0506
vn 0.9860 0.1252 -0.1102
vn 0.6988 0.7142 -0.0400
vn 0.9699 0.2401 -0.0401
vn 0.7988 0.6010 -0.0255
vn 0.8927 0.4464 0.0616
vn 0.8877 0.4604 0.0084
vn 0.9978 0.0538 0.0380
vn -0.0124 0.0293 0.9995
vn 0.0051 1.0000 -0.0004
vn 0.0103 0.9999 0.0036
vn 0.0108 0.9999 -0.0060
vn 0.0048 1.0000 -0.0014
vn 0.0044 1.0000 0.0002
vn 0.0060 1.0000 0.0016
vn 0.0083 1.0000 0.0002
vn 0.0088 1.0000 -0.0042
vn 0.0117 0.9999 0.0024
vn 0.0259 0.9996 0.0126
vn 0.0528 0.9986 0.0001
vn 0.0835 0.9891 -0.1211
vn -0.9234 0.0987 -0.3709
vn -0.7521 0.5533 -0.3581
vn -0.7913 0.5761 -0.2050
vn -0.9690 0.0102 -0.2469
vn -0.7358 0.5190 -0.4350
vn -0.8508 0.2058 -0.4835
vn -0.7318 0.5283 -0.4305
vn -0.8107 0.1188 -0.5732
vn -0.5275 0.4893 -0.6945
vn -0.6421 0.1226 -0.7567
vn -0.7598 0.6341 -0.1438
vn -0.9774 -0.0487 -0.2056
vn -0.7021 0.7067 -0.0872
vn -0.9817 -0.0499 -0.1840
vn -0.6930 0.7192 -0.0507
vn -0.9860 0.1250 -0.1101
vn -0.6991 0.7139 -0.0400
vn -0.9700 0.2398 -0.0400
vn -0.7991 0.6007 -0.0254
vn -0.8928 0.4462 0.0616
vn -0.8877 0.4604 0.0085
vn -0.9978 0.0538 0.0380
vn 0.0124 0.0293 0.9995
vn -0.0051 1.0000 -0.0004
vn -0.0103 0.9999 0.0036
vn -0.0108 0.9999 -0.0060
vn -0.0048 1.0000 -0.0014
vn -0.0044 1.0000 0.0002
vn -0.0060 1.0000 0.0016
vn -0.0083 1.0000 0.0002
vn -0.0088 1.0000 -0.0042
vn -0.0117 0.9999 0.0024
vn -0.0259 0.9996 0.0126
vn -0.0528 0.9986 0.0001
vn -0.0835 0.9891 -0.1211
vn -0.0429 0.9988 0.0232
vn -0.0067 0.9999 0.0096
vn -0.0662 0.9971 0.0372
vn -0.0593 0.9972 0.0454
vn -0.1303 0.9881 0.0820
vn 0.0141 0.9999 -0.0011
vn 0.0016 1.0000 -0.0056
vn -0.0523 0.9823 -0.1796
vn -0.0735 0.9864 -0.1471
vn -0.1597 0.9864 0.0399
vn -0.2142 0.9768 -0.0029
vn -0.0920 0.9936 -0.0662
vn -0.0121 0.9846 -0.1745
vn 0.0429 0.9988 0.0232
vn 0.0067 0.9999 0.0096
vn 0.0662 0.9971 0.0372
vn 0.0593 0.9972 0.0454
vn 0.1303 0.9881 0.0820
vn -0.0141 0.9999 -0.0011
vn -0.0016 1.0000 -0.0056
vn 0.0524 0.9823 -0.1796
vn 0.0736 0.9864 -0.1471
vn 0.1597 0.9864 0.0399
vn 0.2142 0.9768 -0.0029
vn 0.0921 0.9935 -0.0662
vn 0.0121 0.9846 -0.1745
vn -0.0000 -0.0000 1.0000
vn 0.2973 -0.9325 0.2049
vn -0.0000 0.9993 0.0387
vn -0.0616 -0.9981 -0.0013
vn -0.9725 0.2318 -0.0239
vn -0.0000 -0.0000 -1.0000
vn -0.0000 -0.9993 -0.0387
vn -0.0635 0.9980 -0.0002
vn -0.0620 0.9981 -0.0013
vn -0.9716 0.2366 -0.0020
vn -0.0632 -0.9980 -0.0001
vn 0.5394 -0.8421 0.0005
vn -0.0000 1.0000 -0.0000
vn -0.9996 0.0263 -0.0060
vn -0.9995 0.0324 0.0068
vn -0.0000 0.9299 0.3679
vn -0.9863 0.1583 -0.0463
vn -0.9967 0.0817 -0.0001
vn -0.9840 0.1763 0.0243
vn -0.9623 0.2717 0.0089
vn -0.9877 0.1539 -0.0261
vn -0.9880 0.1540 -0.0098
vn -0.9853 0.1642 -0.0478
vn -0.9956 0.0935 -0.0045
vn -0.9896 0.1437 0.0097
vn -0.9892 0.1464 0.0037
vn -0.0000 -1.0000 -0.0000
vn -0.0000 0.8543 -0.5197
vn -0.0000 -0.9993 0.0387
vn -0.0000 0.9993 -0.0387
vn -0.8467 0.5319 -0.0105
vn -0.9827 0.1844 -0.0167
vn -0.9777 0.2094 -0.0119
vn -0.0000 0.8117 0.5840
vn 0.2617 -0.8264 -0.4985
vn -0.9987 0.0183 -0.0472
vn -1.0000 0.0017 -0.0002
vn -0.2974 -0.9325 0.2050
vn 0.0616 -0.9981 -0.0013
vn 0.9728 0.2305 -0.0238
vn 0.0636 0.9980 -0.0002
vn 0.0621 0.9981 -0.0013
vn 0.9719 0.2353 -0.0020
vn 0.0632 -0.9980 -0.0001
vn -0.5394 -0.8420 0.0005
vn 0.9996 0.0263 -0.0060
vn 0.9995 0.0322 0.0067
vn 0.9865 0.1572 -0.0459
vn 0.9967 0.0811 -0.0001
vn 0.9843 0.1751 0.0241
vn 0.9629 0.2699 0.0088
vn 0.9879 0.1528 -0.0259
vn 0.9882 0.1530 -0.0097
vn 0.9855 0.1630 -0.0475
vn 0.9957 0.0928 -0.0045
vn 0.9897 0.1426 0.0096
vn 0.9894 0.1452 0.0037
vn 0.8471 0.5313 -0.0104
vn 0.9830 0.1831 -0.0166
vn 0.9781 0.2080 -0.0118
vn -0.2617 -0.8264 -0.4986
vn 0.9987 0.0183 -0.0468
vn 1.0000 0.0016 -0.0002
vn -0.0039 0.9957 0.0922
vn 0.0039 0.9957 -0.0922
vn 0.1984 -0.9752 0.0985
vn 0.1995 -0.9577 -0.2073
vn -0.2062 -0.9745 0.0883
vn -0.1817 -0.9591 -0.2172
vn 0.0276 0.7604 -0.6489
vn 0.0037 -0.9963 -0.0859
vn 0.7431 0.6689 0.0187
vn 0.1115 -0.9938 0.0028
vn -0.0276 0.7603 0.6490
vn -0.0037 -0.9963 0.0859
vn -0.7430 0.6690 -0.0186
vn -0.1115 -0.9938 -0.0028
vn 0.0037 0.9962 -0.0865
vn 0.0121 0.9586 -0.2845
vn 0.1671 -0.9685 0.1846
vn 0.1833 -0.9730 -0.1399
vn -0.1822 -0.9675 0.1756
vn -0.1712 -0.9739 -0.1489
vn -0.1122 0.9937 -0.0028
vn -0.3603 0.9328 -0.0090
vn 0.2387 -0.9627 -0.1276
vn -0.1821 -0.9731 -0.1409
vn 0.2276 -0.9637 0.1395
vn -0.1935 -0.9723 0.1314
vn 0.1123 0.9937 0.0028
vn 0.3602 0.9328 0.0090
vn -0.2387 -0.9627 0.1276
vn 0.1821 -0.9731 0.1409
vn -0.2276 -0.9637 -0.1395
vn 0.1935 -0.9723 -0.1314
vn 0.0040 0.9955 -0.0952
vn -0.0040 0.9955 0.0952
vn -0.2084 -0.9731 -0.0980
vn -0.2088 -0.9547 0.2121
vn 0.2161 -0.9725 -0.0873
vn 0.1907 -0.9561 0.2225
vn -0.1984 -0.9752 -0.0985
vn -0.1995 -0.9577 0.2073
vn 0.2062 -0.9745 -0.0883
vn 0.1817 -0.9591 0.2172
vn 0.1196 0.9928 0.0030
vn -0.1196 0.9928 -0.0030
vn 0.1288 -0.9798 -0.1532
vn -0.2680 -0.9513 -0.1523
vn 0.1155 -0.9804 0.1594
vn -0.2799 -0.9500 0.1383
vn -0.1287 -0.9798 0.1532
vn 0.2680 -0.9513 0.1523
vn -0.1155 -0.9804 -0.1594
vn 0.2799 -0.9500 -0.1383
vn 0.1215 0.9926 0.0030
vn -0.1214 0.9926 -0.0030
vn 0.1285 -0.9792 -0.1570
vn -0.2710 -0.9499 -0.1557
vn 0.1150 -0.9799 0.1632
vn -0.2832 -0.9485 0.1416
vn 0.1234 0.9923 0.0031
vn -0.1234 0.9923 -0.0031
vn 0.1282 -0.9786 -0.1611
vn -0.2742 -0.9484 -0.1594
vn 0.1144 -0.9793 0.1673
vn -0.2867 -0.9470 0.1451
vn -0.1282 -0.9786 0.1611
vn 0.2742 -0.9484 0.1594
vn -0.1144 -0.9793 -0.1673
vn 0.2867 -0.9470 -0.1451
vn 0.2084 -0.9731 0.0980
vn 0.2088 -0.9547 -0.2121
vn -0.2161 -0.9725 0.0873
vn -0.1907 -0.9561 -0.2225
vn -0.0033 0.9969 0.0781
vn 0.0033 0.9969 -0.0781
vn 0.1562 -0.9826 0.1006
vn 0.1596 -0.9693 -0.1872
vn -0.1644 -0.9821 0.0925
vn -0.1435 -0.9702 -0.1950
vn -0.1215 0.9926 -0.0030
vn -0.1285 -0.9792 0.1570
vn 0.2710 -0.9499 0.1557
vn -0.1150 -0.9799 -0.1632
vn 0.2832 -0.9485 -0.1416
vn -0.0040 0.9956 0.0936
vn 0.0040 0.9956 -0.0936
vn 0.2032 -0.9742 0.0983
vn 0.2040 -0.9563 -0.2096
vn -0.2110 -0.9735 0.0878
vn -0.1860 -0.9576 -0.2198
vn -0.2032 -0.9742 -0.0982
vn -0.2040 -0.9563 0.2097
vn 0.2110 -0.9735 -0.0878
vn 0.1860 -0.9577 0.2197
vn -0.5950 0.8036 -0.0149
vn -0.1484 0.9889 -0.0037
vn 0.2367 -0.9528 0.1903
vn 0.2405 0.9513 0.1929
vn 0.2519 -0.9513 -0.1777
vn 0.2560 0.9498 -0.1801
vn -0.1562 -0.9826 -0.1006
vn -0.1596 -0.9693 0.1872
vn 0.1644 -0.9820 -0.0925
vn 0.1435 -0.9702 0.1950
vn 0.1014 0.9948 0.0025
vn -0.1014 0.9948 -0.0025
vn 0.1311 -0.9840 -0.1203
vn -0.2419 -0.9626 -0.1218
vn 0.1207 -0.9846 0.1267
vn -0.2515 -0.9617 0.1093
vn -0.1311 -0.9840 0.1203
vn 0.2419 -0.9626 0.1218
vn -0.1207 -0.9846 -0.1267
vn 0.2515 -0.9617 -0.1093
vn -0.0037 0.9962 0.0865
vn -0.0121 0.9586 0.2845
vn -0.1670 -0.9685 -0.1846
vn -0.1833 -0.9730 0.1399
vn 0.1822 -0.9675 -0.1756
vn 0.1712 -0.9739 0.1489
vn -0.9795 -0.0049 0.2014
vn -0.6367 -0.0041 0.7711
vn 0.1938 -0.9611 -0.1970
vn 0.1780 -0.9799 0.0904
vn 0.1898 0.9726 -0.1341
vn 0.1786 0.9681 0.1757
vn 0.0036 -0.9963 -0.0854
vn -0.0036 -0.9963 0.0854
vn 0.1853 0.9785 -0.0904
vn 0.1627 0.9649 0.2061
vn -0.1773 0.9791 -0.0995
vn -0.1796 0.9638 0.1973
vn 0.9677 -0.0049 0.2520
vn 0.5795 -0.0042 0.8150
vn -0.1782 0.9735 -0.1435
vn -0.1929 0.9670 0.1662
vn -0.1769 -0.9623 -0.2066
vn -0.1852 -0.9793 0.0812
vn 0.9631 -0.0000 -0.2693
vn 0.6582 -0.0000 -0.7529
vn -0.2146 -0.9537 0.2106
vn -0.1984 -0.9757 -0.0925
vn -0.2146 0.9537 0.2107
vn -0.1984 0.9757 -0.0925
vn -0.0039 -0.9957 0.0922
vn 0.0039 -0.9957 -0.0922
vn -0.2062 0.9745 0.0883
vn -0.1817 0.9591 -0.2172
vn 0.1984 0.9752 0.0985
vn 0.1995 0.9577 -0.2073
vn -0.9474 -0.0000 -0.3201
vn -0.6030 -0.0000 -0.7977
vn 0.1966 0.9552 0.2213
vn 0.2057 0.9751 -0.0823
vn 0.1966 -0.9552 0.2213
vn 0.2057 -0.9751 -0.0823
vn 0.9795 -0.0049 -0.2013
vn 0.6367 -0.0041 -0.7711
vn -0.1938 -0.9611 0.1970
vn -0.1780 -0.9799 -0.0904
vn -0.1898 0.9726 0.1341
vn -0.1786 0.9681 -0.1757
vn -0.1853 0.9785 0.0904
vn -0.1627 0.9649 -0.2061
vn 0.1773 0.9791 0.0995
vn 0.1796 0.9638 -0.1973
vn -0.9677 -0.0049 -0.2520
vn -0.5795 -0.0042 -0.8150
vn 0.1782 0.9735 0.1435
vn 0.1929 0.9670 -0.1662
vn 0.1769 -0.9623 0.2066
vn 0.1852 -0.9793 -0.0812
vn -0.3287 -0.0062 -0.9444
vn -0.8988 -0.0037 -0.4384
vn 0.2548 -0.9556 0.1481
vn -0.1181 -0.9835 0.1373
vn 0.1747 0.9737 0.1461
vn -0.2277 0.9641 0.1367
vn 0.1109 -0.9938 0.0028
vn -0.1109 -0.9938 -0.0028
vn 0.1181 0.9826 0.1430
vn -0.2657 0.9561 0.1239
vn 0.1299 0.9821 -0.1367
vn -0.2549 0.9572 -0.1371
vn -0.4034 -0.0061 0.9150
vn -0.9220 -0.0037 0.3872
vn 0.1866 0.9729 -0.1369
vn -0.2158 0.9652 -0.1480
vn 0.2665 -0.9544 -0.1348
vn -0.1062 -0.9840 -0.1430
vn 0.3287 -0.0062 0.9444
vn 0.8988 -0.0037 0.4383
vn -0.2548 -0.9556 -0.1481
vn 0.1181 -0.9835 -0.1373
vn -0.1748 0.9737 -0.1461
vn 0.2276 0.9641 -0.1367
vn -0.1181 0.9827 -0.1430
vn 0.2657 0.9561 -0.1239
vn -0.1299 0.9821 0.1367
vn 0.2550 0.9572 0.1371
vn 0.4034 -0.0061 -0.9150
vn 0.9220 -0.0037 -0.3872
vn -0.1866 0.9729 0.1369
vn 0.2158 0.9652 0.1480
vn -0.2665 -0.9544 0.1348
vn 0.1062 -0.9840 0.1430
vn -0.9602 -0.0000 0.2795
vn -0.6616 -0.0000 0.7498
vn 0.2244 -0.9500 -0.2171
vn 0.2081 -0.9736 0.0936
vn 0.2244 0.9500 -0.2171
vn 0.2081 0.9736 0.0936
vn 0.0040 -0.9955 -0.0952
vn -0.0040 -0.9955 0.0952
vn 0.2161 0.9725 -0.0873
vn 0.1907 0.9561 0.2225
vn -0.2084 0.9731 -0.0980
vn -0.2088 0.9547 0.2121
vn 0.9438 -0.0000 0.3304
vn 0.6068 -0.0000 0.7948
vn -0.2058 0.9516 -0.2283
vn -0.2155 0.9730 0.0829
vn -0.2058 -0.9516 -0.2283
vn -0.2155 -0.9730 0.0829
vn -0.9631 -0.0000 0.2693
vn -0.6582 -0.0000 0.7529
vn 0.2146 -0.9537 -0.2106
vn 0.1984 -0.9757 0.0925
vn 0.2146 0.9537 -0.2106
vn 0.1984 0.9757 0.0925
vn 0.2062 0.9745 -0.0883
vn 0.1817 0.9591 0.2172
vn -0.1984 0.9752 -0.0985
vn -0.1995 0.9577 0.2074
vn 0.9474 -0.0000 0.3201
vn 0.6030 -0.0000 0.7978
vn -0.1966 0.9552 -0.2213
vn -0.2057 0.9751 0.0823
vn -0.1966 -0.9552 -0.2213
vn -0.2057 -0.9751 0.0823
vn -0.4278 -0.0000 -0.9039
vn -0.8885 -0.0000 -0.4588
vn 0.2725 -0.9481 0.1640
vn -0.1210 -0.9807 0.1533
vn 0.2725 0.9481 0.1640
vn -0.1210 0.9807 0.1533
vn 0.1196 -0.9928 0.0030
vn -0.1196 -0.9928 -0.0030
vn 0.1156 0.9804 0.1594
vn -0.2800 0.9500 0.1383
vn 0.1288 0.9798 -0.1532
vn -0.2680 0.9513 -0.1523
vn -0.4965 -0.0000 0.8680
vn -0.9131 -0.0000 0.4077
vn 0.2854 0.9466 -0.1497
vn -0.1078 0.9814 -0.1591
vn 0.2854 -0.9466 -0.1497
vn -0.1078 -0.9814 -0.1591
vn 0.4278 -0.0000 0.9039
vn 0.8886 -0.0000 0.4587
vn -0.2725 -0.9481 -0.1640
vn 0.1210 -0.9807 -0.1533
vn -0.2725 0.9481 -0.1640
vn 0.1210 0.9807 -0.1533
vn -0.1156 0.9804 -0.1594
vn 0.2800 0.9500 -0.1383
vn -0.1288 0.9798 0.1532
vn 0.2680 0.9513 0.1523
vn 0.4965 -0.0000 -0.8681
vn 0.9131 -0.0000 -0.4077
vn -0.2854 0.9466 0.1497
vn 0.1078 0.9814 0.1591
vn -0.2854 -0.9466 0.1497
vn 0.1078 -0.9814 0.1591
vn -0.2151 -0.0439 -0.9756
vn -0.9079 -0.0179 -0.4188
vn 0.1505 -0.9886 0.0009
vn -0.1532 -0.9882 -0.0063
vn 0.2216 0.9608 0.1665
vn -0.0642 0.9855 0.1571
vn -0.0017 -1.0000 -0.0000
vn 0.0017 -1.0000 -0.0000
vn -0.1434 0.9897 -0.0000
vn 0.1392 0.9902 0.0072
vn -0.1431 0.9897 -0.0071
vn 0.1395 0.9902 -0.0002
vn -0.2949 -0.0435 0.9545
vn -0.9298 -0.0177 0.3677
vn 0.2350 0.9596 -0.1548
vn -0.0507 0.9858 -0.1600
vn 0.1503 -0.9886 0.0067
vn -0.1534 -0.9882 -0.0013
vn -0.4420 -0.0000 -0.8970
vn -0.8868 -0.0000 -0.4622
vn 0.2808 -0.9443 0.1714
vn -0.1225 -0.9793 0.1609
vn 0.2808 0.9443 0.1714
vn -0.1225 0.9793 0.1609
vn 0.1234 -0.9923 0.0031
vn -0.1234 -0.9923 -0.0031
vn 0.1144 0.9793 0.1673
vn -0.2867 0.9470 0.1451
vn 0.1282 0.9786 -0.1611
vn -0.2742 0.9484 -0.1594
vn -0.5097 -0.0000 0.8603
vn -0.9116 -0.0000 0.4111
vn 0.2943 0.9428 -0.1567
vn -0.1086 0.9800 -0.1668
vn 0.2943 -0.9428 -0.1567
vn -0.1086 -0.9800 -0.1668
vn 0.4420 -0.0000 0.8970
vn 0.8868 -0.0000 0.4622
vn -0.2808 -0.9443 -0.1714
vn 0.1225 -0.9793 -0.1609
vn -0.2808 0.9443 -0.1714
vn 0.1224 0.9793 -0.1609
vn -0.1144 0.9793 -0.1673
vn 0.2867 0.9470 -0.1451
vn -0.1282 0.9786 0.1611
vn 0.2742 0.9484 0.1594
vn 0.5098 -0.0000 -0.8603
vn 0.9116 -0.0000 -0.4111
vn -0.2943 0.9428 0.1567
vn 0.1086 0.9800 0.1668
vn -0.2943 -0.9428 0.1567
vn 0.1086 -0.9800 0.1668
vn 0.9602 -0.0000 -0.2795
vn 0.6616 -0.0000 -0.7498
vn -0.2244 -0.9500 0.2171
vn -0.2081 -0.9736 -0.0936
vn -0.2244 0.9500 0.2171
vn -0.2081 0.9736 -0.0936
vn -0.2161 0.9725 0.0873
vn -0.1907 0.9561 -0.2225
vn 0.2084 0.9731 0.0980
vn 0.2088 0.9547 -0.2121
vn -0.9439 -0.0000 -0.3303
vn -0.6068 -0.0000 -0.7948
vn 0.2058 0.9516 0.2283
vn 0.2155 0.9730 -0.0829
vn 0.2058 -0.9516 0.2283
vn 0.2155 -0.9730 -0.0829
vn 0.9849 0.0059 -0.1729
vn 0.6282 0.0049 -0.7780
vn -0.1683 -0.9784 0.1198
vn -0.1584 -0.9722 -0.1726
vn -0.1727 0.9678 0.1832
vn -0.1575 0.9836 -0.0884
vn 0.0041 -0.9954 -0.0955
vn 0.0117 -0.9609 -0.2765
vn -0.1615 0.9709 0.1768
vn -0.1518 0.9788 -0.1377
vn 0.1463 0.9719 0.1847
vn 0.1631 0.9781 -0.1297
vn -0.9747 0.0060 -0.2235
vn -0.5703 0.0049 -0.8214
vn 0.1570 0.9688 0.1917
vn 0.1646 0.9831 -0.0803
vn 0.1579 -0.9791 0.1281
vn 0.1725 -0.9712 -0.1641
vn 0.2151 -0.0439 0.9756
vn 0.9079 -0.0179 0.4187
vn -0.1505 -0.9886 -0.0009
vn 0.1532 -0.9882 0.0063
vn -0.2216 0.9608 -0.1665
vn 0.0642 0.9855 -0.1571
vn 0.1434 0.9897 -0.0000
vn -0.1392 0.9902 -0.0072
vn 0.1431 0.9897 0.0071
vn -0.1395 0.9902 0.0002
vn 0.2949 -0.0435 -0.9545
vn 0.9298 -0.0177 -0.3677
vn -0.2350 0.9596 0.1548
vn 0.0507 0.9858 0.1600
vn -0.1503 -0.9886 -0.0067
vn 0.1534 -0.9882 0.0013
vn 0.9910 -0.0343 -0.1291
vn 0.6153 -0.0202 -0.7880
vn -0.0012 -0.9932 0.1162
vn 0.0083 -0.9929 -0.1183
vn -0.2167 0.9613 0.1703
vn -0.2028 0.9780 -0.0490
vn 0.0001 -1.0000 -0.0013
vn -0.0001 -1.0000 0.0013
vn 0.0001 0.9939 -0.1107
vn -0.0093 0.9942 0.1074
vn 0.0093 0.9938 -0.1104
vn 0.0002 0.9942 0.1076
vn -0.9832 -0.0344 -0.1794
vn -0.5562 -0.0206 -0.8308
vn 0.2021 0.9625 0.1812
vn 0.2065 0.9777 -0.0386
vn -0.0087 -0.9932 0.1160
vn 0.0018 -0.9930 -0.1185
vn -0.9910 -0.0343 0.1291
vn -0.6153 -0.0202 0.7880
vn 0.0012 -0.9932 -0.1162
vn -0.0083 -0.9929 0.1183
vn 0.2167 0.9612 -0.1704
vn 0.2028 0.9780 0.0489
vn -0.0001 0.9939 0.1106
vn 0.0093 0.9942 -0.1074
vn -0.0093 0.9938 0.1104
vn -0.0002 0.9942 -0.1076
vn 0.9832 -0.0344 0.1794
vn 0.5562 -0.0206 0.8308
vn -0.2021 0.9625 -0.1811
vn -0.2065 0.9777 0.0387
vn 0.0087 -0.9932 -0.1160
vn -0.0018 -0.9930 0.1185
vn -0.0210 0.8690 0.4944
vn -0.0049 0.9934 0.1146
vn 0.2473 -0.9517 -0.1817
vn 0.2507 0.9503 -0.1846
vn -0.2317 -0.9532 -0.1940
vn -0.2349 0.9518 -0.1971
vn 0.5949 0.8037 0.0149
vn 0.1485 0.9889 0.0037
vn -0.2367 -0.9528 -0.1903
vn -0.2405 0.9513 -0.1929
vn -0.2519 -0.9513 0.1777
vn -0.2559 0.9498 0.1801
vn 0.0210 0.8689 -0.4945
vn 0.0049 0.9934 -0.1146
vn -0.2473 -0.9517 0.1817
vn -0.2507 0.9503 0.1846
vn 0.2317 -0.9532 0.1940
vn 0.2349 0.9518 0.1971
vn -0.9849 0.0059 0.1729
vn -0.6282 0.0049 0.7780
vn 0.1683 -0.9784 -0.1198
vn 0.1584 -0.9722 0.1725
vn 0.1727 0.9678 -0.1832
vn 0.1575 0.9836 0.0884
vn -0.0041 -0.9954 0.0955
vn -0.0117 -0.9609 0.2765
vn 0.1615 0.9709 -0.1768
vn 0.1518 0.9788 0.1377
vn -0.1463 0.9719 -0.1847
vn -0.1631 0.9781 0.1297
vn 0.9747 0.0060 0.2234
vn 0.5703 0.0050 0.8215
vn -0.1570 0.9688 -0.1917
vn -0.1646 0.9831 0.0803
vn -0.1579 -0.9791 -0.1281
vn -0.1725 -0.9712 0.1641
vn -0.2849 0.0075 -0.9585
vn -0.9026 0.0043 -0.4305
vn 0.1560 -0.9792 0.1295
vn -0.2234 -0.9672 0.1211
vn 0.2371 0.9625 0.1320
vn -0.1153 0.9859 0.1213
vn -0.1238 -0.9923 -0.0031
vn -0.3507 -0.9365 -0.0088
vn 0.2288 0.9656 0.1234
vn -0.1788 0.9770 0.1165
vn 0.2385 0.9647 -0.1116
vn -0.1687 0.9777 -0.1253
vn -0.3619 0.0074 0.9322
vn -0.9252 0.0043 0.3794
vn 0.2476 0.9614 -0.1197
vn -0.1048 0.9864 -0.1269
vn 0.1666 -0.9785 -0.1213
vn -0.2128 -0.9681 -0.1322
vn 0.2849 0.0075 0.9585
vn 0.9026 0.0043 0.4305
vn -0.1560 -0.9792 -0.1295
vn 0.2233 -0.9672 -0.1211
vn -0.2371 0.9625 -0.1320
vn 0.1153 0.9859 -0.1213
vn 0.1238 -0.9923 0.0031
vn 0.3506 -0.9365 0.0088
vn -0.2288 0.9656 -0.1234
vn 0.1788 0.9770 -0.1165
vn -0.2385 0.9647 0.1116
vn 0.1687 0.9777 0.1253
vn 0.3618 0.0074 -0.9322
vn 0.9252 0.0043 -0.3794
vn -0.2476 0.9614 0.1197
vn 0.1048 0.9864 0.1269
vn -0.1666 -0.9785 0.1213
vn 0.2128 -0.9681 0.1322
vn 0.1670 -0.9685 0.1846
vn -0.1644 -0.9820 0.0925
vn -0.2146 -0.9537 0.2107
vn -0.6581 -0.0000 0.7529
vn -0.4965 -0.0000 0.8681
vn -0.1155 0.9804 -0.1594
vn 0.4965 -0.0000 -0.8680
vn 0.1225 0.9793 -0.1609
vn 0.0118 -0.9609 -0.2765
vn 0.2021 0.9625 0.1811
vn 0.2473 -0.9518 -0.1817
vn -0.3618 0.0074 0.9322
vt 0.326762 0.534230
vt 0.325547 0.535496
vt 0.324944 0.533682
vt 0.326119 0.532395
vt 0.324212 0.537148
vt 0.323583 0.535238
vt 0.326096 0.537149
vt 0.324721 0.538693
vt 0.327310 0.535813
vt 0.323219 0.534115
vt 0.324571 0.532532
vt 0.325735 0.531245
vt 0.322938 0.533159
vt 0.324135 0.531259
vt 0.325239 0.529689
vt 0.306250 0.550122
vt 0.305520 0.551553
vt 0.303162 0.551995
vt 0.302653 0.550427
vt 0.323330 0.528517
vt 0.324397 0.526726
vt 0.327246 0.540680
vt 0.325884 0.542202
vt 0.328481 0.539317
vt 0.310741 0.558108
vt 0.312108 0.556538
vt 0.313196 0.559198
vt 0.311699 0.560907
vt 0.329395 0.542169
vt 0.328180 0.543508
vt 0.314352 0.562662
vt 0.312948 0.564258
vt 0.330035 0.546207
vt 0.329312 0.547000
vt 0.315678 0.565898
vt 0.314278 0.567476
vt 0.330802 0.550068
vt 0.330465 0.550427
vt 0.329110 0.551913
vt 0.332450 0.556216
vt 0.331048 0.557746
vt 0.336575 0.567080
vt 0.334794 0.569038
vt 0.340729 0.579638
vt 0.338928 0.581551
vt 0.357118 0.558141
vt 0.355642 0.561093
vt 0.353702 0.555554
vt 0.355633 0.553457
vt 0.324094 0.597102
vt 0.319401 0.602071
vt 0.315414 0.589775
vt 0.320114 0.584425
vt 0.311674 0.578243
vt 0.316683 0.572795
vt 0.309770 0.572373
vt 0.308621 0.568830
vt 0.307498 0.565368
vt 0.306559 0.562472
vt 0.305477 0.559136
vt 0.309331 0.554870
vt 0.304939 0.557477
vt 0.308510 0.553666
vt 0.304267 0.555403
vt 0.307167 0.552539
vt 0.303944 0.554406
vt 0.306277 0.551990
vt 0.303650 0.553500
vt 0.321582 0.539876
vt 0.321009 0.537965
vt 0.322187 0.536688
vt 0.322768 0.538525
vt 0.324197 0.537165
vt 0.324695 0.538720
vt 0.323298 0.540199
vt 0.322078 0.541516
vt 0.321814 0.535536
vt 0.320641 0.536798
vt 0.321412 0.534227
vt 0.322894 0.533207
vt 0.320133 0.535255
vt 0.300789 0.556075
vt 0.301823 0.555583
vt 0.319115 0.532484
vt 0.320482 0.531621
vt 0.325821 0.542272
vt 0.324440 0.543738
vt 0.334177 0.602391
vt 0.334176 0.602929
vt 0.333988 0.602927
vt 0.333992 0.602389
vt 0.302470 0.567124
vt 0.303355 0.570002
vt 0.301819 0.571599
vt 0.301066 0.568574
vt 0.325350 0.546594
vt 0.324128 0.547911
vt 0.323198 0.545075
vt 0.304363 0.573616
vt 0.302928 0.575114
vt 0.326482 0.550084
vt 0.325757 0.550869
vt 0.305270 0.577294
vt 0.303846 0.578795
vt 0.327574 0.553579
vt 0.327241 0.553949
vt 0.328933 0.552106
vt 0.330803 0.558013
vt 0.329400 0.559541
vt 0.334425 0.569439
vt 0.332636 0.571374
vt 0.338446 0.582076
vt 0.336669 0.584064
vt 0.354122 0.548799
vt 0.352006 0.549750
vt 0.314778 0.607255
vt 0.310605 0.594790
vt 0.306671 0.583709
vt 0.301592 0.563306
vt 0.301408 0.561408
vt 0.301508 0.558707
vt 0.301671 0.557011
vt 0.326645 0.533344
vt 0.326071 0.531499
vt 0.327200 0.530283
vt 0.327757 0.532083
vt 0.328312 0.529086
vt 0.328903 0.530994
vt 0.329379 0.532526
vt 0.328266 0.533719
vt 0.327141 0.534935
vt 0.326851 0.529153
vt 0.327962 0.527956
vt 0.325722 0.530368
vt 0.326469 0.527920
vt 0.327693 0.527083
vt 0.325263 0.528872
vt 0.333295 0.597842
vt 0.332543 0.595722
vt 0.333774 0.594418
vt 0.334174 0.595931
vt 0.325619 0.525883
vt 0.330485 0.536066
vt 0.329369 0.537262
vt 0.328245 0.538477
vt 0.313425 0.552551
vt 0.314276 0.555449
vt 0.313045 0.556766
vt 0.312297 0.553756
vt 0.330260 0.540116
vt 0.329134 0.541333
vt 0.315288 0.559063
vt 0.314131 0.560299
vt 0.331360 0.543634
vt 0.330712 0.544335
vt 0.316242 0.562695
vt 0.315051 0.563966
vt 0.332448 0.547119
vt 0.332189 0.547400
vt 0.333563 0.545923
vt 0.335410 0.551840
vt 0.334299 0.553032
vt 0.338996 0.563300
vt 0.337457 0.564953
vt 0.342818 0.575520
vt 0.341279 0.577173
vt 0.344327 0.521484
vt 0.342931 0.517351
vt 0.344488 0.515654
vt 0.346122 0.520693
vt 0.325660 0.592111
vt 0.321641 0.580106
vt 0.325967 0.575622
vt 0.329792 0.587417
vt 0.317699 0.569036
vt 0.322226 0.564087
vt 0.320323 0.558218
vt 0.319173 0.554672
vt 0.318050 0.551209
vt 0.317110 0.548311
vt 0.312578 0.548729
vt 0.316029 0.544977
vt 0.312417 0.546854
vt 0.315490 0.543316
vt 0.312514 0.544192
vt 0.314816 0.541236
vt 0.312673 0.542508
vt 0.314493 0.540240
vt 0.312842 0.541158
vt 0.314211 0.539372
vt 0.313842 0.538232
vt 0.331194 0.528386
vt 0.330059 0.529574
vt 0.329462 0.527817
vt 0.330583 0.526580
vt 0.328989 0.530900
vt 0.328357 0.529036
vt 0.330599 0.531177
vt 0.329496 0.532399
vt 0.331720 0.529944
vt 0.327983 0.527934
vt 0.329087 0.526715
vt 0.330208 0.525479
vt 0.328678 0.525512
vt 0.329711 0.524023
vt 0.331988 0.593392
vt 0.333307 0.592978
vt 0.328109 0.523170
vt 0.329095 0.521605
vt 0.331770 0.534645
vt 0.330665 0.535870
vt 0.332890 0.533414
vt 0.320902 0.544401
vt 0.322019 0.543159
vt 0.323104 0.545802
vt 0.321886 0.547155
vt 0.333832 0.536212
vt 0.332712 0.537444
vt 0.324278 0.549239
vt 0.323134 0.550511
vt 0.334518 0.540186
vt 0.333873 0.540896
vt 0.325597 0.552472
vt 0.324419 0.553782
vt 0.335281 0.544029
vt 0.335023 0.544312
vt 0.333917 0.545537
vt 0.336972 0.550118
vt 0.335870 0.551338
vt 0.341177 0.560899
vt 0.339650 0.562588
vt 0.345207 0.572892
vt 0.343680 0.574581
vt 0.341617 0.513128
vt 0.342854 0.510614
vt 0.334016 0.583003
vt 0.330184 0.570794
vt 0.326760 0.559158
vt 0.319476 0.541211
vt 0.318654 0.540056
vt 0.317332 0.538941
vt 0.316448 0.538394
vt 0.315723 0.538018
vt 0.288547 0.575876
vt 0.288426 0.573474
vt 0.289102 0.572942
vt 0.289226 0.575279
vt 0.288731 0.577856
vt 0.289406 0.577214
vt 0.288550 0.571771
vt 0.289219 0.571302
vt 0.289089 0.569089
vt 0.289742 0.568733
vt 0.290777 0.563373
vt 0.291049 0.564213
vt 0.289479 0.581818
vt 0.290150 0.581148
vt 0.290073 0.585019
vt 0.290741 0.584329
vt 0.290953 0.588798
vt 0.291613 0.588104
vt 0.292094 0.592257
vt 0.292750 0.591542
vt 0.297863 0.609269
vt 0.294219 0.597889
vt 0.294871 0.597163
vt 0.298488 0.608579
vt 0.302064 0.621776
vt 0.302509 0.620583
vt 0.307716 0.615606
vt 0.307549 0.615089
vt 0.296739 0.564413
vt 0.297833 0.565754
vt 0.297222 0.566562
vt 0.296162 0.565246
vt 0.298694 0.566996
vt 0.298063 0.567777
vt 0.295864 0.563798
vt 0.295320 0.564652
vt 0.294322 0.563385
vt 0.293839 0.564268
vt 0.300235 0.570094
vt 0.299594 0.570854
vt 0.301485 0.572580
vt 0.300835 0.573326
vt 0.302876 0.575803
vt 0.302227 0.576535
vt 0.303988 0.579292
vt 0.303332 0.580008
vt 0.305672 0.585404
vt 0.309384 0.596712
vt 0.308755 0.597388
vt 0.305012 0.586110
vt 0.313372 0.609450
vt 0.312587 0.609598
vt 0.420105 0.890335
vt 0.407285 0.890335
vt 0.407286 0.870850
vt 0.420105 0.870850
vt 0.095514 0.908571
vt 0.095514 0.917162
vt 0.093304 0.917162
vt 0.093304 0.908571
vt 0.361981 0.683658
vt 0.381466 0.683658
vt 0.381466 0.706210
vt 0.361981 0.706210
vt 0.365845 0.549285
vt 0.346360 0.549285
vt 0.342497 0.544816
vt 0.365845 0.544816
vt 0.385329 0.625906
vt 0.385329 0.603354
vt 0.389192 0.598877
vt 0.389192 0.625900
vt 0.442172 0.822839
vt 0.442172 0.849872
vt 0.439916 0.849872
vt 0.439916 0.822839
vt 0.209267 0.901921
vt 0.209267 0.925268
vt 0.207011 0.925268
vt 0.207011 0.901921
vt 0.365845 0.648458
vt 0.385329 0.648458
vt 0.389192 0.652923
vt 0.365845 0.652923
vt 0.346360 0.571843
vt 0.346360 0.594401
vt 0.342497 0.598877
vt 0.342497 0.571846
vt 0.442172 0.795806
vt 0.439916 0.795806
vt 0.361981 0.661106
vt 0.381466 0.661106
vt 0.404761 0.864028
vt 0.404761 0.851228
vt 0.406971 0.851228
vt 0.406971 0.864028
vt 0.407285 0.743982
vt 0.394376 0.743982
vt 0.394376 0.721421
vt 0.407285 0.721421
vt 0.394376 0.698861
vt 0.407285 0.698861
vt 0.427919 0.843063
vt 0.427919 0.823578
vt 0.436050 0.823578
vt 0.436050 0.843063
vt 0.381466 0.721421
vt 0.383595 0.716542
vt 0.392247 0.716542
vt 0.381466 0.698861
vt 0.383595 0.703740
vt 0.392247 0.703740
vt 0.381466 0.743981
vt 0.383595 0.739102
vt 0.392247 0.739102
vt 0.383595 0.726301
vt 0.392247 0.726301
vt 0.415937 0.750632
vt 0.407286 0.750632
vt 0.407286 0.737831
vt 0.415937 0.737831
vt 0.428304 0.557617
vt 0.419653 0.557617
vt 0.419653 0.544816
vt 0.428304 0.544816
vt 0.412487 0.575451
vt 0.412487 0.562651
vt 0.414697 0.562651
vt 0.414697 0.575451
vt 0.414697 0.588248
vt 0.412487 0.588248
vt 0.412487 0.575451
vt 0.425041 0.611519
vt 0.425041 0.602872
vt 0.427251 0.602872
vt 0.427251 0.611519
vt 0.430514 0.544816
vt 0.430514 0.557613
vt 0.428304 0.557613
vt 0.428304 0.544816
vt 0.091094 0.908571
vt 0.091094 0.917162
vt 0.088884 0.917162
vt 0.088884 0.908571
vt 0.425585 0.795985
vt 0.425585 0.787338
vt 0.427795 0.787338
vt 0.427795 0.795985
vt 0.414998 0.628905
vt 0.402095 0.628905
vt 0.402095 0.609421
vt 0.414998 0.609421
vt 0.365845 0.594401
vt 0.346360 0.583749
vt 0.365845 0.583749
vt 0.365845 0.603354
vt 0.365845 0.598877
vt 0.436050 0.870274
vt 0.436050 0.846926
vt 0.438290 0.846926
vt 0.438290 0.870274
vt 0.365845 0.598877
vt 0.337092 0.872993
vt 0.337092 0.892478
vt 0.329312 0.892478
vt 0.329312 0.872993
vt 0.389192 0.628905
vt 0.389192 0.609421
vt 0.396926 0.873788
vt 0.396926 0.896348
vt 0.383337 0.880968
vt 0.383337 0.873802
vt 0.346360 0.571736
vt 0.365845 0.571736
vt 0.404761 0.873788
vt 0.404761 0.896348
vt 0.396926 0.861773
vt 0.314057 0.883560
vt 0.314057 0.892478
vt 0.312200 0.892478
vt 0.312200 0.883560
vt 0.422674 0.718346
vt 0.422674 0.737831
vt 0.409155 0.727264
vt 0.409155 0.718346
vt 0.294663 0.860914
vt 0.303554 0.860914
vt 0.303554 0.880399
vt 0.294663 0.880399
vt 0.361981 0.652923
vt 0.381466 0.652923
vt 0.407285 0.752168
vt 0.398331 0.752168
vt 0.419653 0.553733
vt 0.412487 0.553733
vt 0.412487 0.544816
vt 0.381466 0.880968
vt 0.381466 0.873802
vt 0.407285 0.727264
vt 0.407285 0.718346
vt 0.420105 0.909819
vt 0.407285 0.909819
vt 0.097724 0.908571
vt 0.097724 0.917162
vt 0.342497 0.706210
vt 0.342497 0.683658
vt 0.389192 0.544816
vt 0.385329 0.549285
vt 0.346360 0.625906
vt 0.342497 0.625900
vt 0.346360 0.603354
vt 0.441066 0.897883
vt 0.443322 0.897883
vt 0.443322 0.924916
vt 0.441066 0.924916
vt 0.207011 0.878573
vt 0.209267 0.878573
vt 0.342497 0.652923
vt 0.346360 0.648458
vt 0.385329 0.571843
vt 0.389192 0.571846
vt 0.385329 0.594401
vt 0.441066 0.870850
vt 0.443322 0.870850
vt 0.342497 0.661106
vt 0.406971 0.876829
vt 0.404761 0.876829
vt 0.404761 0.864028
vt 0.406971 0.864028
vt 0.381466 0.843042
vt 0.381466 0.820481
vt 0.394376 0.820481
vt 0.394376 0.843042
vt 0.381466 0.797921
vt 0.394376 0.797921
vt 0.436050 0.862548
vt 0.427919 0.862548
vt 0.396505 0.815602
vt 0.405156 0.815602
vt 0.407286 0.820481
vt 0.405156 0.802800
vt 0.407286 0.797921
vt 0.396505 0.802800
vt 0.396505 0.838162
vt 0.405156 0.838162
vt 0.407286 0.843041
vt 0.405156 0.825360
vt 0.396505 0.825361
vt 0.183627 0.920597
vt 0.183627 0.907795
vt 0.192278 0.907795
vt 0.192278 0.920597
vt 0.192278 0.920597
vt 0.192278 0.907795
vt 0.200930 0.907795
vt 0.200930 0.920597
vt 0.406971 0.889629
vt 0.404761 0.889629
vt 0.404761 0.876829
vt 0.308972 0.907417
vt 0.311182 0.907417
vt 0.311182 0.920214
vt 0.308972 0.920214
vt 0.427879 0.696740
vt 0.425669 0.696740
vt 0.425669 0.688093
vt 0.427879 0.688093
vt 0.432724 0.544816
vt 0.432724 0.557613
vt 0.088884 0.917218
vt 0.086674 0.917218
vt 0.086674 0.908571
vt 0.414998 0.589936
vt 0.402095 0.589936
vt 0.385329 0.583749
vt 0.438290 0.823578
vt 0.337092 0.911963
vt 0.329312 0.911963
vt 0.389192 0.589936
vt 0.397027 0.567376
vt 0.410617 0.567390
vt 0.410617 0.574556
vt 0.397027 0.589936
vt 0.385329 0.571736
vt 0.389192 0.567376
vt 0.389192 0.544816
vt 0.397027 0.555361
vt 0.314057 0.901395
vt 0.312200 0.901395
vt 0.409155 0.709428
vt 0.422674 0.698861
vt 0.294663 0.841430
vt 0.303554 0.841430
vt 0.390420 0.851228
vt 0.381466 0.851228
vt 0.419653 0.562651
vt 0.412487 0.567390
vt 0.412487 0.574556
vt 0.407285 0.709428
vt 0.477513 0.983462
vt 0.477513 0.953566
vt 0.477619 0.953597
vt 0.477619 0.983842
vt 0.477406 0.984491
vt 0.477406 0.952126
vt 0.750373 0.646895
vt 0.750177 0.629101
vt 0.750404 0.629031
vt 0.750404 0.647397
vt 0.748701 0.882586
vt 0.748668 0.898296
vt 0.748441 0.899477
vt 0.748441 0.882593
vt 0.750149 0.000000
vt 0.750077 0.015756
vt 0.750016 0.016316
vt 0.749889 0.000000
vt 0.750222 0.881541
vt 0.750177 0.867942
vt 0.750462 0.867893
vt 0.750462 0.882490
vt 0.411865 0.952280
vt 0.411820 0.976140
vt 0.411708 0.976141
vt 0.411753 0.952127
vt 0.351164 0.842303
vt 0.351164 0.872532
vt 0.350971 0.873868
vt 0.350971 0.841714
vt 0.411865 0.999847
vt 0.411753 1.000000
vt 0.357238 0.830580
vt 0.357432 0.829245
vt 0.754636 0.206737
vt 0.754636 0.235941
vt 0.754524 0.236087
vt 0.754524 0.206696
vt 0.357238 0.860810
vt 0.357432 0.861399
vt 0.754824 0.041693
vt 0.754824 0.013152
vt 0.754936 0.013116
vt 0.754936 0.041840
vt 0.756646 0.297179
vt 0.756646 0.267311
vt 0.756733 0.267201
vt 0.756733 0.297625
vt 0.729919 0.195824
vt 0.729919 0.219399
vt 0.729745 0.219966
vt 0.729745 0.194586
vt 0.751708 0.028890
vt 0.751606 0.011729
vt 0.751834 0.011713
vt 0.751834 0.029217
vt 0.732696 0.207533
vt 0.732888 0.206941
vt 0.751865 0.269454
vt 0.751865 0.284487
vt 0.751723 0.284823
vt 0.751606 0.269516
vt 0.751669 0.527164
vt 0.751606 0.514417
vt 0.751891 0.514417
vt 0.751790 0.528320
vt 0.756820 0.791682
vt 0.756820 0.768424
vt 0.756931 0.767992
vt 0.756931 0.791684
vt 0.261564 0.885410
vt 0.261564 0.913609
vt 0.261390 0.914436
vt 0.261390 0.884078
vt 0.751606 0.446540
vt 0.751606 0.431594
vt 0.751866 0.431658
vt 0.751748 0.446874
vt 0.264340 0.899462
vt 0.264532 0.899018
vt 0.753505 0.307242
vt 0.753505 0.319638
vt 0.753344 0.319893
vt 0.753216 0.307242
vt 0.749889 0.433353
vt 0.749889 0.418460
vt 0.750150 0.418521
vt 0.749984 0.434681
vt 0.756932 0.199694
vt 0.756932 0.222952
vt 0.756820 0.223384
vt 0.756820 0.199692
vt 0.660662 0.926357
vt 0.660662 0.902933
vt 0.660836 0.901699
vt 0.660836 0.926916
vt 0.751606 0.400722
vt 0.751606 0.385797
vt 0.751866 0.385860
vt 0.751749 0.401056
vt 0.752235 0.560307
vt 0.752080 0.572659
vt 0.751947 0.573769
vt 0.751947 0.560264
vt 0.751417 0.651962
vt 0.751333 0.668854
vt 0.751204 0.669186
vt 0.751184 0.651962
vt 0.657885 0.914565
vt 0.657694 0.913970
vt 0.479757 0.953152
vt 0.479757 0.983054
vt 0.479650 0.983020
vt 0.479650 0.952775
vt 0.479863 0.952127
vt 0.479863 0.984491
vt 0.750358 0.798401
vt 0.750177 0.784363
vt 0.750461 0.784261
vt 0.750461 0.798943
vt 0.748309 0.544875
vt 0.748283 0.560986
vt 0.748049 0.562154
vt 0.748049 0.544860
vt 0.748966 0.764169
vt 0.748774 0.780260
vt 0.748706 0.780813
vt 0.748706 0.764125
vt 0.748455 0.385063
vt 0.748441 0.366939
vt 0.748668 0.366876
vt 0.748668 0.386379
vt 0.454029 0.953155
vt 0.454029 0.983051
vt 0.453923 0.983020
vt 0.453923 0.952775
vt 0.454136 0.952126
vt 0.454136 0.984491
vt 0.751367 0.144874
vt 0.751184 0.131266
vt 0.751468 0.131186
vt 0.751468 0.145419
vt 0.748701 0.810986
vt 0.748668 0.826723
vt 0.748441 0.827907
vt 0.748441 0.810992
vt 0.750149 0.124831
vt 0.750075 0.140559
vt 0.750013 0.141119
vt 0.749889 0.124831
vt 0.748727 0.368296
vt 0.748706 0.350505
vt 0.748934 0.350460
vt 0.748934 0.369627
vt 0.517537 0.976104
vt 0.517537 0.952823
vt 0.517674 0.952424
vt 0.517674 0.975976
vt 0.517400 0.977329
vt 0.517400 0.952126
vt 0.750084 0.236856
vt 0.749889 0.221196
vt 0.750150 0.221174
vt 0.750150 0.237411
vt 0.748674 0.844860
vt 0.748651 0.862390
vt 0.748441 0.863707
vt 0.748441 0.844827
vt 0.751893 0.076211
vt 0.751713 0.089456
vt 0.751606 0.089993
vt 0.751606 0.076112
vt 0.748474 0.948809
vt 0.748441 0.933176
vt 0.748702 0.933182
vt 0.748702 0.949983
vt 0.507591 0.953351
vt 0.507591 0.976631
vt 0.507455 0.977031
vt 0.507455 0.953479
vt 0.507728 0.952126
vt 0.507728 0.977329
vt 0.749961 0.187939
vt 0.749889 0.172286
vt 0.750151 0.172286
vt 0.750023 0.188500
vt 0.751184 0.081569
vt 0.751137 0.094805
vt 0.750895 0.095707
vt 0.750895 0.081500
vt 0.750409 0.038614
vt 0.750213 0.056149
vt 0.750177 0.056662
vt 0.750177 0.038556
vt 0.748474 0.982464
vt 0.748441 0.966812
vt 0.748702 0.966818
vt 0.748702 0.983640
vt 0.506564 0.976105
vt 0.506564 0.952822
vt 0.506701 0.952424
vt 0.506701 0.975976
vt 0.506428 0.977329
vt 0.506428 0.952126
vt 0.749144 0.755079
vt 0.749128 0.739226
vt 0.749389 0.739226
vt 0.749205 0.755642
vt 0.748674 0.514002
vt 0.748654 0.531694
vt 0.748441 0.533004
vt 0.748441 0.513961
vt 0.751471 0.117194
vt 0.751292 0.130650
vt 0.751184 0.131186
vt 0.751184 0.117083
vt 0.748448 0.348861
vt 0.748441 0.333047
vt 0.748702 0.333047
vt 0.748677 0.350031
vt 0.459534 0.976106
vt 0.459534 0.952821
vt 0.459671 0.952424
vt 0.459671 0.975976
vt 0.459397 0.977329
vt 0.459397 0.952126
vt 0.748898 0.865147
vt 0.748706 0.849111
vt 0.748967 0.849068
vt 0.748967 0.865700
vt 0.748282 0.755103
vt 0.748266 0.772971
vt 0.748049 0.774272
vt 0.748049 0.755052
vt 0.750822 0.546710
vt 0.750645 0.560394
vt 0.750535 0.560929
vt 0.750535 0.546588
vt 0.748076 0.647184
vt 0.748049 0.631174
vt 0.748311 0.631159
vt 0.748311 0.648342
vt 0.461835 0.953349
vt 0.461835 0.976634
vt 0.461698 0.977031
vt 0.461698 0.953479
vt 0.461972 0.952126
vt 0.461972 0.977329
vt 0.748898 0.746885
vt 0.748706 0.730867
vt 0.748967 0.730823
vt 0.748967 0.747438
vt 0.750177 0.788547
vt 0.750135 0.802223
vt 0.749889 0.803110
vt 0.749889 0.788455
vt 0.749360 0.853265
vt 0.749166 0.871137
vt 0.749128 0.871649
vt 0.749128 0.853188
vt 0.748076 0.681588
vt 0.748049 0.665560
vt 0.748310 0.665545
vt 0.748310 0.682748
vt 0.494388 0.983465
vt 0.494388 0.953563
vt 0.494494 0.953597
vt 0.494494 0.983842
vt 0.494281 0.984491
vt 0.494281 0.952127
vt 0.749744 0.865477
vt 0.749550 0.847350
vt 0.749777 0.847262
vt 0.749777 0.865979
vt 0.748309 0.596726
vt 0.748283 0.612810
vt 0.748049 0.613976
vt 0.748049 0.596712
vt 0.748966 0.639450
vt 0.748773 0.655569
vt 0.748706 0.656121
vt 0.748706 0.639406
vt 0.749168 0.833792
vt 0.749128 0.819763
vt 0.749413 0.819692
vt 0.749413 0.834727
vt 0.462543 0.983449
vt 0.462543 0.953579
vt 0.462649 0.953597
vt 0.462649 0.983842
vt 0.462436 0.984491
vt 0.462436 0.952126
vt 0.751947 0.898416
vt 0.751947 0.881861
vt 0.752174 0.881906
vt 0.751966 0.898922
vt 0.751441 0.853877
vt 0.751441 0.868159
vt 0.751251 0.869417
vt 0.751184 0.853995
vt 0.752547 0.418190
vt 0.752547 0.432524
vt 0.752499 0.433095
vt 0.752289 0.418308
vt 0.752882 0.854619
vt 0.752882 0.842692
vt 0.753166 0.842773
vt 0.753091 0.855652
vt 0.507865 0.953350
vt 0.507865 0.976633
vt 0.507728 0.977031
vt 0.507728 0.953479
vt 0.508001 0.952126
vt 0.508001 0.977329
vt 0.749141 0.685128
vt 0.749128 0.669293
vt 0.749389 0.669293
vt 0.749202 0.685690
vt 0.750465 0.965831
vt 0.750421 0.979279
vt 0.750177 0.980173
vt 0.750177 0.965751
vt 0.749782 0.884764
vt 0.749587 0.902461
vt 0.749550 0.902973
vt 0.749550 0.884696
vt 0.748451 0.419216
vt 0.748441 0.403384
vt 0.748702 0.403384
vt 0.748680 0.420389
vt 0.494601 0.983463
vt 0.494601 0.953564
vt 0.494707 0.953597
vt 0.494707 0.983842
vt 0.494494 0.984491
vt 0.494494 0.952126
vt 0.750084 0.946880
vt 0.749889 0.928926
vt 0.750116 0.928847
vt 0.750116 0.947382
vt 0.748701 0.260893
vt 0.748671 0.276783
vt 0.748441 0.277957
vt 0.748441 0.260890
vt 0.749388 0.568806
vt 0.749194 0.584730
vt 0.749128 0.585283
vt 0.749128 0.568772
vt 0.749932 0.772705
vt 0.749889 0.758899
vt 0.750174 0.758840
vt 0.750174 0.773647
vt 0.479970 0.953153
vt 0.479970 0.983052
vt 0.479863 0.983020
vt 0.479863 0.952775
vt 0.480076 0.952126
vt 0.480076 0.984491
vt 0.750717 0.894739
vt 0.750535 0.880925
vt 0.750820 0.880834
vt 0.750820 0.895283
vt 0.748701 0.156922
vt 0.748693 0.172839
vt 0.748464 0.174019
vt 0.748441 0.156922
vt 0.749388 0.603737
vt 0.749195 0.619634
vt 0.749128 0.620188
vt 0.749128 0.603705
vt 0.748459 0.790906
vt 0.748441 0.772956
vt 0.748669 0.772902
vt 0.748669 0.792230
vt 0.754636 0.923041
vt 0.754636 0.951275
vt 0.754524 0.951436
vt 0.754524 0.922711
vt 0.747335 0.892513
vt 0.747335 0.869226
vt 0.747521 0.867991
vt 0.747521 0.893030
vt 0.362954 0.953442
vt 0.362948 0.975810
vt 0.362755 0.976534
vt 0.362843 0.953440
vt 0.363068 0.952126
vt 0.363142 0.976534
vt 0.274384 0.976833
vt 0.274390 0.953576
vt 0.274501 0.953488
vt 0.274577 0.977425
vt 0.274189 0.977425
vt 0.274278 0.952127
vt 0.480183 0.953168
vt 0.480183 0.983038
vt 0.480076 0.983020
vt 0.480076 0.952775
vt 0.480289 0.952127
vt 0.480289 0.984491
vt 0.753550 0.173942
vt 0.753550 0.161989
vt 0.753835 0.162073
vt 0.753632 0.174519
vt 0.751441 0.701982
vt 0.751441 0.716293
vt 0.751251 0.717553
vt 0.751184 0.702099
vt 0.752547 0.544487
vt 0.752547 0.558792
vt 0.752499 0.559364
vt 0.752289 0.544606
vt 0.750895 0.498594
vt 0.750895 0.482056
vt 0.751123 0.482100
vt 0.751065 0.499991
vt 0.459807 0.976094
vt 0.459807 0.952834
vt 0.459944 0.952424
vt 0.459944 0.975976
vt 0.459671 0.977329
vt 0.459671 0.952126
vt 0.752289 0.711474
vt 0.752289 0.697232
vt 0.752548 0.697352
vt 0.752338 0.712047
vt 0.751128 0.017496
vt 0.751128 0.033752
vt 0.750955 0.035136
vt 0.750895 0.017556
vt 0.753839 0.841741
vt 0.753647 0.853264
vt 0.753550 0.853819
vt 0.753550 0.841753
vt 0.751184 0.931926
vt 0.751184 0.917729
vt 0.751443 0.917848
vt 0.751375 0.933178
vt 0.507318 0.953361
vt 0.507318 0.976621
vt 0.507181 0.977031
vt 0.507181 0.953479
vt 0.507455 0.952126
vt 0.507455 0.977329
vt 0.752289 0.681844
vt 0.752289 0.667623
vt 0.752548 0.667743
vt 0.752339 0.682417
vt 0.753505 0.688708
vt 0.753433 0.700222
vt 0.753216 0.701192
vt 0.753216 0.688751
vt 0.752179 0.526677
vt 0.752179 0.542952
vt 0.752155 0.543471
vt 0.751947 0.526738
vt 0.751184 0.947397
vt 0.751184 0.933178
vt 0.751442 0.933297
vt 0.751375 0.948651
vt 0.757081 0.495689
vt 0.757081 0.525556
vt 0.756994 0.525666
vt 0.756994 0.495243
vt 0.630058 0.904554
vt 0.630058 0.875700
vt 0.630232 0.874359
vt 0.630232 0.905422
vt 0.752955 0.180444
vt 0.752882 0.167665
vt 0.753167 0.167665
vt 0.753115 0.180705
vt 0.750149 0.204837
vt 0.750149 0.219839
vt 0.750055 0.221173
vt 0.749889 0.204898
vt 0.751865 0.355116
vt 0.751865 0.370121
vt 0.751723 0.370457
vt 0.751606 0.355179
vt 0.627281 0.890076
vt 0.627089 0.889660
vt 0.255137 0.971896
vt 0.255133 0.952710
vt 0.255302 0.952127
vt 0.255260 0.972101
vt 0.254855 0.972852
vt 0.254806 0.952127
vt 0.498282 0.915804
vt 0.498266 0.930712
vt 0.498041 0.931617
vt 0.498041 0.915869
vt 0.473853 0.895628
vt 0.473978 0.878633
vt 0.474035 0.877865
vt 0.474035 0.896587
vt 0.502664 0.928101
vt 0.502632 0.928553
vt 0.469172 0.888986
vt 0.468850 0.889083
vt 0.481489 0.983044
vt 0.481489 0.953162
vt 0.481596 0.952775
vt 0.481596 0.983020
vt 0.481383 0.984490
vt 0.481383 0.952126
vt 0.751157 0.431504
vt 0.751157 0.446582
vt 0.750895 0.446529
vt 0.751101 0.430940
vt 0.749128 0.720641
vt 0.749166 0.703447
vt 0.749359 0.702088
vt 0.749359 0.720657
vt 0.752289 0.346935
vt 0.752477 0.334077
vt 0.752575 0.333528
vt 0.752575 0.346974
vt 0.749811 0.388306
vt 0.749811 0.403382
vt 0.749550 0.403330
vt 0.749601 0.387082
vt 0.273079 0.952710
vt 0.273087 0.971896
vt 0.272988 0.972100
vt 0.272936 0.952127
vt 0.273415 0.952127
vt 0.273379 0.972852
vt 0.736954 0.042438
vt 0.739499 0.032758
vt 0.739841 0.032757
vt 0.737092 0.042646
vt 0.729403 0.593157
vt 0.733782 0.589974
vt 0.734058 0.590352
vt 0.729188 0.594088
vt 0.736954 0.023252
vt 0.737137 0.022671
vt 0.729274 0.578206
vt 0.729188 0.577640
vt 0.239829 0.974209
vt 0.239829 0.952718
vt 0.240003 0.952126
vt 0.240003 0.974797
vt 0.239506 0.974797
vt 0.239506 0.952126
vt 0.355888 0.911520
vt 0.351218 0.910807
vt 0.350971 0.909967
vt 0.355891 0.910692
vt 0.736587 0.755707
vt 0.734027 0.745038
vt 0.734027 0.744455
vt 0.736929 0.755705
vt 0.351335 0.926607
vt 0.351088 0.926607
vt 0.734027 0.766530
vt 0.734027 0.767126
vt 0.483815 0.953566
vt 0.483815 0.983462
vt 0.483708 0.983842
vt 0.483708 0.953597
vt 0.483921 0.952126
vt 0.483921 0.984491
vt 0.749372 0.432151
vt 0.749389 0.447998
vt 0.749128 0.447998
vt 0.749311 0.431592
vt 0.749889 0.910795
vt 0.749935 0.897073
vt 0.750175 0.896123
vt 0.750175 0.910855
vt 0.749889 0.324914
vt 0.750085 0.307053
vt 0.750119 0.306555
vt 0.750119 0.324994
vt 0.748693 0.001185
vt 0.748703 0.016993
vt 0.748441 0.016993
vt 0.748467 0.000000
vt 0.244113 0.952719
vt 0.244113 0.974211
vt 0.243927 0.974800
vt 0.243927 0.952129
vt 0.244410 0.952126
vt 0.244410 0.974798
vt 0.235401 0.891352
vt 0.235423 0.873606
vt 0.235631 0.872708
vt 0.235631 0.891321
vt 0.717100 0.907951
vt 0.720529 0.918769
vt 0.720605 0.919365
vt 0.716749 0.907951
vt 0.230344 0.878199
vt 0.230296 0.877447
vt 0.720529 0.897277
vt 0.720605 0.896695
vt 0.258562 0.971904
vt 0.258604 0.952719
vt 0.258775 0.952140
vt 0.258686 0.972112
vt 0.258279 0.972853
vt 0.258279 0.952127
vt 0.413811 0.914465
vt 0.413795 0.929400
vt 0.413570 0.930306
vt 0.413570 0.914530
vt 0.737979 0.406203
vt 0.735417 0.396718
vt 0.735414 0.396143
vt 0.738320 0.406200
vt 0.418196 0.926748
vt 0.418165 0.927200
vt 0.735426 0.415904
vt 0.735414 0.416868
vt 0.485666 0.953573
vt 0.485666 0.983455
vt 0.485559 0.983842
vt 0.485559 0.953597
vt 0.485772 0.952126
vt 0.485772 0.984490
vt 0.751156 0.518489
vt 0.751156 0.533587
vt 0.750895 0.533534
vt 0.751101 0.517925
vt 0.751606 0.604200
vt 0.751631 0.591350
vt 0.751857 0.590360
vt 0.751892 0.604200
vt 0.750895 0.464280
vt 0.751095 0.447081
vt 0.751126 0.446582
vt 0.751126 0.464319
vt 0.749811 0.337598
vt 0.749811 0.352655
vt 0.749550 0.352603
vt 0.749601 0.336377
vt 0.266467 0.952719
vt 0.266508 0.971905
vt 0.266370 0.972114
vt 0.266283 0.952141
vt 0.266766 0.952127
vt 0.266766 0.972853
vt 0.450370 0.906009
vt 0.455106 0.912125
vt 0.455297 0.913064
vt 0.450375 0.906401
vt 0.729459 0.641444
vt 0.729408 0.656484
vt 0.729237 0.657302
vt 0.729237 0.640533
vt 0.455074 0.895142
vt 0.455297 0.895210
vt 0.733819 0.644306
vt 0.734001 0.644148
vt 0.268064 0.971896
vt 0.268068 0.952710
vt 0.268216 0.952127
vt 0.268167 0.972101
vt 0.267772 0.972852
vt 0.267733 0.952127
vt 0.739991 0.824871
vt 0.737605 0.834357
vt 0.737266 0.834356
vt 0.739806 0.824290
vt 0.733730 0.506016
vt 0.730335 0.496505
vt 0.730259 0.495930
vt 0.734081 0.506016
vt 0.739991 0.844056
vt 0.739850 0.844264
vt 0.730336 0.515691
vt 0.730259 0.516655
vt 0.488930 0.952829
vt 0.488930 0.976099
vt 0.488793 0.975976
vt 0.488793 0.952424
vt 0.489066 0.952127
vt 0.489066 0.977329
vt 0.752688 0.119481
vt 0.752873 0.131985
vt 0.752584 0.132046
vt 0.752584 0.118940
vt 0.749550 0.772252
vt 0.749550 0.757283
vt 0.749760 0.756068
vt 0.749812 0.772199
vt 0.750895 0.611903
vt 0.750895 0.596884
vt 0.750952 0.596319
vt 0.751157 0.611850
vt 0.749328 0.312268
vt 0.749363 0.329185
vt 0.749128 0.329185
vt 0.749132 0.310922
vt 0.256961 0.952710
vt 0.256957 0.971896
vt 0.256832 0.972101
vt 0.256791 0.952126
vt 0.257287 0.952126
vt 0.257237 0.972852
vt 0.566686 0.928182
vt 0.571072 0.930690
vt 0.571297 0.931594
vt 0.566718 0.928635
vt 0.243283 0.904323
vt 0.247930 0.898108
vt 0.248247 0.898242
vt 0.243096 0.905284
vt 0.571056 0.915840
vt 0.571297 0.915904
vt 0.243157 0.887586
vt 0.243096 0.886848
vt 0.272288 0.971896
vt 0.272274 0.952710
vt 0.272458 0.952127
vt 0.272428 0.972100
vt 0.272038 0.972852
vt 0.271979 0.952127
vt 0.376384 0.902547
vt 0.376354 0.919271
vt 0.376158 0.920212
vt 0.376158 0.902620
vt 0.620798 0.928376
vt 0.620927 0.913510
vt 0.621014 0.912950
vt 0.621014 0.929304
vt 0.381053 0.913584
vt 0.381045 0.913987
vt 0.616432 0.925335
vt 0.616158 0.925724
vt 0.489203 0.976627
vt 0.489203 0.953357
vt 0.489340 0.953479
vt 0.489340 0.977031
vt 0.489066 0.977329
vt 0.489066 0.952126
vt 0.750732 0.952643
vt 0.750770 0.969577
vt 0.750535 0.969577
vt 0.750702 0.952129
vt 0.749550 0.627553
vt 0.749550 0.612555
vt 0.749760 0.611339
vt 0.749812 0.627501
vt 0.750895 0.725381
vt 0.750895 0.710389
vt 0.750952 0.709824
vt 0.751158 0.725327
vt 0.752177 0.484029
vt 0.752237 0.496524
vt 0.751947 0.496554
vt 0.751947 0.483093
vt 0.257953 0.952710
vt 0.257949 0.971896
vt 0.257824 0.972101
vt 0.257783 0.952126
vt 0.258279 0.952126
vt 0.258229 0.972852
vt 0.491792 0.928262
vt 0.496172 0.930728
vt 0.496398 0.931630
vt 0.491824 0.928716
vt 0.737344 0.858137
vt 0.739742 0.867845
vt 0.739743 0.868810
vt 0.737006 0.858135
vt 0.496156 0.915896
vt 0.496398 0.915959
vt 0.739743 0.848660
vt 0.739733 0.848086
vt 0.746009 0.565075
vt 0.746009 0.542465
vt 0.746184 0.541871
vt 0.746184 0.565666
vt 0.745688 0.565666
vt 0.745688 0.541871
vt 0.392180 0.907102
vt 0.387397 0.906845
vt 0.387150 0.906008
vt 0.392181 0.906267
vt 0.350365 0.870159
vt 0.350521 0.852122
vt 0.350568 0.851356
vt 0.350568 0.871069
vt 0.387405 0.923025
vt 0.387155 0.923025
vt 0.345142 0.865699
vt 0.344907 0.865645
vt 0.484028 0.983054
vt 0.484028 0.953152
vt 0.484134 0.952775
vt 0.484134 0.983020
vt 0.483921 0.984491
vt 0.483921 0.952126
vt 0.748775 0.051073
vt 0.748967 0.067266
vt 0.748706 0.067320
vt 0.748706 0.050524
vt 0.748049 0.496378
vt 0.748064 0.478186
vt 0.748279 0.476872
vt 0.748279 0.496451
vt 0.749889 0.865255
vt 0.750069 0.851093
vt 0.750174 0.850555
vt 0.750174 0.865368
vt 0.747807 0.896335
vt 0.747834 0.912538
vt 0.747573 0.912563
vt 0.747573 0.895167
vt 0.235706 0.952722
vt 0.235706 0.975331
vt 0.235555 0.975922
vt 0.235555 0.952127
vt 0.236034 0.952129
vt 0.236034 0.975924
vt 0.731843 0.182965
vt 0.734395 0.171582
vt 0.734736 0.171580
vt 0.732031 0.183558
vt 0.441563 0.902628
vt 0.445003 0.913999
vt 0.445077 0.914598
vt 0.441212 0.902628
vt 0.731843 0.160355
vt 0.732031 0.159762
vt 0.445003 0.891389
vt 0.445077 0.890803
vt 0.236853 0.974209
vt 0.236853 0.952717
vt 0.237026 0.952126
vt 0.237026 0.974797
vt 0.236530 0.974797
vt 0.236530 0.952126
vt 0.610308 0.912821
vt 0.605645 0.912131
vt 0.605398 0.911292
vt 0.610311 0.911993
vt 0.676371 0.877962
vt 0.676517 0.860274
vt 0.676567 0.859507
vt 0.676567 0.878888
vt 0.605756 0.927915
vt 0.605509 0.927915
vt 0.671316 0.872777
vt 0.671081 0.872696
vt 0.485879 0.983051
vt 0.485879 0.953155
vt 0.485985 0.952775
vt 0.485985 0.983020
vt 0.485772 0.984491
vt 0.485772 0.952126
vt 0.749375 0.348006
vt 0.749390 0.363835
vt 0.749128 0.363835
vt 0.749314 0.347448
vt 0.748441 0.587943
vt 0.748463 0.570085
vt 0.748671 0.568757
vt 0.748671 0.587998
vt 0.750895 0.067048
vt 0.751078 0.053319
vt 0.751181 0.052777
vt 0.751181 0.067139
vt 0.748669 0.035169
vt 0.748702 0.050996
vt 0.748441 0.051000
vt 0.748441 0.033986
vt 0.249855 0.952719
vt 0.249855 0.974210
vt 0.249707 0.974797
vt 0.249707 0.952127
vt 0.250186 0.952129
vt 0.250186 0.974800
vt 0.734081 0.516064
vt 0.736631 0.505241
vt 0.736972 0.505239
vt 0.734267 0.516655
vt 0.571802 0.907147
vt 0.575241 0.917959
vt 0.575317 0.918554
vt 0.571452 0.907147
vt 0.734081 0.494572
vt 0.734267 0.493983
vt 0.575241 0.896467
vt 0.575317 0.895883
vt 0.245707 0.974210
vt 0.245707 0.952718
vt 0.245860 0.952126
vt 0.245860 0.974798
vt 0.245376 0.974800
vt 0.245376 0.952129
vt 0.738046 0.132172
vt 0.735655 0.142821
vt 0.735317 0.142818
vt 0.737859 0.131583
vt 0.551644 0.917759
vt 0.551792 0.902130
vt 0.551875 0.901563
vt 0.551875 0.918646
vt 0.738046 0.153663
vt 0.737859 0.154253
vt 0.546985 0.916299
vt 0.546804 0.916509
vt 0.431727 0.952824
vt 0.431727 0.976104
vt 0.431591 0.975976
vt 0.431591 0.952424
vt 0.431864 0.952126
vt 0.431864 0.977329
vt 0.751293 0.160185
vt 0.751472 0.173585
vt 0.751184 0.173697
vt 0.751184 0.159652
vt 0.748441 0.224915
vt 0.748475 0.209191
vt 0.748704 0.208017
vt 0.748704 0.224920
vt 0.749128 0.497247
vt 0.749143 0.481474
vt 0.749205 0.480914
vt 0.749390 0.497247
vt 0.748652 0.086482
vt 0.748676 0.104072
vt 0.748441 0.104113
vt 0.748441 0.085168
vt 0.238689 0.952717
vt 0.238689 0.974209
vt 0.238514 0.974798
vt 0.238514 0.952127
vt 0.239010 0.952126
vt 0.239010 0.974797
vt 0.733166 0.795204
vt 0.733268 0.779473
vt 0.733515 0.778635
vt 0.733413 0.795204
vt 0.267091 0.866120
vt 0.266944 0.883619
vt 0.266888 0.884365
vt 0.266888 0.865197
vt 0.728621 0.780088
vt 0.728619 0.779259
vt 0.272087 0.870850
vt 0.272313 0.870895
vt 0.250477 0.974211
vt 0.250477 0.952720
vt 0.250664 0.952129
vt 0.250664 0.974800
vt 0.250186 0.974797
vt 0.250186 0.952126
vt 0.616327 0.880874
vt 0.611291 0.876716
vt 0.611079 0.875816
vt 0.616370 0.880108
vt 0.603998 0.915898
vt 0.604146 0.900251
vt 0.604229 0.899682
vt 0.604229 0.916786
vt 0.611311 0.894205
vt 0.611079 0.894170
vt 0.599332 0.914395
vt 0.599150 0.914602
vt 0.486739 0.976632
vt 0.486739 0.953351
vt 0.486876 0.953479
vt 0.486876 0.977032
vt 0.486602 0.977329
vt 0.486602 0.952126
vt 0.749588 0.300546
vt 0.749784 0.318140
vt 0.749550 0.318207
vt 0.749550 0.300037
vt 0.748441 0.156922
vt 0.748450 0.141170
vt 0.748677 0.139990
vt 0.748703 0.156922
vt 0.749128 0.669293
vt 0.749145 0.653548
vt 0.749208 0.652988
vt 0.749391 0.669293
vt 0.750419 0.916879
vt 0.750466 0.930271
vt 0.750177 0.930353
vt 0.750177 0.915975
vt 0.239184 0.952718
vt 0.239184 0.974209
vt 0.239010 0.974797
vt 0.239507 0.952126
vt 0.239507 0.974797
vt 0.733559 0.921435
vt 0.733660 0.905731
vt 0.733906 0.904893
vt 0.733806 0.921435
vt 0.735609 0.057720
vt 0.738010 0.068562
vt 0.737997 0.069159
vt 0.735271 0.057718
vt 0.729016 0.906309
vt 0.729015 0.905480
vt 0.738010 0.047071
vt 0.737997 0.046489
vt 0.562107 0.963016
vt 0.562169 0.952587
vt 0.562261 0.952127
vt 0.562261 0.963605
vt 0.561778 0.963607
vt 0.561778 0.952129
vt 0.668605 0.952683
vt 0.668555 0.963918
vt 0.668361 0.964080
vt 0.668470 0.952409
vt 0.668744 0.952126
vt 0.668744 0.964847
vt 0.753108 0.338749
vt 0.753137 0.352295
vt 0.752882 0.352401
vt 0.752882 0.337908
vt 0.754919 0.976617
vt 0.754824 0.960833
vt 0.755002 0.959835
vt 0.755002 0.977196
vt 0.448107 0.952859
vt 0.448107 0.976069
vt 0.447970 0.975976
vt 0.447970 0.952424
vt 0.448244 0.952126
vt 0.448244 0.977329
vt 0.353800 0.976060
vt 0.353745 0.964465
vt 0.353937 0.964082
vt 0.353937 0.975960
vt 0.353669 0.977326
vt 0.353553 0.964847
vt 0.353699 0.952852
vt 0.353834 0.952410
vt 0.353559 0.952126
vt 0.554004 0.952587
vt 0.554055 0.963015
vt 0.553880 0.963605
vt 0.553880 0.952127
vt 0.554376 0.952126
vt 0.554376 0.963605
vt 0.750177 0.832481
vt 0.750237 0.816690
vt 0.750425 0.815712
vt 0.750425 0.832473
vt 0.757839 0.241345
vt 0.757788 0.252744
vt 0.757646 0.253657
vt 0.757646 0.241160
vt 0.575595 0.953056
vt 0.575541 0.964274
vt 0.575406 0.964005
vt 0.575406 0.952126
vt 0.575789 0.952892
vt 0.575673 0.965371
vt 0.227601 0.975331
vt 0.227601 0.952721
vt 0.227756 0.952126
vt 0.227756 0.975922
vt 0.227273 0.975924
vt 0.227273 0.952129
vt 0.737126 0.069775
vt 0.734734 0.080983
vt 0.734395 0.080981
vt 0.736937 0.069183
vt 0.355911 0.893272
vt 0.351147 0.893970
vt 0.350971 0.893744
vt 0.356151 0.892409
vt 0.737126 0.092384
vt 0.736937 0.092978
vt 0.356068 0.909385
vt 0.356151 0.909967
vt 0.433053 0.952821
vt 0.433053 0.976107
vt 0.432917 0.975976
vt 0.432917 0.952424
vt 0.433190 0.952126
vt 0.433190 0.977329
vt 0.750288 0.714451
vt 0.750465 0.728295
vt 0.750177 0.728428
vt 0.750177 0.713921
vt 0.748049 0.193848
vt 0.748077 0.177744
vt 0.748312 0.176586
vt 0.748312 0.193873
vt 0.748706 0.155587
vt 0.748898 0.139450
vt 0.748968 0.138901
vt 0.748968 0.155642
vt 0.748267 0.296833
vt 0.748284 0.314762
vt 0.748049 0.314822
vt 0.748049 0.295533
vt 0.745865 0.566261
vt 0.745865 0.588870
vt 0.745688 0.589462
vt 0.745688 0.565666
vt 0.746184 0.565666
vt 0.746184 0.589462
vt 0.566004 0.924226
vt 0.566006 0.908097
vt 0.566253 0.907262
vt 0.566253 0.924226
vt 0.520383 0.855253
vt 0.520227 0.873107
vt 0.520173 0.873854
vt 0.520173 0.854347
vt 0.561238 0.908270
vt 0.561238 0.907433
vt 0.525543 0.859256
vt 0.525769 0.859276
vt 0.234888 0.975332
vt 0.234888 0.952723
vt 0.235077 0.952129
vt 0.235077 0.975924
vt 0.234598 0.975921
vt 0.234598 0.952126
vt 0.305958 0.874357
vt 0.300765 0.870950
vt 0.300546 0.870067
vt 0.305994 0.873579
vt 0.715750 0.903712
vt 0.712340 0.892480
vt 0.712269 0.891894
vt 0.716100 0.903712
vt 0.300781 0.888795
vt 0.300546 0.888775
vt 0.712340 0.915090
vt 0.712269 0.915690
vt 0.487012 0.976634
vt 0.487012 0.953349
vt 0.487149 0.953479
vt 0.487149 0.977031
vt 0.486876 0.977329
vt 0.486876 0.952126
vt 0.748745 0.912997
vt 0.748940 0.930930
vt 0.748706 0.931016
vt 0.748706 0.912488
vt 0.747573 0.947169
vt 0.747601 0.931039
vt 0.747836 0.929879
vt 0.747836 0.947195
vt 0.748706 0.224962
vt 0.748898 0.208851
vt 0.748968 0.208302
vt 0.748968 0.225016
vt 0.749374 0.872539
vt 0.749416 0.886374
vt 0.749128 0.886479
vt 0.749128 0.871649
vt 0.745864 0.590056
vt 0.745864 0.612666
vt 0.745688 0.613257
vt 0.746184 0.589462
vt 0.746184 0.613257
vt 0.641289 0.924521
vt 0.641290 0.908419
vt 0.641538 0.907584
vt 0.641538 0.924522
vt 0.734552 0.034464
vt 0.736954 0.045866
vt 0.736940 0.046466
vt 0.734213 0.034462
vt 0.636528 0.908548
vt 0.636527 0.907712
vt 0.736954 0.023256
vt 0.736940 0.022671
vt 0.746009 0.636461
vt 0.746009 0.613852
vt 0.746184 0.613257
vt 0.746184 0.637053
vt 0.745688 0.637053
vt 0.745688 0.613257
vt 0.729013 0.906011
vt 0.724222 0.905731
vt 0.723975 0.904893
vt 0.729015 0.905176
vt 0.435317 0.916809
vt 0.432756 0.905582
vt 0.432758 0.904996
vt 0.435659 0.916808
vt 0.724236 0.921928
vt 0.723987 0.921928
vt 0.432756 0.928192
vt 0.432758 0.928791
vt 0.498072 0.953563
vt 0.498072 0.983465
vt 0.497965 0.983842
vt 0.497965 0.953597
vt 0.498178 0.952126
vt 0.498178 0.984490
vt 0.748775 0.156191
vt 0.748967 0.172401
vt 0.748706 0.172455
vt 0.748706 0.155642
vt 0.748706 0.895962
vt 0.748746 0.881808
vt 0.748991 0.880872
vt 0.748991 0.896044
vt 0.749128 0.188995
vt 0.749322 0.170798
vt 0.749357 0.170301
vt 0.749357 0.189093
vt 0.747808 0.743226
vt 0.747835 0.759411
vt 0.747573 0.759437
vt 0.747573 0.742061
vt 0.745876 0.868008
vt 0.745876 0.890618
vt 0.745688 0.891210
vt 0.745688 0.867414
vt 0.746172 0.867412
vt 0.746172 0.891208
vt 0.386917 0.884003
vt 0.386936 0.865905
vt 0.387150 0.865024
vt 0.387150 0.883986
vt 0.333833 0.903685
vt 0.337264 0.915062
vt 0.337337 0.915662
vt 0.333482 0.903685
vt 0.381695 0.869751
vt 0.381654 0.868986
vt 0.337264 0.892453
vt 0.337337 0.891867
vt 0.388065 0.969943
vt 0.388024 0.953069
vt 0.388142 0.952866
vt 0.388231 0.970510
vt 0.387735 0.970525
vt 0.387735 0.952127
vt 0.551058 0.923770
vt 0.547014 0.919590
vt 0.546804 0.918646
vt 0.551034 0.923332
vt 0.702040 0.192916
vt 0.702084 0.180923
vt 0.702276 0.180233
vt 0.702276 0.193747
vt 0.547039 0.933883
vt 0.546804 0.933784
vt 0.698448 0.192560
vt 0.698319 0.192945
vt 0.757081 0.675020
vt 0.757081 0.704875
vt 0.756994 0.705327
vt 0.756994 0.674904
vt 0.734047 0.024815
vt 0.734047 0.001250
vt 0.734213 -0.000000
vt 0.734213 0.025380
vt 0.752549 0.500401
vt 0.752549 0.514828
vt 0.752289 0.514722
vt 0.752407 0.500046
vt 0.752584 0.673064
vt 0.752755 0.661029
vt 0.752870 0.659867
vt 0.752870 0.673043
vt 0.751947 0.352719
vt 0.752050 0.336100
vt 0.752177 0.335757
vt 0.752177 0.352701
vt 0.731611 0.013065
vt 0.731415 0.012481
vt 0.392762 0.953071
vt 0.392721 0.969945
vt 0.392540 0.970513
vt 0.392627 0.952868
vt 0.393023 0.952126
vt 0.393023 0.970525
vt 0.481453 0.930872
vt 0.481493 0.914467
vt 0.481671 0.913499
vt 0.481671 0.930780
vt 0.731766 0.060084
vt 0.735186 0.068579
vt 0.735271 0.069159
vt 0.731415 0.060084
vt 0.477178 0.922023
vt 0.477178 0.921653
vt 0.735187 0.051704
vt 0.735271 0.050761
vt 0.564112 0.963017
vt 0.564148 0.952590
vt 0.564299 0.952130
vt 0.564299 0.963607
vt 0.563821 0.963604
vt 0.563821 0.952127
vt 0.628314 0.964292
vt 0.628363 0.953057
vt 0.628558 0.952894
vt 0.628449 0.964565
vt 0.628175 0.964848
vt 0.628175 0.952127
vt 0.748940 0.603291
vt 0.748940 0.620844
vt 0.748706 0.620804
vt 0.748790 0.602282
vt 0.754919 0.994005
vt 0.754824 0.978195
vt 0.755002 0.977197
vt 0.755002 0.994587
vt 0.487286 0.976597
vt 0.487286 0.953386
vt 0.487422 0.953479
vt 0.487422 0.977032
vt 0.487149 0.977329
vt 0.487149 0.952126
vt 0.354456 0.953393
vt 0.354512 0.964988
vt 0.354320 0.965370
vt 0.354320 0.953493
vt 0.354587 0.952127
vt 0.354703 0.964605
vt 0.354558 0.976601
vt 0.354423 0.977042
vt 0.354698 0.977326
vt 0.554500 0.952587
vt 0.554551 0.963015
vt 0.554376 0.963605
vt 0.554376 0.952127
vt 0.554872 0.952126
vt 0.554872 0.963605
vt 0.750177 0.915975
vt 0.750237 0.900210
vt 0.750426 0.899233
vt 0.750426 0.915967
vt 0.754742 0.830090
vt 0.754645 0.843653
vt 0.754524 0.844096
vt 0.754524 0.829224
vt 0.576750 0.964442
vt 0.576804 0.953225
vt 0.576939 0.953493
vt 0.576939 0.965370
vt 0.576556 0.964605
vt 0.576672 0.952127
vt 0.555193 0.963015
vt 0.555245 0.952587
vt 0.555368 0.952126
vt 0.555368 0.963605
vt 0.554872 0.963605
vt 0.554872 0.952127
vt 0.582278 0.953397
vt 0.582320 0.967808
vt 0.582172 0.968804
vt 0.582172 0.953603
vt 0.582381 0.952126
vt 0.582471 0.968215
vt 0.750364 0.613168
vt 0.750425 0.629031
vt 0.750177 0.629020
vt 0.750177 0.612188
vt 0.754622 0.922255
vt 0.754524 0.908380
vt 0.754736 0.907485
vt 0.754736 0.922711
vt 0.484240 0.953611
vt 0.484240 0.983417
vt 0.484134 0.983842
vt 0.484134 0.953597
vt 0.484347 0.952126
vt 0.484347 0.984491
vt 0.331882 0.983419
vt 0.331918 0.968510
vt 0.332068 0.968804
vt 0.331987 0.983847
vt 0.331772 0.984489
vt 0.331768 0.968215
vt 0.331961 0.953614
vt 0.332068 0.953603
vt 0.331859 0.952126
vt 0.561443 0.952588
vt 0.561481 0.963016
vt 0.561294 0.963607
vt 0.561294 0.952129
vt 0.561778 0.952126
vt 0.561778 0.963605
vt 0.748706 0.438271
vt 0.748706 0.420460
vt 0.748850 0.419456
vt 0.748937 0.438235
vt 0.755331 0.035307
vt 0.755237 0.051170
vt 0.755154 0.051756
vt 0.755154 0.034307
vt 0.662520 0.953123
vt 0.662558 0.967548
vt 0.662452 0.967759
vt 0.662368 0.952717
vt 0.662667 0.952126
vt 0.662667 0.968401
vt 0.553705 0.963015
vt 0.553757 0.952587
vt 0.553880 0.952126
vt 0.553880 0.963605
vt 0.553384 0.963605
vt 0.553384 0.952127
vt 0.580868 0.967534
vt 0.580826 0.953123
vt 0.580974 0.952126
vt 0.580974 0.967328
vt 0.580765 0.968805
vt 0.580674 0.952717
vt 0.750364 0.683569
vt 0.750425 0.699414
vt 0.750177 0.699404
vt 0.750177 0.682589
vt 0.757686 0.838793
vt 0.757646 0.824157
vt 0.757796 0.823741
vt 0.757796 0.839838
vt 0.486092 0.983006
vt 0.486092 0.953200
vt 0.486198 0.952775
vt 0.486198 0.983020
vt 0.485985 0.984491
vt 0.485985 0.952126
vt 0.331056 0.953197
vt 0.331019 0.968107
vt 0.330870 0.967811
vt 0.330950 0.952769
vt 0.331165 0.952127
vt 0.331169 0.968402
vt 0.330976 0.983002
vt 0.330870 0.983013
vt 0.331079 0.984489
vt 0.563429 0.952588
vt 0.563491 0.963016
vt 0.563342 0.963604
vt 0.563342 0.952127
vt 0.563821 0.952129
vt 0.563821 0.963607
vt 0.752584 0.450725
vt 0.752618 0.436867
vt 0.752839 0.435997
vt 0.752839 0.450806
vt 0.755331 0.052758
vt 0.755236 0.068639
vt 0.755154 0.069226
vt 0.755154 0.051756
vt 0.658940 0.967404
vt 0.658902 0.952980
vt 0.659007 0.952768
vt 0.659092 0.967810
vt 0.658793 0.968401
vt 0.658793 0.952126
vt 0.754524 0.147082
vt 0.754524 0.118193
vt 0.754636 0.117863
vt 0.754636 0.147254
vt 0.747718 0.259774
vt 0.747718 0.289679
vt 0.747573 0.290525
vt 0.747573 0.258371
vt 0.273988 0.953578
vt 0.273995 0.976837
vt 0.273802 0.977425
vt 0.273877 0.953488
vt 0.274101 0.952126
vt 0.274189 0.977425
vt 0.357214 0.952841
vt 0.357289 0.975435
vt 0.357178 0.975454
vt 0.357019 0.952140
vt 0.357406 0.952126
vt 0.357406 0.976772
vt 0.756364 0.672664
vt 0.756364 0.649211
vt 0.756476 0.648895
vt 0.756476 0.672755
vt 0.747521 0.459059
vt 0.747521 0.482346
vt 0.747335 0.483580
vt 0.747335 0.458541
vt 0.357524 0.975293
vt 0.357599 0.952576
vt 0.357794 0.952144
vt 0.357635 0.975457
vt 0.357406 0.976773
vt 0.357406 0.952127
vt 0.274771 0.952727
vt 0.274846 0.975982
vt 0.274735 0.976074
vt 0.274577 0.952142
vt 0.274964 0.952127
vt 0.274964 0.977426
vt 0.756476 0.367378
vt 0.756476 0.390983
vt 0.756364 0.391076
vt 0.756364 0.367061
vt 0.747335 0.062905
vt 0.747335 0.033000
vt 0.747480 0.032154
vt 0.747480 0.064308
vt 0.273601 0.953579
vt 0.273607 0.976838
vt 0.273415 0.977424
vt 0.273490 0.953488
vt 0.273713 0.952127
vt 0.273802 0.977424
vt 0.363336 0.952549
vt 0.363412 0.975058
vt 0.363301 0.975233
vt 0.363142 0.952145
vt 0.363530 0.952127
vt 0.363530 0.976536
vt 0.387075 0.969952
vt 0.387078 0.953077
vt 0.387198 0.952878
vt 0.387239 0.970524
vt 0.386743 0.970524
vt 0.386793 0.952127
vt 0.271138 0.924764
vt 0.267098 0.920625
vt 0.266888 0.919682
vt 0.271113 0.924325
vt 0.319142 0.904801
vt 0.314891 0.912811
vt 0.314571 0.912793
vt 0.319311 0.903816
vt 0.267123 0.934897
vt 0.266888 0.934799
vt 0.319244 0.921220
vt 0.319311 0.921996
vt 0.756646 0.236660
vt 0.756646 0.206806
vt 0.756733 0.206353
vt 0.756733 0.236777
vt 0.726604 0.402992
vt 0.726604 0.431833
vt 0.726438 0.432703
vt 0.726438 0.401640
vt 0.752549 0.470880
vt 0.752549 0.485286
vt 0.752289 0.485180
vt 0.752407 0.470526
vt 0.729040 0.417431
vt 0.729236 0.417020
vt 0.753550 0.525972
vt 0.753676 0.513897
vt 0.753837 0.513624
vt 0.753837 0.525937
vt 0.751155 0.550597
vt 0.751155 0.564992
vt 0.750895 0.564887
vt 0.751080 0.549249
vt 0.398439 0.953078
vt 0.398452 0.969952
vt 0.398315 0.970524
vt 0.398345 0.952878
vt 0.398735 0.952127
vt 0.398793 0.970524
vt 0.740584 0.102001
vt 0.740684 0.089950
vt 0.740931 0.089157
vt 0.740832 0.102001
vt 0.695371 0.791288
vt 0.695264 0.805598
vt 0.695171 0.806164
vt 0.695171 0.790321
vt 0.737126 0.089768
vt 0.737184 0.089312
vt 0.699381 0.795940
vt 0.699659 0.795633
vt 0.394331 0.969952
vt 0.394341 0.953077
vt 0.394439 0.952878
vt 0.394473 0.970524
vt 0.393990 0.970524
vt 0.394045 0.952127
vt 0.342888 0.931052
vt 0.339451 0.931662
vt 0.339204 0.930882
vt 0.342828 0.930593
vt 0.735051 0.882990
vt 0.731662 0.874603
vt 0.731580 0.873660
vt 0.735402 0.882990
vt 0.339453 0.943359
vt 0.339204 0.943361
vt 0.731661 0.891479
vt 0.731580 0.892058
vt 0.756932 0.081672
vt 0.756932 0.104920
vt 0.756820 0.104926
vt 0.756820 0.081235
vt 0.729578 0.224115
vt 0.729578 0.195928
vt 0.729745 0.194586
vt 0.729745 0.224944
vt 0.753714 0.986971
vt 0.753840 0.998667
vt 0.753550 0.998654
vt 0.753550 0.986717
vt 0.750895 0.857582
vt 0.750895 0.843299
vt 0.750971 0.841958
vt 0.751156 0.857477
vt 0.752289 0.574062
vt 0.752289 0.559717
vt 0.752432 0.559364
vt 0.752550 0.573955
vt 0.727142 0.210036
vt 0.726947 0.209597
vt 0.386456 0.953069
vt 0.386414 0.969943
vt 0.386247 0.970510
vt 0.386336 0.952866
vt 0.386743 0.952126
vt 0.386743 0.970525
vt 0.678076 0.935377
vt 0.678101 0.921163
vt 0.678312 0.920222
vt 0.678312 0.935280
vt 0.727341 0.882980
vt 0.731425 0.891478
vt 0.731580 0.892059
vt 0.726999 0.882979
vt 0.674071 0.925202
vt 0.674097 0.924762
vt 0.731435 0.874603
vt 0.731580 0.873660
vt 0.397654 0.969952
vt 0.397649 0.953078
vt 0.397786 0.952878
vt 0.397836 0.970524
vt 0.397357 0.970524
vt 0.397395 0.952127
vt 0.533365 0.921989
vt 0.529077 0.914847
vt 0.528895 0.913876
vt 0.533362 0.921606
vt 0.735021 0.304235
vt 0.731623 0.295855
vt 0.731541 0.294912
vt 0.735372 0.304235
vt 0.529115 0.930976
vt 0.528895 0.930878
vt 0.731623 0.312730
vt 0.731541 0.313310
vt 0.756820 0.862321
vt 0.756820 0.839073
vt 0.756931 0.839067
vt 0.756931 0.862758
vt 0.731633 0.849332
vt 0.731633 0.872746
vt 0.731467 0.873303
vt 0.731467 0.848086
vt 0.752181 0.285597
vt 0.752181 0.301934
vt 0.751947 0.301883
vt 0.752054 0.285240
vt 0.734069 0.861071
vt 0.734265 0.860484
vt 0.752289 0.752701
vt 0.752289 0.738386
vt 0.752432 0.738033
vt 0.752550 0.752594
vt 0.753010 0.233897
vt 0.753172 0.245554
vt 0.752882 0.245554
vt 0.752891 0.232769
vt 0.387401 0.953077
vt 0.387405 0.969952
vt 0.387239 0.970524
vt 0.387281 0.952878
vt 0.387686 0.952126
vt 0.387735 0.970524
vt 0.324023 0.935812
vt 0.324048 0.921626
vt 0.324260 0.920686
vt 0.324260 0.935715
vt 0.739753 0.240101
vt 0.742151 0.248610
vt 0.742144 0.249192
vt 0.739415 0.240100
vt 0.320021 0.925624
vt 0.320046 0.925184
vt 0.742146 0.231736
vt 0.742151 0.230793
vt 0.318430 0.863997
vt 0.319598 0.863991
vt 0.319598 0.879781
vt 0.318430 0.881589
vt 0.323911 0.881025
vt 0.323911 0.884034
vt 0.323384 0.883054
vt 0.323433 0.880136
vt 0.302767 0.864889
vt 0.302767 0.882947
vt 0.299430 0.883166
vt 0.299430 0.864890
vt 0.329315 0.860352
vt 0.329315 0.875664
vt 0.328653 0.879109
vt 0.328653 0.860358
vt 0.324654 0.876205
vt 0.327992 0.876663
vt 0.328653 0.880136
vt 0.324654 0.879360
vt 0.328114 0.547994
vt 0.328109 0.531391
vt 0.328254 0.531451
vt 0.328259 0.548053
vt 0.298619 0.876752
vt 0.298619 0.858314
vt 0.298823 0.858851
vt 0.298823 0.876753
vt 0.321317 0.860870
vt 0.321317 0.876129
vt 0.320656 0.879310
vt 0.320656 0.860870
vt 0.332652 0.875170
vt 0.335989 0.875043
vt 0.336651 0.878196
vt 0.332652 0.878308
vt 0.328109 0.564506
vt 0.328255 0.564569
vt 0.306104 0.864889
vt 0.306104 0.882999
vt 0.334670 0.885491
vt 0.334673 0.879126
vt 0.335289 0.879109
vt 0.335289 0.885474
vt 0.320979 0.598262
vt 0.322523 0.598267
vt 0.322526 0.612074
vt 0.320979 0.612043
vt 0.322523 0.625831
vt 0.320975 0.625790
vt 0.318430 0.864589
vt 0.318430 0.882183
vt 0.317219 0.882796
vt 0.317219 0.864601
vt 0.323343 0.612294
vt 0.323211 0.615267
vt 0.322664 0.615126
vt 0.323343 0.626078
vt 0.323210 0.623074
vt 0.322660 0.622912
vt 0.323338 0.598462
vt 0.323207 0.601439
vt 0.322658 0.601286
vt 0.323205 0.609249
vt 0.322657 0.609092
vt 0.285238 0.871643
vt 0.286038 0.871814
vt 0.286041 0.883269
vt 0.285238 0.883070
vt 0.284437 0.871643
vt 0.285238 0.871833
vt 0.285238 0.883292
vt 0.284437 0.883098
vt 0.335890 0.885542
vt 0.335897 0.879174
vt 0.336492 0.879109
vt 0.336492 0.885477
vt 0.320953 0.622064
vt 0.320955 0.626403
vt 0.320570 0.626393
vt 0.320570 0.622055
vt 0.322294 0.883993
vt 0.322294 0.881017
vt 0.322791 0.880136
vt 0.322839 0.883027
vt 0.325451 0.623095
vt 0.325452 0.627433
vt 0.325079 0.627419
vt 0.325079 0.623081
vt 0.321747 0.881033
vt 0.321747 0.884020
vt 0.321202 0.883036
vt 0.321250 0.880136
vt 0.324438 0.883780
vt 0.324484 0.880854
vt 0.324986 0.880136
vt 0.324986 0.882997
vt 0.307315 0.846420
vt 0.309586 0.847234
vt 0.309586 0.864699
vt 0.307315 0.864694
vt 0.335989 0.860297
vt 0.334428 0.873390
vt 0.334428 0.860306
vt 0.327992 0.860871
vt 0.328653 0.860871
vt 0.329706 0.557640
vt 0.329706 0.544511
vt 0.329845 0.544510
vt 0.329845 0.557289
vt 0.336651 0.860292
vt 0.338918 0.872226
vt 0.338918 0.856917
vt 0.339628 0.856914
vt 0.339628 0.870808
vt 0.310755 0.849449
vt 0.310755 0.864707
vt 0.311489 0.866943
vt 0.311487 0.846655
vt 0.312862 0.861948
vt 0.312860 0.868368
vt 0.332651 0.873794
vt 0.332651 0.860321
vt 0.310758 0.866716
vt 0.310755 0.846420
vt 0.310755 0.886944
vt 0.311494 0.877778
vt 0.299248 0.858314
vt 0.299248 0.852815
vt 0.299417 0.852815
vt 0.299417 0.858309
vt 0.314943 0.874205
vt 0.314943 0.860308
vt 0.317219 0.860287
vt 0.317219 0.865785
vt 0.277983 0.860789
vt 0.277983 0.847318
vt 0.279207 0.855296
vt 0.279207 0.860791
vt 0.313030 0.864888
vt 0.314943 0.864884
vt 0.314943 0.883076
vt 0.313030 0.883358
vt 0.307315 0.864890
vt 0.307315 0.883363
vt 0.320975 0.593218
vt 0.322273 0.593202
vt 0.297763 0.858314
vt 0.297763 0.852820
vt 0.298823 0.852812
vt 0.298823 0.858306
vt 0.313030 0.861943
vt 0.313028 0.868362
vt 0.279377 0.855297
vt 0.279377 0.860791
vt 0.318430 0.846420
vt 0.319598 0.848215
vt 0.323911 0.881020
vt 0.324389 0.880136
vt 0.324438 0.883050
vt 0.323911 0.884024
vt 0.299430 0.846620
vt 0.302767 0.846834
vt 0.328653 0.841619
vt 0.329315 0.845053
vt 0.324654 0.845546
vt 0.324654 0.842391
vt 0.327992 0.845092
vt 0.326856 0.610993
vt 0.326712 0.611043
vt 0.326716 0.594376
vt 0.326861 0.594325
vt 0.298823 0.894645
vt 0.298619 0.895179
vt 0.320656 0.842440
vt 0.321317 0.845621
vt 0.332652 0.845488
vt 0.332652 0.842352
vt 0.336651 0.842398
vt 0.335989 0.845561
vt 0.326861 0.627582
vt 0.326716 0.627636
vt 0.306104 0.846782
vt 0.334670 0.885501
vt 0.334051 0.885474
vt 0.334051 0.879109
vt 0.334667 0.879136
vt 0.323338 0.565292
vt 0.323339 0.579138
vt 0.321791 0.579166
vt 0.321793 0.565298
vt 0.323342 0.592955
vt 0.321794 0.592992
vt 0.317219 0.846420
vt 0.318430 0.847009
vt 0.321653 0.582222
vt 0.321106 0.582342
vt 0.320975 0.579354
vt 0.321108 0.590188
vt 0.320975 0.593202
vt 0.321657 0.590050
vt 0.321659 0.568325
vt 0.321111 0.568456
vt 0.320979 0.565465
vt 0.321112 0.576304
vt 0.321660 0.576171
vt 0.297367 0.871481
vt 0.297367 0.882970
vt 0.296565 0.883139
vt 0.296568 0.871627
vt 0.296168 0.871478
vt 0.296168 0.882990
vt 0.295367 0.883155
vt 0.295368 0.871639
vt 0.335890 0.885552
vt 0.335289 0.885478
vt 0.335884 0.879183
vt 0.324696 0.623090
vt 0.325079 0.623081
vt 0.325079 0.627419
vt 0.324695 0.627428
vt 0.323384 0.883983
vt 0.322839 0.883024
vt 0.322886 0.880136
vt 0.323384 0.881012
vt 0.320656 0.880157
vt 0.321202 0.880136
vt 0.321202 0.886501
vt 0.320656 0.886522
vt 0.321747 0.881028
vt 0.322245 0.880136
vt 0.322294 0.883032
vt 0.321747 0.884010
vt 0.325535 0.883771
vt 0.324986 0.882994
vt 0.325489 0.880849
vt 0.307315 0.882962
vt 0.309586 0.882153
vt 0.334428 0.847227
vt 0.329706 0.531391
vt 0.329845 0.531740
vt 0.338918 0.841619
vt 0.339628 0.843027
vt 0.310755 0.879953
vt 0.338185 0.862192
vt 0.336821 0.863409
vt 0.336819 0.856958
vt 0.338188 0.841820
vt 0.332651 0.846855
vt 0.338915 0.861999
vt 0.338918 0.882321
vt 0.338181 0.873067
vt 0.299248 0.847318
vt 0.299417 0.847322
vt 0.314943 0.846420
vt 0.317219 0.854788
vt 0.279207 0.866285
vt 0.277983 0.874252
vt 0.313030 0.846420
vt 0.314943 0.846705
vt 0.322043 0.560220
vt 0.323342 0.560231
vt 0.297763 0.847326
vt 0.298823 0.847318
vt 0.336652 0.863404
vt 0.336651 0.856954
vt 0.279377 0.866284
vt 0.510065 0.855465
vt 0.510065 0.869677
vt 0.510023 0.869766
vt 0.510023 0.855388
vt 0.510107 0.854872
vt 0.510107 0.870257
vt 0.496536 0.891779
vt 0.496551 0.884673
vt 0.496610 0.884682
vt 0.496578 0.891868
vt 0.496493 0.892359
vt 0.496492 0.884663
vt 0.496568 0.877567
vt 0.496610 0.877490
vt 0.496527 0.876973
vt 0.503439 0.841940
vt 0.503439 0.856310
vt 0.503431 0.856357
vt 0.503431 0.841895
vt 0.505822 0.887590
vt 0.505822 0.873220
vt 0.505898 0.872772
vt 0.505898 0.888058
vt 0.505822 0.855967
vt 0.505830 0.856012
vt 0.503439 0.887267
vt 0.503363 0.887714
vt 0.505822 0.841597
vt 0.505830 0.841550
vt 0.503439 0.872896
vt 0.503363 0.872428
vt 0.505864 0.841677
vt 0.505864 0.855875
vt 0.505898 0.841129
vt 0.505898 0.856414
vt 0.487273 0.892037
vt 0.487293 0.884938
vt 0.487352 0.884948
vt 0.487306 0.892175
vt 0.487237 0.892575
vt 0.487234 0.884928
vt 0.487318 0.877839
vt 0.487352 0.877713
vt 0.487285 0.877290
vt 0.505808 0.856221
vt 0.503453 0.856560
vt 0.503363 0.856778
vt 0.487980 0.877608
vt 0.488024 0.881566
vt 0.487918 0.881593
vt 0.487918 0.877550
vt 0.488038 0.877290
vt 0.488129 0.881540
vt 0.488060 0.885526
vt 0.488000 0.885615
vt 0.488124 0.885814
vt 0.503453 0.841686
vt 0.505808 0.841347
vt 0.503363 0.841493
vt 0.487856 0.885495
vt 0.487812 0.881537
vt 0.487918 0.881511
vt 0.487918 0.885554
vt 0.487798 0.885814
vt 0.487707 0.881564
vt 0.487775 0.877578
vt 0.487836 0.877489
vt 0.487711 0.877290
vt 0.510232 0.869666
vt 0.510232 0.855451
vt 0.510274 0.855364
vt 0.510274 0.869742
vt 0.510190 0.870257
vt 0.510190 0.854872
vt 0.482742 0.877868
vt 0.482728 0.884976
vt 0.482669 0.884967
vt 0.482701 0.877780
vt 0.482785 0.877290
vt 0.482787 0.884986
vt 0.482711 0.892083
vt 0.482669 0.892158
vt 0.482751 0.892675
vt 0.509815 0.869665
vt 0.509815 0.855453
vt 0.509856 0.855364
vt 0.509856 0.869742
vt 0.509773 0.870257
vt 0.509773 0.854872
vt 0.496447 0.877553
vt 0.496432 0.884660
vt 0.496373 0.884650
vt 0.496405 0.877464
vt 0.496490 0.876973
vt 0.496492 0.884669
vt 0.496415 0.891765
vt 0.496373 0.891842
vt 0.496456 0.892359
vt 0.488777 0.889439
vt 0.488777 0.881508
vt 0.488851 0.881472
vt 0.488851 0.889496
vt 0.488702 0.889755
vt 0.488702 0.881170
vt 0.484771 0.877633
vt 0.484802 0.881597
vt 0.484696 0.881619
vt 0.484696 0.877603
vt 0.484844 0.877290
vt 0.484908 0.881574
vt 0.484828 0.885561
vt 0.484753 0.885623
vt 0.484905 0.885872
vt 0.510343 0.841445
vt 0.510343 0.849376
vt 0.510268 0.849412
vt 0.510268 0.841388
vt 0.510418 0.841129
vt 0.510418 0.849714
vt 0.483987 0.885529
vt 0.483956 0.881565
vt 0.484062 0.881542
vt 0.484062 0.885559
vt 0.483914 0.885872
vt 0.483850 0.881588
vt 0.483930 0.877601
vt 0.484005 0.877539
vt 0.483853 0.877290
vt 0.489001 0.885559
vt 0.489001 0.877628
vt 0.489076 0.877593
vt 0.489076 0.885616
vt 0.488926 0.885876
vt 0.488926 0.877290
vt 0.484983 0.877633
vt 0.485014 0.881597
vt 0.484908 0.881619
vt 0.484908 0.877603
vt 0.485055 0.877290
vt 0.485119 0.881574
vt 0.485039 0.885561
vt 0.484965 0.885623
vt 0.485116 0.885872
vt 0.509548 0.869943
vt 0.509548 0.862010
vt 0.509623 0.861976
vt 0.509623 0.869999
vt 0.509473 0.870259
vt 0.509473 0.861673
vt 0.485194 0.877633
vt 0.485225 0.881597
vt 0.485119 0.881619
vt 0.485119 0.877603
vt 0.485267 0.877290
vt 0.485331 0.881574
vt 0.485251 0.885562
vt 0.485176 0.885623
vt 0.485328 0.885872
vt 0.507704 0.885789
vt 0.507704 0.893722
vt 0.507629 0.893756
vt 0.507629 0.885733
vt 0.507779 0.885473
vt 0.507779 0.894059
vt 0.484198 0.885529
vt 0.484168 0.881565
vt 0.484273 0.881542
vt 0.484273 0.885559
vt 0.484126 0.885872
vt 0.484062 0.881588
vt 0.484142 0.877600
vt 0.484216 0.877539
vt 0.484065 0.877290
vt 0.510094 0.870850
vt 0.510094 0.885065
vt 0.510053 0.885152
vt 0.510053 0.870774
vt 0.510136 0.870259
vt 0.510136 0.885644
vt 0.509518 0.855935
vt 0.509532 0.848828
vt 0.509591 0.848837
vt 0.509560 0.856024
vt 0.509475 0.856514
vt 0.509473 0.848818
vt 0.509549 0.841720
vt 0.509591 0.841646
vt 0.509509 0.841129
vt 0.510178 0.870858
vt 0.510178 0.885057
vt 0.510136 0.885152
vt 0.510136 0.870774
vt 0.510220 0.870259
vt 0.510220 0.885644
vt 0.509579 0.885058
vt 0.509593 0.877958
vt 0.509652 0.877967
vt 0.509620 0.885154
vt 0.509536 0.885644
vt 0.509534 0.877948
vt 0.509610 0.870858
vt 0.509652 0.870776
vt 0.509570 0.870259
vt 0.507554 0.885790
vt 0.507554 0.893721
vt 0.507479 0.893756
vt 0.507479 0.885733
vt 0.507629 0.885473
vt 0.507629 0.894059
vt 0.484410 0.885529
vt 0.484379 0.881565
vt 0.484485 0.881542
vt 0.484485 0.885559
vt 0.484337 0.885872
vt 0.484273 0.881588
vt 0.484353 0.877601
vt 0.484428 0.877539
vt 0.484276 0.877290
vt 0.510149 0.855464
vt 0.510149 0.869677
vt 0.510107 0.869766
vt 0.510107 0.855388
vt 0.483304 0.892096
vt 0.483319 0.884989
vt 0.483378 0.884999
vt 0.483346 0.892185
vt 0.483261 0.892675
vt 0.483260 0.884979
vt 0.483336 0.877883
vt 0.483378 0.877807
vt 0.483295 0.877290
vt 0.509844 0.885052
vt 0.509844 0.870839
vt 0.509885 0.870750
vt 0.509885 0.885128
vt 0.509802 0.885644
vt 0.509802 0.870259
vt 0.496329 0.877553
vt 0.496314 0.884660
vt 0.496255 0.884650
vt 0.496287 0.877464
vt 0.496372 0.876973
vt 0.496373 0.884669
vt 0.496297 0.891766
vt 0.496255 0.891842
vt 0.496338 0.892359
vt 0.503451 0.857472
vt 0.505810 0.857133
vt 0.505830 0.857199
vt 0.503431 0.857544
vt 0.503363 0.857143
vt 0.505898 0.856778
vt 0.505930 0.841129
vt 0.507109 0.848233
vt 0.507109 0.848590
vt 0.505910 0.841195
vt 0.504630 0.864247
vt 0.504630 0.864603
vt 0.508288 0.841449
vt 0.508309 0.841521
vt 0.510261 0.885045
vt 0.510261 0.870845
vt 0.510303 0.870750
vt 0.510303 0.885128
vt 0.482861 0.877876
vt 0.482846 0.884976
vt 0.482787 0.884967
vt 0.482819 0.877780
vt 0.482904 0.877290
vt 0.482905 0.884986
vt 0.482829 0.892076
vt 0.482787 0.892158
vt 0.482870 0.892675
vt 0.488627 0.889435
vt 0.488627 0.881511
vt 0.488702 0.881472
vt 0.488702 0.889496
vt 0.488552 0.889755
vt 0.488552 0.881170
vt 0.485406 0.877637
vt 0.485437 0.881597
vt 0.485331 0.881619
vt 0.485331 0.877603
vt 0.485478 0.877290
vt 0.485542 0.881574
vt 0.485462 0.885557
vt 0.485388 0.885623
vt 0.485539 0.885872
vt 0.507358 0.885656
vt 0.507358 0.893580
vt 0.507283 0.893619
vt 0.507283 0.885596
vt 0.507433 0.885336
vt 0.507433 0.893922
vt 0.484621 0.885525
vt 0.484591 0.881565
vt 0.484696 0.881542
vt 0.484696 0.885559
vt 0.484549 0.885872
vt 0.484485 0.881588
vt 0.484565 0.877604
vt 0.484639 0.877539
vt 0.484488 0.877290
vt 0.503397 0.856230
vt 0.503397 0.842032
vt 0.487432 0.877828
vt 0.487411 0.884927
vt 0.487352 0.884917
vt 0.487398 0.877690
vt 0.487468 0.877290
vt 0.487470 0.884937
vt 0.487387 0.892026
vt 0.487352 0.892152
vt 0.487419 0.892575
vt 0.498554 0.890762
vt 0.498543 0.889929
vt 0.498614 0.889902
vt 0.498614 0.890768
vt 0.495761 0.889853
vt 0.495749 0.890692
vt 0.495643 0.890715
vt 0.495643 0.889807
vt 0.510851 0.886049
vt 0.510836 0.892974
vt 0.510776 0.893321
vt 0.510809 0.886135
vt 0.510894 0.885644
vt 0.510894 0.893340
vt 0.510922 0.869856
vt 0.510899 0.862934
vt 0.510933 0.862974
vt 0.510982 0.870201
vt 0.510864 0.870223
vt 0.510864 0.862576
vt 0.509898 0.855456
vt 0.509898 0.869663
vt 0.509856 0.869743
vt 0.509856 0.855365
vt 0.509940 0.854872
vt 0.509940 0.870258
vt 0.483454 0.892078
vt 0.483437 0.884975
vt 0.483496 0.884965
vt 0.483496 0.892157
vt 0.483413 0.892675
vt 0.483378 0.884985
vt 0.483422 0.877873
vt 0.483464 0.877779
vt 0.483379 0.877290
vt 0.487913 0.889959
vt 0.487902 0.890793
vt 0.487843 0.890799
vt 0.487843 0.889933
vt 0.502631 0.890528
vt 0.502618 0.889689
vt 0.502744 0.889639
vt 0.502744 0.890548
vt 0.510594 0.869863
vt 0.510570 0.862943
vt 0.510628 0.862576
vt 0.510628 0.869811
vt 0.510561 0.870234
vt 0.510509 0.862597
vt 0.510600 0.886007
vt 0.510615 0.892932
vt 0.510573 0.892835
vt 0.510540 0.885644
vt 0.510658 0.885657
vt 0.510658 0.893348
vt 0.487142 0.886830
vt 0.487142 0.885896
vt 0.487223 0.885873
vt 0.487223 0.886859
vt 0.502618 0.889666
vt 0.502618 0.890606
vt 0.502502 0.890631
vt 0.502502 0.889639
vt 0.510670 0.862172
vt 0.510686 0.855238
vt 0.510746 0.854892
vt 0.510712 0.862078
vt 0.510628 0.862568
vt 0.510628 0.854872
vt 0.510806 0.855239
vt 0.510821 0.862172
vt 0.510779 0.862078
vt 0.510746 0.854893
vt 0.510864 0.854872
vt 0.510864 0.862568
vt 0.510316 0.869677
vt 0.510316 0.855465
vt 0.510358 0.855387
vt 0.510358 0.869766
vt 0.510274 0.870258
vt 0.510274 0.854872
vt 0.483065 0.877884
vt 0.483082 0.884989
vt 0.483023 0.884999
vt 0.483023 0.877808
vt 0.483106 0.877290
vt 0.483142 0.884979
vt 0.483096 0.892095
vt 0.483055 0.892185
vt 0.483139 0.892675
vt 0.485530 0.886928
vt 0.485530 0.887862
vt 0.485450 0.887891
vt 0.485450 0.886906
vt 0.495843 0.890348
vt 0.495843 0.889408
vt 0.495966 0.889381
vt 0.495966 0.890373
vt 0.486254 0.886281
vt 0.486238 0.893214
vt 0.486178 0.893577
vt 0.486212 0.886387
vt 0.486296 0.885873
vt 0.486296 0.893563
vt 0.510548 0.848469
vt 0.510532 0.841536
vt 0.510574 0.841641
vt 0.510608 0.848832
vt 0.510490 0.848819
vt 0.510490 0.841129
vt 0.508228 0.889457
vt 0.508216 0.888624
vt 0.508296 0.888589
vt 0.508292 0.889457
vt 0.495643 0.889854
vt 0.495631 0.890693
vt 0.495526 0.890715
vt 0.495526 0.889807
vt 0.510700 0.877550
vt 0.510715 0.870624
vt 0.510775 0.870278
vt 0.510742 0.877464
vt 0.510657 0.877954
vt 0.510657 0.870259
vt 0.510806 0.862943
vt 0.510828 0.869864
vt 0.510794 0.869824
vt 0.510746 0.862597
vt 0.510345 0.885060
vt 0.510345 0.870854
vt 0.510387 0.870774
vt 0.510387 0.885152
vt 0.510303 0.885644
vt 0.510303 0.870259
vt 0.482947 0.877887
vt 0.482964 0.884989
vt 0.482905 0.884999
vt 0.482905 0.877808
vt 0.482988 0.877290
vt 0.483023 0.884979
vt 0.482978 0.892092
vt 0.482937 0.892185
vt 0.483021 0.892675
vt 0.508295 0.889491
vt 0.508282 0.890324
vt 0.508219 0.890324
vt 0.508216 0.889457
vt 0.502757 0.890528
vt 0.502744 0.889690
vt 0.502869 0.889639
vt 0.502869 0.890548
vt 0.510572 0.878333
vt 0.510596 0.885254
vt 0.510539 0.885621
vt 0.510539 0.878386
vt 0.510605 0.877962
vt 0.510657 0.885599
vt 0.510568 0.862213
vt 0.510552 0.855288
vt 0.510594 0.855385
vt 0.510628 0.862576
vt 0.510509 0.862563
vt 0.510509 0.854872
vt 0.502989 0.890514
vt 0.502977 0.889676
vt 0.503053 0.889639
vt 0.503051 0.890514
vt 0.496101 0.889424
vt 0.496086 0.890256
vt 0.495966 0.890281
vt 0.482412 0.886158
vt 0.482385 0.890020
vt 0.482277 0.890224
vt 0.482337 0.886213
vt 0.482489 0.885925
vt 0.482489 0.890214
vt 0.499977 0.892570
vt 0.499937 0.888710
vt 0.499998 0.888737
vt 0.500085 0.892770
vt 0.499873 0.892767
vt 0.499873 0.888506
vt 0.509698 0.862012
vt 0.509698 0.869938
vt 0.509623 0.869997
vt 0.509623 0.861974
vt 0.509773 0.861673
vt 0.486891 0.885561
vt 0.486917 0.881598
vt 0.487023 0.881622
vt 0.486966 0.885626
vt 0.486814 0.885873
vt 0.486811 0.881575
vt 0.486948 0.877636
vt 0.487023 0.877604
vt 0.486875 0.877290
vt 0.485527 0.889912
vt 0.485515 0.890750
vt 0.485455 0.890750
vt 0.485454 0.889875
vt 0.491933 0.890721
vt 0.491922 0.889888
vt 0.492034 0.889865
vt 0.492034 0.890763
vt 0.500572 0.892595
vt 0.500612 0.888733
vt 0.500720 0.888564
vt 0.500634 0.892585
vt 0.500509 0.892782
vt 0.500509 0.888506
vt 0.504739 0.888281
vt 0.504766 0.892144
vt 0.504691 0.892109
vt 0.504632 0.888106
vt 0.504843 0.888058
vt 0.504843 0.892356
vt 0.495773 0.890682
vt 0.495761 0.889843
vt 0.495837 0.889807
vt 0.495835 0.890682
vt 0.492142 0.889887
vt 0.492132 0.890720
vt 0.492034 0.890763
vt 0.486465 0.889939
vt 0.486492 0.886077
vt 0.486600 0.885873
vt 0.486540 0.889884
vt 0.486388 0.890172
vt 0.486388 0.885883
vt 0.499770 0.888706
vt 0.499810 0.892566
vt 0.499748 0.892540
vt 0.499661 0.888506
vt 0.499873 0.888509
vt 0.499873 0.892771
vt 0.509893 0.849374
vt 0.509893 0.841447
vt 0.509968 0.841389
vt 0.509968 0.849412
vt 0.509819 0.849713
vt 0.509819 0.841129
vt 0.485885 0.877602
vt 0.485860 0.881566
vt 0.485754 0.881542
vt 0.485811 0.877537
vt 0.485962 0.877290
vt 0.485965 0.881590
vt 0.485829 0.885527
vt 0.485754 0.885559
vt 0.485901 0.885873
vt 0.493127 0.889902
vt 0.493115 0.890740
vt 0.493054 0.890740
vt 0.493054 0.889865
vt 0.499141 0.889746
vt 0.499126 0.888914
vt 0.499262 0.888869
vt 0.499262 0.889769
vt 0.501291 0.888693
vt 0.501251 0.892553
vt 0.501143 0.892723
vt 0.501230 0.888702
vt 0.501354 0.888506
vt 0.501354 0.892781
vt 0.503890 0.892134
vt 0.503862 0.888271
vt 0.503937 0.888306
vt 0.503997 0.892309
vt 0.503786 0.892356
vt 0.503786 0.888058
vt 0.486296 0.888947
vt 0.486296 0.887965
vt 0.486367 0.887948
vt 0.486367 0.888982
vt 0.496216 0.889407
vt 0.496216 0.890397
vt 0.496101 0.890422
vt 0.496101 0.889381
vt 0.509728 0.887820
vt 0.509712 0.894757
vt 0.509652 0.895104
vt 0.509686 0.887918
vt 0.509770 0.887428
vt 0.509770 0.895123
vt 0.511040 0.862202
vt 0.511025 0.855264
vt 0.511067 0.855362
vt 0.511100 0.862548
vt 0.510982 0.862568
vt 0.510982 0.854872
vt 0.509927 0.870838
vt 0.509927 0.885054
vt 0.509885 0.885129
vt 0.509885 0.870751
vt 0.509969 0.870259
vt 0.509969 0.885644
vt 0.483690 0.892082
vt 0.483673 0.884975
vt 0.483732 0.884965
vt 0.483732 0.892157
vt 0.483650 0.892675
vt 0.483614 0.884985
vt 0.483658 0.877868
vt 0.483700 0.877779
vt 0.483615 0.877290
vt 0.487218 0.888908
vt 0.487218 0.889891
vt 0.487149 0.889926
vt 0.487149 0.888892
vt 0.498881 0.889884
vt 0.498881 0.888895
vt 0.499003 0.888868
vt 0.499003 0.889910
vt 0.510346 0.892945
vt 0.510361 0.886007
vt 0.510422 0.885644
vt 0.510388 0.892835
vt 0.510303 0.893348
vt 0.510303 0.885658
vt 0.495215 0.887138
vt 0.495231 0.894076
vt 0.495189 0.893966
vt 0.495155 0.886776
vt 0.495273 0.886789
vt 0.495273 0.894479
vt 0.486296 0.889933
vt 0.486296 0.888999
vt 0.486367 0.888982
vt 0.486367 0.889967
vt 0.502502 0.889665
vt 0.502502 0.890606
vt 0.502386 0.890631
vt 0.502386 0.889639
vt 0.510919 0.841524
vt 0.510904 0.848458
vt 0.510844 0.848805
vt 0.510877 0.841619
vt 0.510962 0.841129
vt 0.510962 0.848824
vt 0.510951 0.877588
vt 0.510936 0.870654
vt 0.510978 0.870748
vt 0.511011 0.877934
vt 0.510893 0.877954
vt 0.510893 0.870259
vt 0.509982 0.855453
vt 0.509982 0.869666
vt 0.509940 0.869743
vt 0.509940 0.855365
vt 0.510023 0.854872
vt 0.510023 0.870258
vt 0.483572 0.892081
vt 0.483555 0.884975
vt 0.483614 0.884965
vt 0.483614 0.892157
vt 0.483532 0.892675
vt 0.483496 0.884985
vt 0.483540 0.877869
vt 0.483582 0.877779
vt 0.483497 0.877290
vt 0.503353 0.889169
vt 0.503353 0.890103
vt 0.503283 0.890138
vt 0.503283 0.889152
vt 0.499262 0.889835
vt 0.499262 0.888895
vt 0.499385 0.888869
vt 0.499385 0.889860
vt 0.509928 0.892941
vt 0.509944 0.886007
vt 0.510004 0.885644
vt 0.509970 0.892835
vt 0.509885 0.893348
vt 0.509885 0.885658
vt 0.495097 0.887138
vt 0.495112 0.894072
vt 0.495070 0.893966
vt 0.495037 0.886776
vt 0.495155 0.886789
vt 0.495155 0.894479
vt 0.487142 0.888866
vt 0.487142 0.887926
vt 0.487218 0.887900
vt 0.487218 0.888892
vt 0.498881 0.888882
vt 0.498881 0.889816
vt 0.498749 0.889854
vt 0.498749 0.888869
vt 0.503207 0.886306
vt 0.503179 0.890173
vt 0.503071 0.890377
vt 0.503131 0.886366
vt 0.503283 0.886078
vt 0.503283 0.890367
vt 0.485859 0.889969
vt 0.485831 0.886102
vt 0.485906 0.886162
vt 0.485966 0.890174
vt 0.485754 0.890162
vt 0.485754 0.885873
vt 0.509727 0.870596
vt 0.509727 0.878526
vt 0.509652 0.878582
vt 0.509652 0.870560
vt 0.509802 0.878843
vt 0.487103 0.885563
vt 0.487128 0.881598
vt 0.487234 0.881622
vt 0.487177 0.885626
vt 0.487026 0.885873
vt 0.487023 0.881575
vt 0.487159 0.877634
vt 0.487234 0.877604
vt 0.487087 0.877290
vt 0.503357 0.888186
vt 0.503357 0.889126
vt 0.503283 0.888160
vt 0.495416 0.890746
vt 0.495416 0.889812
vt 0.495526 0.890792
vt 0.503439 0.892151
vt 0.503467 0.888281
vt 0.503574 0.888107
vt 0.503514 0.892112
vt 0.503363 0.892358
vt 0.503363 0.888058
vt 0.504950 0.888281
vt 0.504978 0.892149
vt 0.504903 0.892109
vt 0.504843 0.888106
vt 0.505054 0.888058
vt 0.505054 0.892356
vt 0.485454 0.888858
vt 0.485454 0.887917
vt 0.485530 0.887891
vt 0.485530 0.888884
vt 0.498855 0.889859
vt 0.498855 0.890793
vt 0.498749 0.890839
vt 0.486888 0.889944
vt 0.486916 0.886077
vt 0.487024 0.885873
vt 0.486964 0.889884
vt 0.486812 0.890172
vt 0.486812 0.885883
vt 0.484803 0.886077
vt 0.484831 0.889945
vt 0.484756 0.889884
vt 0.484696 0.885872
vt 0.484908 0.885884
vt 0.484908 0.890174
vt 0.510043 0.849375
vt 0.510043 0.841446
vt 0.510118 0.841389
vt 0.510118 0.849412
vt 0.509968 0.849713
vt 0.509968 0.841129
vt 0.486097 0.877600
vt 0.486071 0.881566
vt 0.485965 0.881542
vt 0.486022 0.877537
vt 0.486174 0.877290
vt 0.486177 0.881590
vt 0.486040 0.885529
vt 0.485965 0.885559
vt 0.486113 0.885873
vt 0.485527 0.888910
vt 0.485527 0.889850
vt 0.485454 0.889875
vt 0.485454 0.888884
vt 0.498614 0.889818
vt 0.498614 0.888884
vt 0.498749 0.888868
vt 0.498749 0.889854
vt 0.508455 0.888457
vt 0.508427 0.892325
vt 0.508320 0.892499
vt 0.508380 0.888496
vt 0.508532 0.888250
vt 0.508532 0.892548
vt 0.504101 0.892134
vt 0.504074 0.888266
vt 0.504149 0.888306
vt 0.504209 0.892309
vt 0.503997 0.892356
vt 0.503997 0.888058
vt 0.494014 0.890482
vt 0.494016 0.890025
vt 0.494091 0.890005
vt 0.494091 0.890507
vt 0.492758 0.889865
vt 0.492893 0.889970
vt 0.492904 0.890413
vt 0.492756 0.890413
vt 0.494748 0.887061
vt 0.494720 0.890884
vt 0.494613 0.891075
vt 0.494673 0.887064
vt 0.494825 0.886776
vt 0.494825 0.891065
vt 0.486071 0.889982
vt 0.486043 0.886101
vt 0.486118 0.886162
vt 0.486178 0.890174
vt 0.485966 0.890162
vt 0.485966 0.885873
vt 0.509727 0.879192
vt 0.509727 0.887098
vt 0.509652 0.887167
vt 0.509652 0.879144
vt 0.509802 0.887428
vt 0.486680 0.885551
vt 0.486705 0.881598
vt 0.486811 0.881621
vt 0.486754 0.885626
vt 0.486603 0.885873
vt 0.486600 0.881574
vt 0.486736 0.877646
vt 0.486811 0.877604
vt 0.486664 0.877290
vt 0.494316 0.890025
vt 0.494315 0.890481
vt 0.494241 0.890507
vt 0.494241 0.890005
vt 0.488307 0.890382
vt 0.488276 0.889928
vt 0.488416 0.889929
vt 0.488416 0.890428
vt 0.481861 0.890886
vt 0.481889 0.887003
vt 0.481996 0.886842
vt 0.481936 0.890846
vt 0.481785 0.891092
vt 0.481785 0.886793
vt 0.505162 0.888268
vt 0.505189 0.892092
vt 0.505114 0.892109
vt 0.505054 0.888106
vt 0.505266 0.888058
vt 0.505266 0.892356
vt 0.487142 0.887874
vt 0.487142 0.886885
vt 0.487218 0.886859
vt 0.487218 0.887900
vt 0.498614 0.888882
vt 0.498614 0.889865
vt 0.498483 0.889902
vt 0.498483 0.888869
vt 0.494960 0.887002
vt 0.494933 0.890871
vt 0.494825 0.891075
vt 0.494885 0.887064
vt 0.495037 0.891065
vt 0.486704 0.889969
vt 0.486676 0.886100
vt 0.486752 0.886162
vt 0.486812 0.890174
vt 0.486600 0.890162
vt 0.509744 0.841465
vt 0.509744 0.849397
vt 0.509669 0.849452
vt 0.509669 0.841430
vt 0.486468 0.885563
vt 0.486494 0.881598
vt 0.486600 0.881622
vt 0.486543 0.885626
vt 0.486391 0.885873
vt 0.486388 0.881575
vt 0.486525 0.877633
vt 0.486600 0.877604
vt 0.486452 0.877290
vt 0.486370 0.886933
vt 0.486370 0.887923
vt 0.486296 0.887948
vt 0.486296 0.886907
vt 0.502869 0.890627
vt 0.502869 0.889645
vt 0.502977 0.889639
vt 0.502977 0.890673
vt 0.481650 0.890887
vt 0.481678 0.887016
vt 0.481785 0.886842
vt 0.481725 0.890846
vt 0.481573 0.891092
vt 0.481573 0.886793
vt 0.505373 0.888281
vt 0.505401 0.892151
vt 0.505326 0.892109
vt 0.505266 0.888106
vt 0.505477 0.888058
vt 0.505477 0.892356
vt 0.503283 0.887093
vt 0.503283 0.886104
vt 0.503360 0.886078
vt 0.503360 0.887119
vt 0.499230 0.889775
vt 0.499230 0.890758
vt 0.499126 0.890804
vt 0.499126 0.889769
vt 0.489003 0.889949
vt 0.489030 0.886079
vt 0.489138 0.885876
vt 0.489078 0.889887
vt 0.488926 0.890175
vt 0.488926 0.885886
vt 0.484524 0.886077
vt 0.484551 0.889947
vt 0.484476 0.889884
vt 0.484416 0.885872
vt 0.484628 0.885884
vt 0.484628 0.890174
vt 0.510193 0.849376
vt 0.510193 0.841445
vt 0.510268 0.841389
vt 0.510118 0.849713
vt 0.510118 0.841129
vt 0.486308 0.877600
vt 0.486283 0.881566
vt 0.486177 0.881542
vt 0.486234 0.877537
vt 0.486385 0.877290
vt 0.486388 0.881590
vt 0.486252 0.885530
vt 0.486177 0.885559
vt 0.486324 0.885873
vt 0.503357 0.887145
vt 0.503357 0.888135
vt 0.503283 0.887119
vt 0.498350 0.889867
vt 0.498350 0.888884
vt 0.498483 0.888868
vt 0.498483 0.889903
vt 0.499585 0.888711
vt 0.499557 0.892581
vt 0.499450 0.892756
vt 0.499510 0.888752
vt 0.499661 0.892805
vt 0.504313 0.892134
vt 0.504285 0.888264
vt 0.504360 0.888306
vt 0.504420 0.892309
vt 0.504209 0.892356
vt 0.504209 0.888058
vt 0.485450 0.886877
vt 0.485450 0.885894
vt 0.485531 0.885872
vt 0.485531 0.886906
vt 0.502386 0.889666
vt 0.502386 0.890656
vt 0.502271 0.890680
vt 0.502271 0.889639
vt 0.510701 0.892948
vt 0.510716 0.886010
vt 0.510776 0.885664
vt 0.510743 0.892850
vt 0.510658 0.893340
vt 0.510658 0.885644
vt 0.509594 0.886010
vt 0.509609 0.892948
vt 0.509567 0.892850
vt 0.509534 0.885664
vt 0.509652 0.885644
vt 0.509652 0.893339
vt 0.510399 0.869679
vt 0.510399 0.855463
vt 0.510441 0.855387
vt 0.510441 0.869766
vt 0.510358 0.870258
vt 0.510358 0.854872
vt 0.483183 0.877882
vt 0.483201 0.884989
vt 0.483142 0.884999
vt 0.483142 0.877808
vt 0.483224 0.877290
vt 0.483260 0.884979
vt 0.483215 0.892097
vt 0.483173 0.892185
vt 0.483258 0.892675
vt 0.486377 0.885895
vt 0.486377 0.886877
vt 0.499003 0.889885
vt 0.499003 0.888896
vt 0.499126 0.888869
vt 0.499126 0.889910
vt 0.485407 0.886276
vt 0.485392 0.893213
vt 0.485332 0.893576
vt 0.485365 0.886385
vt 0.485450 0.885872
vt 0.485450 0.893562
vt 0.510597 0.877599
vt 0.510581 0.870662
vt 0.510623 0.870771
vt 0.510657 0.877962
vt 0.510539 0.877949
vt 0.510539 0.870259
vt 0.499046 0.890642
vt 0.499056 0.889910
vt 0.499120 0.889910
vt 0.499126 0.890680
vt 0.492371 0.889886
vt 0.492383 0.890624
vt 0.492262 0.890671
vt 0.492262 0.889865
vt 0.510810 0.885241
vt 0.510833 0.878329
vt 0.510893 0.877983
vt 0.510845 0.885210
vt 0.510775 0.885609
vt 0.510775 0.877962
vt 0.510835 0.870625
vt 0.510850 0.877541
vt 0.510808 0.877465
vt 0.510775 0.870279
vt 0.510475 0.869616
vt 0.510475 0.855424
vt 0.510509 0.855293
vt 0.510509 0.869756
vt 0.510441 0.870158
vt 0.510441 0.854872
vt 0.487505 0.877843
vt 0.487529 0.884938
vt 0.487470 0.884949
vt 0.487470 0.877713
vt 0.487537 0.877290
vt 0.487588 0.884927
vt 0.487550 0.892034
vt 0.487516 0.892175
vt 0.487585 0.892574
vt 0.487218 0.889926
vt 0.487228 0.890659
vt 0.487149 0.890697
vt 0.487155 0.889926
vt 0.499262 0.890615
vt 0.499275 0.889878
vt 0.499390 0.889860
vt 0.499390 0.890667
vt 0.488509 0.886240
vt 0.488494 0.893156
vt 0.488434 0.893519
vt 0.488467 0.886328
vt 0.488552 0.885815
vt 0.488552 0.893505
vt 0.510685 0.869865
vt 0.510663 0.862953
vt 0.510697 0.862993
vt 0.510746 0.870227
vt 0.510628 0.870216
vt 0.493938 0.890481
vt 0.493940 0.890025
vt 0.494014 0.890005
vt 0.494014 0.890507
vt 0.487843 0.889933
vt 0.487812 0.890388
vt 0.487707 0.890434
vt 0.487707 0.889935
vt 0.482142 0.889939
vt 0.482170 0.886116
vt 0.482277 0.885925
vt 0.482217 0.889936
vt 0.482065 0.890224
vt 0.482065 0.885935
vt 0.485015 0.886064
vt 0.485043 0.889946
vt 0.484968 0.889884
vt 0.484908 0.885872
vt 0.485120 0.885884
vt 0.485120 0.890174
vt 0.507208 0.893571
vt 0.507208 0.885665
vt 0.507283 0.885597
vt 0.507283 0.893619
vt 0.507133 0.893920
vt 0.507133 0.885336
vt 0.485674 0.877612
vt 0.485648 0.881565
vt 0.485542 0.881542
vt 0.485599 0.877537
vt 0.485751 0.877290
vt 0.485754 0.881589
vt 0.485618 0.885517
vt 0.485542 0.885559
vt 0.485690 0.885873
vt 0.494241 0.890025
vt 0.494240 0.890482
vt 0.494166 0.890507
vt 0.494166 0.890005
vt 0.492618 0.889970
vt 0.492753 0.889865
vt 0.492756 0.890420
vt 0.492607 0.890420
vt 0.508667 0.888456
vt 0.508639 0.892338
vt 0.508532 0.892499
vt 0.508591 0.888496
vt 0.508743 0.888250
vt 0.508743 0.892548
vt 0.504524 0.892147
vt 0.504497 0.888323
vt 0.504572 0.888306
vt 0.504632 0.892309
vt 0.504420 0.892356
vt 0.504420 0.888058
vt 0.483920 0.890452
vt 0.483926 0.890005
vt 0.484001 0.889982
vt 0.484001 0.890481
vt 0.499028 0.889910
vt 0.499003 0.890370
vt 0.498888 0.890411
vt 0.498881 0.889910
vt 0.510651 0.848326
vt 0.510666 0.841472
vt 0.510726 0.841148
vt 0.510693 0.848334
vt 0.510608 0.848824
vt 0.510608 0.841129
vt 0.510786 0.841472
vt 0.510801 0.848431
vt 0.510759 0.848335
vt 0.510726 0.841149
vt 0.510844 0.841129
vt 0.510844 0.848824
vt 0.510429 0.885042
vt 0.510429 0.870872
vt 0.510470 0.870774
vt 0.510470 0.885152
vt 0.510387 0.885644
vt 0.510387 0.870259
vt 0.483774 0.877905
vt 0.483791 0.884989
vt 0.483732 0.884999
vt 0.483732 0.877808
vt 0.483815 0.877290
vt 0.483850 0.884979
vt 0.483805 0.892074
vt 0.483764 0.892185
vt 0.483849 0.892675
vt 0.484077 0.890004
vt 0.484082 0.890451
vt 0.484001 0.890480
vt 0.498357 0.890007
vt 0.498493 0.889903
vt 0.498499 0.890420
vt 0.498350 0.890420
vt 0.488087 0.886219
vt 0.488071 0.893177
vt 0.488011 0.893518
vt 0.488044 0.886327
vt 0.488129 0.885814
vt 0.488129 0.893504
vt 0.510480 0.893008
vt 0.510464 0.886154
vt 0.510506 0.886157
vt 0.510540 0.893348
vt 0.510422 0.893335
vt 0.494095 0.890469
vt 0.494091 0.890022
vt 0.494166 0.890504
vt 0.488276 0.889948
vt 0.488245 0.890404
vt 0.488129 0.890430
vt 0.488129 0.889928
vt 0.510939 0.855370
vt 0.510924 0.862225
vt 0.510864 0.862549
vt 0.510897 0.855362
vt 0.510982 0.862568
vt 0.510952 0.892996
vt 0.510937 0.886038
vt 0.510979 0.886134
vt 0.511012 0.893320
vt 0.510894 0.893340
vt 0.510011 0.870861
vt 0.510011 0.885031
vt 0.509969 0.885129
vt 0.509969 0.870751
vt 0.510053 0.870259
vt 0.510053 0.885644
vt 0.482627 0.892060
vt 0.482610 0.884975
vt 0.482669 0.884966
vt 0.482669 0.892157
vt 0.482587 0.892675
vt 0.482551 0.884985
vt 0.482596 0.877891
vt 0.482637 0.877779
vt 0.482553 0.877290
vt 0.494392 0.890022
vt 0.494386 0.890469
vt 0.494316 0.890504
vt 0.494316 0.890005
vt 0.492912 0.889969
vt 0.493048 0.889865
vt 0.493054 0.890382
vt 0.492904 0.890382
vt 0.487066 0.893171
vt 0.487082 0.886213
vt 0.487142 0.885873
vt 0.487108 0.893063
vt 0.487024 0.893577
vt 0.487024 0.885887
vt 0.495358 0.887116
vt 0.495373 0.893970
vt 0.495331 0.893966
vt 0.495298 0.886776
vt 0.495416 0.886788
vt 0.495416 0.894479
vt 0.505841 0.857321
vt 0.505841 0.871537
vt 0.505830 0.871662
vt 0.505898 0.872064
vt 0.505898 0.855533
vt 0.507050 0.848582
vt 0.505910 0.855658
vt 0.504690 0.864595
vt 0.505898 0.841317
vt 0.505810 0.871734
vt 0.503451 0.872073
vt 0.503431 0.872007
vt 0.508288 0.856051
vt 0.507109 0.848946
vt 0.508309 0.855984
vt 0.504630 0.864959
vt 0.505930 0.855731
vt 0.503419 0.871885
vt 0.503419 0.857669
vt 0.508320 0.841646
vt 0.507168 0.848598
vt 0.504571 0.864612
vt 0.508320 0.855862
vt 0.484280 0.890706
vt 0.484285 0.889974
vt 0.484345 0.889974
vt 0.484351 0.890744
vt 0.492251 0.889886
vt 0.492262 0.890623
vt 0.492142 0.890671
vt 0.492142 0.889865
vt 0.510976 0.878330
vt 0.510953 0.885243
vt 0.510893 0.885588
vt 0.510942 0.878361
vt 0.511011 0.877962
vt 0.511011 0.885609
vt 0.511020 0.848458
vt 0.511005 0.841542
vt 0.511047 0.841618
vt 0.511080 0.848804
vt 0.510962 0.848824
vt 0.510504 0.870801
vt 0.510504 0.884993
vt 0.510470 0.885124
vt 0.510470 0.870661
vt 0.510539 0.870259
vt 0.510539 0.885545
vt 0.487672 0.892022
vt 0.487647 0.884926
vt 0.487707 0.884916
vt 0.487707 0.892151
vt 0.487640 0.892574
vt 0.487588 0.884937
vt 0.487627 0.877830
vt 0.487660 0.877689
vt 0.487591 0.877290
vt 0.483915 0.889982
vt 0.483920 0.890715
vt 0.483850 0.890753
vt 0.483856 0.889982
vt 0.498614 0.890608
vt 0.498627 0.889871
vt 0.498742 0.889854
vt 0.498742 0.890661
vt 0.510228 0.892923
vt 0.510243 0.886007
vt 0.510270 0.892835
vt 0.510185 0.893348
vt 0.510185 0.885658
vt 0.510717 0.878324
vt 0.510740 0.885236
vt 0.510705 0.885195
vt 0.510657 0.877962
vt 0.510775 0.877973
vt 0.510775 0.885613
vt 0.486296 0.890705
vt 0.486307 0.889967
vt 0.486369 0.889967
vt 0.486372 0.890740
vt 0.488813 0.889758
vt 0.488827 0.890489
vt 0.488690 0.890559
vt 0.488690 0.889755
vt 0.500446 0.888715
vt 0.500405 0.892569
vt 0.500297 0.892769
vt 0.500384 0.888736
vt 0.500509 0.892767
vt 0.485647 0.889969
vt 0.485619 0.886112
vt 0.485694 0.886162
vt 0.485754 0.890174
vt 0.485542 0.890162
vt 0.485542 0.885873
vt 0.510114 0.885957
vt 0.510114 0.893876
vt 0.510053 0.893960
vt 0.510053 0.885890
vt 0.510175 0.885644
vt 0.510175 0.894172
vt 0.488410 0.885526
vt 0.488446 0.881568
vt 0.488552 0.881595
vt 0.488470 0.885617
vt 0.488345 0.885815
vt 0.488341 0.881540
vt 0.488490 0.877611
vt 0.488552 0.877551
vt 0.488432 0.877290
vt 0.484196 0.889974
vt 0.484206 0.890711
vt 0.484133 0.890747
vt 0.484135 0.889974
vt 0.492383 0.890604
vt 0.492394 0.889871
vt 0.492497 0.889865
vt 0.492497 0.890669
vt 0.503651 0.892141
vt 0.503678 0.888281
vt 0.503786 0.888107
vt 0.503726 0.892111
vt 0.503574 0.892358
vt 0.503574 0.888058
vt 0.501040 0.888733
vt 0.501080 0.892588
vt 0.501018 0.892583
vt 0.500932 0.888562
vt 0.501143 0.888506
vt 0.501143 0.892780
vt 0.487913 0.890671
vt 0.487923 0.889933
vt 0.487985 0.889933
vt 0.487988 0.890707
vt 0.492597 0.889872
vt 0.492607 0.890606
vt 0.492497 0.890670
vt 0.500149 0.892559
vt 0.500189 0.888705
vt 0.500297 0.888506
vt 0.500210 0.892538
vt 0.500085 0.892769
vt 0.500085 0.888508
vt 0.485227 0.886077
vt 0.485255 0.889935
vt 0.485180 0.889884
vt 0.485120 0.885872
vt 0.485332 0.885884
vt 0.485332 0.890174
vt 0.508879 0.871833
vt 0.508879 0.863914
vt 0.508940 0.863830
vt 0.508940 0.871900
vt 0.508818 0.872146
vt 0.508818 0.863617
vt 0.488272 0.877579
vt 0.488235 0.881538
vt 0.488129 0.881511
vt 0.488211 0.877488
vt 0.488336 0.877290
vt 0.488341 0.881565
vt 0.488191 0.885494
vt 0.488129 0.885554
vt 0.488249 0.885815
vt 0.484269 0.889974
vt 0.484280 0.890711
vt 0.484206 0.890747
vt 0.484208 0.889974
vt 0.488552 0.890490
vt 0.488567 0.889758
vt 0.488690 0.890560
vt 0.505612 0.888275
vt 0.505585 0.892134
vt 0.505477 0.892308
vt 0.505537 0.888305
vt 0.505689 0.888058
vt 0.505689 0.892357
vt 0.500824 0.892554
vt 0.500784 0.888698
vt 0.500845 0.888703
vt 0.500932 0.892724
vt 0.500720 0.892780
vt 0.500720 0.888506
s 0
usemtl Material.008
f 1/1/1 2/2/1 4/3/1 3/4/1
f 4/3/2 2/2/2 5/5/2 6/6/2
f 5/5/3 2/2/3 8/7/3 9/8/3
f 2/2/4 1/1/4 7/9/4 8/7/4
f 4/3/5 6/6/5 12/10/5 11/11/5
f 3/4/6 4/3/6 11/11/6 10/12/6
f 11/11/7 12/10/7 15/13/7 14/14/7
f 10/12/8 11/11/8 14/14/8 13/15/8
f 14/16/9 15/17/9 18/18/9 17/19/9
f 13/15/10 14/14/10 17/20/10 16/21/10
f 9/8/11 8/7/11 20/22/11 21/23/11
f 8/7/12 7/9/12 19/24/12 20/22/12
f 21/25/13 20/26/13 23/27/13 24/28/13
f 20/22/14 19/24/14 22/29/14 23/30/14
f 24/28/15 23/27/15 26/31/15 27/32/15
f 23/30/16 22/29/16 25/33/16 26/34/16
f 27/32/17 26/31/17 29/35/17 30/36/17
f 26/34/18 25/33/18 28/37/18 29/38/18
f 30/39/19 29/38/19 31/40/19 32/41/19
f 32/41/20 31/40/20 33/42/20 34/43/20
f 34/43/21 33/42/21 35/44/21 36/45/21
f 29/38/22 28/37/22 31/40/22
f 36/46/23 35/47/23 37/48/23 38/49/23
f 36/50/24 38/51/24 39/52/24 34/53/24
f 34/53/25 39/52/25 40/54/25 32/55/25
f 32/55/26 40/54/26 41/56/26 30/36/26
f 30/36/27 41/56/27 43/57/27 27/32/27
f 27/32/28 43/57/28 44/58/28 24/28/28
f 24/28/29 44/58/29 42/59/29 21/25/29
f 21/25/30 42/59/30 45/60/30 9/61/30
f 9/61/31 45/60/31 46/62/31 5/63/31
f 5/63/32 46/62/32 47/64/32 6/65/32
f 6/65/33 47/64/33 48/66/33 12/67/33
f 12/67/34 48/66/34 49/68/34 15/17/34
f 15/17/35 49/68/35 18/18/35
f 50/69/36 52/70/36 53/71/36 51/72/36
f 53/71/37 55/6/37 54/73/37 51/72/37
f 54/73/38 58/74/38 57/75/38 51/72/38
f 51/72/39 57/75/39 56/76/39 50/69/39
f 53/71/40 60/77/40 61/10/40 55/6/40
f 52/70/41 59/78/41 60/77/41 53/71/41
f 60/77/42 63/79/42 64/80/42 61/10/42
f 59/78/43 62/81/43 63/79/43 60/77/43
f 63/82/44 17/19/44 18/18/44 64/83/44
f 62/81/45 16/84/45 17/85/45 63/79/45
f 58/74/46 67/86/46 66/87/46 57/75/46
f 57/88/47 66/89/47 65/90/47 56/91/47
f 67/92/48 70/93/48 69/94/48 66/95/48
f 66/87/49 69/96/49 68/97/49 65/98/49
f 70/93/50 73/99/50 72/100/50 69/94/50
f 69/96/51 72/101/51 71/102/51 68/97/51
f 73/99/52 76/103/52 75/104/52 72/100/52
f 72/101/53 75/105/53 74/106/53 71/102/53
f 76/107/54 78/108/54 77/109/54 75/105/54
f 78/108/55 80/110/55 79/111/55 77/109/55
f 80/110/56 82/112/56 81/113/56 79/111/56
f 75/105/57 77/109/57 74/106/57
f 82/114/58 38/49/58 37/48/58 81/115/58
f 82/116/59 80/117/59 39/52/59 38/51/59
f 80/117/60 78/118/60 40/54/60 39/52/60
f 78/118/61 76/103/61 41/56/61 40/54/61
f 76/103/62 73/99/62 43/57/62 41/56/62
f 73/99/63 70/93/63 44/58/63 43/57/63
f 70/93/64 67/92/64 42/59/64 44/58/64
f 67/92/65 58/119/65 45/60/65 42/59/65
f 58/119/66 54/120/66 46/62/66 45/60/66
f 54/120/67 55/121/67 47/64/67 46/62/67
f 55/121/68 61/122/68 48/66/68 47/64/68
f 61/122/69 64/83/69 49/68/69 48/66/69
f 64/83/70 18/18/70 49/68/70
f 83/123/71 85/124/71 86/125/71 84/126/71
f 86/125/72 88/127/72 87/128/72 84/126/72
f 87/128/73 91/129/73 90/130/73 84/126/73
f 84/126/74 90/130/74 89/131/74 83/123/74
f 86/125/75 93/132/75 94/133/75 88/127/75
f 85/124/76 92/134/76 93/132/76 86/125/76
f 93/132/77 96/135/77 97/136/77 94/133/77
f 92/134/78 95/137/78 96/135/78 93/132/78
f 96/138/79 99/139/79 100/140/79 97/141/79
f 95/137/80 98/21/80 99/142/80 96/135/80
f 91/129/81 103/143/81 102/144/81 90/130/81
f 90/130/82 102/144/82 101/145/82 89/131/82
f 103/146/83 106/147/83 105/148/83 102/149/83
f 102/144/84 105/150/84 104/151/84 101/145/84
f 106/147/85 109/152/85 108/153/85 105/148/85
f 105/150/86 108/154/86 107/155/86 104/151/86
f 109/152/87 112/156/87 111/157/87 108/153/87
f 108/154/88 111/158/88 110/159/88 107/155/88
f 112/160/89 114/161/89 113/162/89 111/158/89
f 114/161/90 116/163/90 115/164/90 113/162/90
f 116/163/91 118/165/91 117/166/91 115/164/91
f 111/158/92 113/162/92 110/159/92
f 118/167/93 120/168/93 119/169/93 117/170/93
f 118/171/94 116/172/94 121/173/94 120/174/94
f 116/172/95 114/175/95 122/176/95 121/173/95
f 114/175/96 112/156/96 123/177/96 122/176/96
f 112/156/97 109/152/97 125/178/97 123/177/97
f 109/152/98 106/147/98 126/179/98 125/178/98
f 106/147/99 103/146/99 124/180/99 126/179/99
f 103/146/100 91/181/100 127/182/100 124/180/100
f 91/181/101 87/183/101 128/184/101 127/182/101
f 87/183/102 88/185/102 129/186/102 128/184/102
f 88/185/103 94/187/103 130/188/103 129/186/103
f 94/187/104 97/189/104 131/190/104 130/188/104
f 97/189/105 100/191/105 131/190/105
f 132/192/106 133/193/106 135/194/106 134/195/106
f 135/194/107 133/193/107 136/196/107 137/197/107
f 136/196/108 133/193/108 139/198/108 140/199/108
f 133/193/109 132/192/109 138/200/109 139/198/109
f 135/194/110 137/197/110 143/201/110 142/202/110
f 134/195/111 135/194/111 142/202/111 141/203/111
f 142/202/112 143/201/112 146/136/112 145/204/112
f 141/203/113 142/202/113 145/204/113 144/205/113
f 145/206/114 146/207/114 100/140/114 99/139/114
f 144/205/115 145/204/115 99/208/115 98/209/115
f 140/199/116 139/198/116 148/210/116 149/211/116
f 139/198/117 138/200/117 147/212/117 148/210/117
f 149/213/118 148/214/118 151/215/118 152/216/118
f 148/210/119 147/212/119 150/217/119 151/218/119
f 152/216/120 151/215/120 154/219/120 155/220/120
f 151/218/121 150/217/121 153/221/121 154/222/121
f 155/220/122 154/219/122 157/223/122 158/224/122
f 154/222/123 153/221/123 156/225/123 157/226/123
f 158/227/124 157/226/124 159/228/124 160/229/124
f 160/229/125 159/228/125 161/230/125 162/231/125
f 162/231/126 161/230/126 163/232/126 164/233/126
f 157/226/127 156/225/127 159/228/127
f 164/234/128 163/235/128 119/169/128 120/168/128
f 164/236/129 120/174/129 121/173/129 162/237/129
f 162/237/130 121/173/130 122/176/130 160/238/130
f 160/238/131 122/176/131 123/177/131 158/224/131
f 158/224/132 123/177/132 125/178/132 155/220/132
f 155/220/133 125/178/133 126/179/133 152/216/133
f 152/216/134 126/179/134 124/180/134 149/213/134
f 149/213/135 124/180/135 127/182/135 140/239/135
f 140/239/136 127/182/136 128/184/136 136/240/136
f 136/240/137 128/184/137 129/186/137 137/241/137
f 137/241/138 129/186/138 130/188/138 143/242/138
f 143/242/139 130/188/139 131/190/139 146/243/139
f 146/243/140 131/190/140 100/191/140
f 1/244/141 3/245/141 85/246/141 83/247/141
f 7/248/142 1/244/142 83/247/142 89/249/142
f 3/245/143 10/250/143 92/251/143 85/246/143
f 10/250/144 13/252/144 95/253/144 92/251/144
f 13/252/145 16/254/145 98/255/145 95/253/145
f 19/256/146 7/248/146 89/249/146 101/257/146
f 22/258/147 19/256/147 101/257/147 104/259/147
f 25/260/148 22/258/148 104/259/148 107/261/148
f 28/262/149 25/260/149 107/261/149 110/263/149
f 33/264/150 31/265/150 113/266/150 115/267/150
f 35/268/151 33/264/151 115/267/151 117/269/151
f 31/265/152 28/262/152 110/263/152 113/266/152
f 37/270/153 35/268/153 117/269/153 119/271/153
f 52/272/154 50/273/154 132/274/154 134/275/154
f 50/273/155 56/276/155 138/277/155 132/274/155
f 59/278/156 52/272/156 134/275/156 141/279/156
f 62/280/157 59/278/157 141/279/157 144/281/157
f 16/254/158 62/280/158 144/281/158 98/255/158
f 56/276/159 65/282/159 147/283/159 138/277/159
f 65/282/160 68/284/160 150/285/160 147/283/160
f 68/284/161 71/286/161 153/287/161 150/285/161
f 71/286/162 74/288/162 156/289/162 153/287/162
f 77/290/163 79/291/163 161/292/163 159/293/163
f 79/291/164 81/294/164 163/295/164 161/292/164
f 74/288/165 77/290/165 159/293/165 156/289/165
f 81/294/166 37/270/166 119/271/166 163/295/166
f 211/296/167 200/297/167 168/298/167 180/299/167
f 185/300/167 186/301/167 193/302/167 194/303/167
f 209/304/168 175/305/168 165/306/168 201/307/168
f 203/308/169 169/309/169 173/310/169 207/311/169
f 176/312/170 168/313/170 171/314/170 178/315/170
f 178/316/171 171/317/171 173/318/171 179/319/171
f 206/320/172 172/321/172 174/322/172 208/323/172
f 202/324/173 166/325/173 172/326/173 206/327/173
f 177/328/174 170/329/174 174/330/174 179/331/174
f 169/309/175 177/328/175 179/331/175 173/310/175
f 172/332/176 178/316/176 179/319/176 174/333/176
f 166/325/177 176/312/177 178/315/177 172/326/177
f 199/334/178 167/335/178 175/305/178 209/304/178
f 190/336/179 187/337/179 196/338/179 197/339/179
f 167/340/180 180/341/180 182/342/180 175/343/180
f 175/343/181 182/342/181 181/344/181 165/345/181
f 211/346/182 180/347/182 222/348/182 224/349/182
f 182/342/183 176/350/183 184/351/183 183/352/183
f 176/350/184 166/353/184 185/354/184 184/351/184
f 166/353/185 181/344/185 186/355/185 185/354/185
f 181/344/186 182/342/186 183/352/186 186/355/186
f 180/341/187 168/356/187 188/357/187 187/358/187
f 168/356/188 176/350/188 189/359/188 188/357/188
f 176/350/189 182/342/189 190/360/189 189/359/189
f 182/342/190 180/341/190 187/358/190 190/360/190
f 192/361/191 191/362/191 194/363/191 193/364/191
f 196/365/192 195/366/192 198/367/192 197/368/192
f 186/369/179 183/370/179 192/371/179 193/372/179
f 188/372/193 189/373/193 198/374/193 195/375/193
f 187/376/172 188/377/172 195/378/172 196/379/172
f 184/380/193 185/381/193 194/382/193 191/383/193
f 189/384/167 190/385/167 197/386/167 198/387/167
f 183/388/172 184/389/172 191/390/172 192/391/172
f 165/392/172 181/393/172 210/394/172 201/395/172
f 204/396/194 170/329/194 215/397/194 217/398/194
f 168/313/195 200/399/195 205/400/195 171/314/195
f 171/401/167 205/402/167 207/403/167 173/404/167
f 170/329/196 204/396/196 208/405/196 174/330/196
f 169/406/167 203/407/167 212/408/167 213/409/167
f 181/393/172 166/410/172 202/411/172 210/394/172
f 214/412/197 213/413/197 219/414/197 220/415/197
f 214/416/179 216/417/179 217/398/179 215/397/179
f 177/418/198 169/419/198 213/413/198 214/412/198
f 170/337/199 177/418/199 214/412/199 215/420/199
f 219/421/167 218/422/167 226/423/167 227/424/167
f 213/409/200 212/408/200 218/422/200 219/421/200
f 216/425/172 214/426/172 220/427/172 221/428/172
f 225/429/167 224/430/167 222/431/167 223/432/167
f 167/335/201 199/334/201 225/433/201 223/434/201
f 180/341/202 167/340/202 223/435/202 222/436/202
f 227/367/179 226/437/179 229/438/179 228/439/179
f 220/415/203 219/414/203 227/440/203 228/441/203
f 221/428/172 220/427/172 228/442/172 229/443/172
f 211/296/167 245/444/167 233/445/167 200/297/167
f 250/300/167 259/446/167 258/447/167 251/301/167
f 209/304/204 201/307/204 230/448/204 240/449/204
f 203/308/169 207/311/169 238/450/169 234/451/169
f 241/452/205 243/453/205 236/330/205 233/454/205
f 243/455/206 244/456/206 238/457/206 236/458/206
f 206/320/172 208/323/172 239/459/172 237/460/172
f 202/324/173 206/327/173 237/461/173 231/462/173
f 242/463/207 244/464/207 239/314/207 235/465/207
f 234/451/208 238/450/208 244/464/208 242/463/208
f 237/466/209 239/467/209 244/456/209 243/455/209
f 231/462/210 237/461/210 243/453/210 241/452/210
f 199/334/211 209/304/211 240/449/211 232/468/211
f 255/469/179 262/470/179 261/471/179 252/472/179
f 232/473/212 240/474/212 247/475/212 245/476/212
f 240/474/213 230/477/213 246/478/213 247/475/213
f 211/346/182 224/349/182 269/479/182 245/480/182
f 247/475/214 248/481/214 249/482/214 241/483/214
f 241/483/215 249/482/215 250/484/215 231/485/215
f 231/485/216 250/484/216 251/486/216 246/478/216
f 246/478/217 251/486/217 248/481/217 247/475/217
f 245/476/218 252/487/218 253/488/218 233/489/218
f 233/489/219 253/488/219 254/490/219 241/483/219
f 241/483/220 254/490/220 255/491/220 247/475/220
f 247/475/221 255/491/221 252/487/221 245/476/221
f 257/492/222 258/493/222 259/494/222 256/495/222
f 261/496/223 262/497/223 263/498/223 260/499/223
f 251/500/179 258/501/179 257/502/179 248/469/179
f 253/503/193 260/504/193 263/505/193 254/506/193
f 252/507/172 261/508/172 260/509/172 253/510/172
f 249/380/193 256/511/193 259/512/193 250/381/193
f 254/384/167 263/303/167 262/302/167 255/385/167
f 248/513/172 257/514/172 256/515/172 249/387/172
f 230/516/172 201/395/172 210/394/172 246/517/172
f 204/396/194 217/398/194 266/518/194 235/465/194
f 233/454/195 236/330/195 205/400/195 200/399/195
f 236/348/167 238/519/167 207/403/167 205/402/167
f 235/465/196 239/314/196 208/405/196 204/396/196
f 234/520/167 264/521/167 212/408/167 203/407/167
f 246/517/172 210/394/172 202/411/172 231/522/172
f 265/523/224 268/524/224 267/525/224 264/526/224
f 265/527/179 266/518/179 217/398/179 216/417/179
f 242/528/225 265/523/225 264/526/225 234/522/225
f 235/529/226 266/530/226 265/523/226 242/528/226
f 267/531/167 271/532/167 226/423/167 218/422/167
f 264/521/200 267/531/200 218/422/200 212/408/200
f 216/425/172 221/428/172 268/533/172 265/534/172
f 225/429/167 270/535/167 269/536/167 224/430/167
f 232/468/227 270/461/227 225/433/227 199/334/227
f 245/476/228 269/537/228 270/538/228 232/473/228
f 271/539/179 272/370/179 229/438/179 226/437/179
f 268/524/229 272/540/229 271/541/229 267/525/229
f 221/428/172 229/443/172 272/542/172 268/533/172
f 363/543/230 364/544/230 285/545/230 287/546/230
f 364/544/231 363/543/231 288/547/231 286/548/231
f 364/549/232 365/550/232 323/551/232 285/552/232
f 365/553/233 364/554/233 286/555/233 324/556/233
f 365/557/234 363/558/234 287/559/234 323/560/234
f 363/561/235 365/562/235 324/563/235 288/564/235
f 366/565/236 367/566/236 273/567/236 275/568/236
f 367/569/237 366/570/237 276/571/237 274/572/237
f 367/566/238 368/573/238 277/574/238 273/567/238
f 368/575/239 367/569/239 274/572/239 278/576/239
f 368/577/240 369/578/240 279/579/240 277/580/240
f 369/581/241 368/575/241 278/576/241 280/582/241
f 369/583/242 366/584/242 275/585/242 279/586/242
f 366/570/243 369/581/243 280/582/243 276/571/243
f 370/587/244 371/588/244 277/589/244 279/590/244
f 371/591/245 370/592/245 280/593/245 278/594/245
f 371/595/246 372/596/246 325/597/246 277/598/246
f 372/599/247 371/591/247 278/594/247 326/600/247
f 372/601/248 370/602/248 279/603/248 325/604/248
f 370/605/249 372/606/249 326/607/249 280/608/249
f 373/609/250 374/610/250 273/611/250 277/612/250
f 374/613/251 373/614/251 278/615/251 274/616/251
f 374/617/252 375/618/252 327/619/252 273/620/252
f 375/621/253 374/613/253 274/616/253 328/622/253
f 375/623/254 373/624/254 277/625/254 327/626/254
f 373/627/255 375/628/255 328/629/255 278/630/255
f 376/631/256 377/632/256 279/633/256 275/634/256
f 377/635/257 376/636/257 276/637/257 280/638/257
f 377/639/258 378/640/258 329/641/258 279/642/258
f 378/643/259 377/644/259 280/645/259 330/646/259
f 378/647/260 376/648/260 275/649/260 329/650/260
f 376/636/261 378/651/261 330/652/261 276/637/261
f 379/653/262 380/654/262 291/655/262 289/656/262
f 380/654/263 379/653/263 290/657/263 292/658/263
f 380/659/264 381/660/264 331/661/264 291/662/264
f 381/663/265 380/664/265 292/665/265 332/666/265
f 381/667/266 379/668/266 289/669/266 331/670/266
f 379/671/267 381/672/267 332/673/267 290/674/267
f 382/675/231 383/676/231 283/677/231 281/678/231
f 383/676/230 382/675/230 282/679/230 284/680/230
f 383/681/268 384/682/268 333/683/268 283/684/268
f 384/685/269 383/686/269 284/687/269 334/688/269
f 384/689/270 382/690/270 281/691/270 333/692/270
f 382/693/271 384/694/271 334/695/271 282/696/271
f 385/697/272 386/698/272 281/699/272 285/700/272
f 386/698/273 385/697/273 286/701/273 282/702/273
f 386/703/274 387/704/274 335/705/274 281/706/274
f 387/707/275 386/708/275 282/709/275 336/710/275
f 387/711/276 385/712/276 285/713/276 335/714/276
f 385/715/277 387/716/277 336/717/277 286/718/277
f 388/719/273 389/720/273 287/721/273 283/722/273
f 389/720/272 388/719/272 284/723/272 288/724/272
f 389/725/278 390/726/278 337/727/278 287/728/278
f 390/729/279 389/730/279 288/731/279 338/732/279
f 390/733/280 388/734/280 283/735/280 337/736/280
f 388/737/281 390/738/281 338/739/281 284/740/281
f 391/741/282 392/742/282 297/743/282 301/744/282
f 392/742/283 391/741/283 302/745/283 298/746/283
f 392/747/284 512/748/284 339/749/284 297/750/284
f 512/751/285 392/752/285 298/753/285 340/754/285
f 512/755/286 391/756/286 301/757/286 339/758/286
f 391/759/287 512/760/287 340/761/287 302/762/287
f 393/763/288 394/764/288 289/765/288 293/766/288
f 394/764/289 393/763/289 294/767/289 290/768/289
f 394/769/290 395/770/290 341/771/290 289/772/290
f 395/773/291 394/774/291 290/775/291 342/776/291
f 395/777/292 393/778/292 293/779/292 341/780/292
f 393/781/293 395/782/293 342/783/293 294/784/293
f 396/785/289 397/786/289 295/787/289 291/788/289
f 397/786/288 396/785/288 292/789/288 296/790/288
f 397/791/294 398/792/294 343/793/294 295/794/294
f 398/795/295 397/796/295 296/797/295 344/798/295
f 398/799/296 396/800/296 291/801/296 343/802/296
f 396/803/297 398/804/297 344/805/297 292/806/297
f 399/807/263 400/808/263 293/809/263 295/810/263
f 400/808/262 399/807/262 296/811/262 294/812/262
f 400/813/298 401/814/298 345/815/298 293/816/298
f 401/817/299 400/818/299 294/819/299 346/820/299
f 401/821/300 399/822/300 295/823/300 345/824/300
f 399/825/301 401/826/301 346/827/301 296/828/301
f 402/829/302 403/830/302 309/831/302 311/832/302
f 403/830/303 402/829/303 312/833/303 310/834/303
f 403/835/304 404/836/304 347/837/304 309/838/304
f 404/839/305 403/840/305 310/841/305 348/842/305
f 404/843/306 402/844/306 311/845/306 347/846/306
f 402/847/307 404/848/307 348/849/307 312/850/307
f 405/851/308 406/852/308 303/853/308 299/854/308
f 406/852/282 405/851/282 300/855/282 304/856/282
f 406/857/309 557/858/309 349/859/309 303/860/309
f 557/861/310 406/862/310 304/863/310 350/864/310
f 557/865/311 405/866/311 299/867/311 349/868/311
f 405/869/312 557/870/312 350/871/312 300/872/312
f 407/873/313 408/874/313 301/875/313 303/876/313
f 408/874/314 407/873/314 304/877/314 302/878/314
f 408/879/315 566/880/315 351/881/315 301/882/315
f 566/883/316 408/884/316 302/885/316 352/886/316
f 566/887/317 407/888/317 303/889/317 351/890/317
f 407/891/318 566/892/318 352/893/318 304/894/318
f 409/895/314 410/896/314 299/897/314 297/898/314
f 410/896/313 409/895/313 298/899/313 300/900/313
f 410/901/319 575/902/319 353/903/319 299/904/319
f 575/905/320 410/906/320 300/907/320 354/908/320
f 575/909/321 409/910/321 297/911/321 353/912/321
f 409/913/322 575/914/322 354/915/322 298/916/322
f 411/917/323 412/918/323 319/919/323 315/920/323
f 412/921/324 411/922/324 316/923/324 320/924/324
f 412/925/325 413/926/325 355/927/325 319/928/325
f 413/926/326 412/925/326 320/929/326 356/930/326
f 413/931/327 411/932/327 315/933/327 355/934/327
f 411/932/328 413/931/328 356/935/328 316/936/328
f 414/937/303 415/938/303 307/939/303 305/940/303
f 415/938/302 414/937/302 306/941/302 308/942/302
f 415/943/329 416/944/329 357/945/329 307/946/329
f 416/947/330 415/948/330 308/949/330 358/950/330
f 416/951/331 414/952/331 305/953/331 357/954/331
f 414/955/332 416/956/332 358/957/332 306/958/332
f 417/959/333 418/960/333 305/961/333 309/962/333
f 418/960/334 417/959/334 310/963/334 306/964/334
f 418/965/335 419/966/335 359/967/335 305/968/335
f 419/969/336 418/970/336 306/971/336 360/972/336
f 419/973/337 417/974/337 309/975/337 359/976/337
f 417/977/338 419/978/338 360/979/338 310/980/338
f 420/981/334 421/982/334 311/983/334 307/984/334
f 421/982/333 420/981/333 308/985/333 312/986/333
f 421/987/339 422/988/339 361/989/339 311/990/339
f 422/991/340 421/992/340 312/993/340 362/994/340
f 422/995/341 420/996/341 307/997/341 361/998/341
f 420/999/342 422/1000/342 362/1001/342 308/1002/342
f 423/1003/343 424/1004/343 275/1005/343 273/1006/343
f 424/1007/344 423/1008/344 274/1009/344 276/1010/344
f 424/1011/345 425/1012/345 321/1013/345 275/1014/345
f 425/1015/346 424/1016/346 276/1017/346 322/1018/346
f 425/1019/347 423/1020/347 273/1021/347 321/1022/347
f 423/1008/348 425/1023/348 322/1024/348 274/1009/348
f 426/1025/349 427/1026/349 283/1027/349 275/1028/349
f 427/1026/350 426/1025/350 276/1029/350 284/1030/350
f 427/1031/351 428/1032/351 321/1033/351 283/1034/351
f 428/1035/352 427/1036/352 284/1037/352 322/1038/352
f 428/1032/353 426/1039/353 275/1040/353 321/1033/353
f 426/1041/354 428/1035/354 322/1038/354 276/1042/354
f 429/1043/355 430/1044/355 281/1045/355 283/1046/355
f 430/1044/356 429/1043/356 284/1047/356 282/1048/356
f 430/1049/357 431/1050/357 321/1051/357 281/1052/357
f 431/1053/358 430/1054/358 282/1055/358 322/1056/358
f 431/1057/359 429/1058/359 283/1059/359 321/1060/359
f 429/1061/360 431/1062/360 322/1063/360 284/1064/360
f 432/1065/361 433/1066/361 273/1067/361 281/1068/361
f 433/1066/362 432/1065/362 282/1069/362 274/1070/362
f 433/1071/363 434/1072/363 321/1073/363 273/1074/363
f 434/1075/364 433/1076/364 274/1077/364 322/1078/364
f 434/1072/365 432/1079/365 281/1080/365 321/1073/365
f 432/1081/366 434/1075/366 322/1078/366 282/1082/366
f 435/1083/367 436/1084/367 293/1085/367 285/1086/367
f 436/1084/368 435/1083/368 286/1087/368 294/1088/368
f 436/1089/369 437/1090/369 323/1091/369 293/1092/369
f 437/1093/370 436/1094/370 294/1095/370 324/1096/370
f 437/1090/371 435/1097/371 285/1098/371 323/1091/371
f 435/1099/372 437/1093/372 324/1096/372 286/1100/372
f 438/1101/373 439/1102/373 295/1103/373 293/1104/373
f 439/1102/374 438/1101/374 294/1105/374 296/1106/374
f 439/1107/375 440/1108/375 323/1109/375 295/1110/375
f 440/1111/376 439/1112/376 296/1113/376 324/1114/376
f 440/1115/377 438/1116/377 293/1117/377 323/1118/377
f 438/1119/378 440/1120/378 324/1121/378 294/1122/378
f 441/1123/379 442/1124/379 287/1125/379 295/1126/379
f 442/1124/380 441/1123/380 296/1127/380 288/1128/380
f 442/1129/381 443/1130/381 323/1131/381 287/1132/381
f 443/1133/382 442/1134/382 288/1135/382 324/1136/382
f 443/1130/383 441/1137/383 295/1138/383 323/1131/383
f 441/1139/384 443/1133/384 324/1136/384 296/1140/384
f 444/1141/385 445/1142/385 285/1143/385 277/1144/385
f 445/1142/386 444/1141/386 278/1145/386 286/1146/386
f 445/1147/387 446/1148/387 325/1149/387 285/1150/387
f 446/1151/388 445/1152/388 286/1153/388 326/1154/388
f 446/1148/389 444/1155/389 277/1156/389 325/1149/389
f 444/1157/390 446/1151/390 326/1154/390 278/1158/390
f 447/1159/356 448/1160/356 287/1161/356 285/1162/356
f 448/1160/355 447/1159/355 286/1163/355 288/1164/355
f 448/1165/391 449/1166/391 325/1167/391 287/1168/391
f 449/1169/392 448/1170/392 288/1171/392 326/1172/392
f 449/1173/393 447/1174/393 285/1175/393 325/1176/393
f 447/1177/394 449/1178/394 326/1179/394 286/1180/394
f 450/1181/395 451/1182/395 279/1183/395 287/1184/395
f 451/1182/396 450/1181/396 288/1185/396 280/1186/396
f 451/1187/397 452/1188/397 325/1189/397 279/1190/397
f 452/1191/398 451/1192/398 280/1193/398 326/1194/398
f 452/1188/399 450/1195/399 287/1196/399 325/1189/399
f 450/1197/400 452/1191/400 326/1194/400 288/1198/400
f 453/1199/401 454/1200/401 281/1201/401 273/1202/401
f 454/1200/402 453/1199/402 274/1203/402 282/1204/402
f 454/1205/403 455/1206/403 327/1207/403 281/1208/403
f 455/1209/404 454/1210/404 282/1211/404 328/1212/404
f 455/1206/405 453/1213/405 273/1214/405 327/1207/405
f 453/1215/406 455/1209/406 328/1212/406 274/1216/406
f 456/1217/407 457/1218/407 285/1219/407 281/1220/407
f 457/1218/408 456/1217/408 282/1221/408 286/1222/408
f 457/1223/409 458/1224/409 327/1225/409 285/1226/409
f 458/1227/410 457/1228/410 286/1229/410 328/1230/410
f 458/1231/411 456/1232/411 281/1233/411 327/1234/411
f 456/1235/412 458/1236/412 328/1237/412 282/1238/412
f 459/1239/413 460/1240/413 277/1241/413 285/1242/413
f 460/1240/414 459/1239/414 286/1243/414 278/1244/414
f 460/1245/415 461/1246/415 327/1247/415 277/1248/415
f 461/1249/416 460/1250/416 278/1251/416 328/1252/416
f 461/1246/417 459/1253/417 285/1254/417 327/1247/417
f 459/1255/418 461/1249/418 328/1252/418 286/1256/418
f 462/1257/419 463/1258/419 287/1259/419 279/1260/419
f 463/1258/420 462/1257/420 280/1261/420 288/1262/420
f 463/1263/421 464/1264/421 329/1265/421 287/1266/421
f 464/1267/422 463/1268/422 288/1269/422 330/1270/422
f 464/1264/423 462/1271/423 279/1272/423 329/1265/423
f 462/1273/424 464/1267/424 330/1270/424 280/1274/424
f 465/1275/408 466/1276/408 283/1277/408 287/1278/408
f 466/1276/407 465/1275/407 288/1279/407 284/1280/407
f 466/1281/425 467/1282/425 329/1283/425 283/1284/425
f 467/1285/426 466/1286/426 284/1287/426 330/1288/426
f 467/1289/427 465/1290/427 287/1291/427 329/1292/427
f 465/1293/428 467/1294/428 330/1295/428 288/1296/428
f 468/1297/429 469/1298/429 275/1299/429 283/1300/429
f 469/1298/430 468/1297/430 284/1301/430 276/1302/430
f 469/1303/431 470/1304/431 329/1305/431 275/1306/431
f 470/1307/432 469/1308/432 276/1309/432 330/1310/432
f 470/1304/433 468/1311/433 283/1312/433 329/1305/433
f 468/1313/434 470/1307/434 330/1310/434 284/1314/434
f 471/1315/435 472/1316/435 299/1317/435 291/1318/435
f 472/1316/436 471/1315/436 292/1319/436 300/1320/436
f 472/1321/437 473/1322/437 331/1323/437 299/1324/437
f 473/1325/438 472/1326/438 300/1327/438 332/1328/438
f 473/1322/439 471/1329/439 291/1330/439 331/1323/439
f 471/1331/440 473/1325/440 332/1328/440 292/1332/440
f 474/1333/441 475/1334/441 297/1335/441 299/1336/441
f 475/1334/442 474/1333/442 300/1337/442 298/1338/442
f 475/1339/443 476/1340/443 331/1341/443 297/1342/443
f 476/1343/444 475/1344/444 298/1345/444 332/1346/444
f 476/1347/445 474/1348/445 299/1349/445 331/1350/445
f 474/1351/446 476/1352/446 332/1353/446 300/1354/446
f 477/1355/447 478/1356/447 289/1357/447 297/1358/447
f 478/1356/448 477/1355/448 298/1359/448 290/1360/448
f 478/1361/449 479/1362/449 331/1363/449 289/1364/449
f 479/1365/450 478/1366/450 290/1367/450 332/1368/450
f 479/1362/451 477/1369/451 297/1370/451 331/1363/451
f 477/1371/452 479/1365/452 332/1368/452 298/1372/452
f 480/1373/453 481/1374/453 291/1375/453 283/1376/453
f 481/1374/454 480/1373/454 284/1377/454 292/1378/454
f 481/1379/455 482/1380/455 333/1381/455 291/1382/455
f 482/1383/456 481/1384/456 292/1385/456 334/1386/456
f 482/1380/457 480/1387/457 283/1388/457 333/1381/457
f 480/1389/458 482/1383/458 334/1386/458 284/1390/458
f 483/1391/374 484/1392/374 289/1393/374 291/1394/374
f 484/1392/373 483/1391/373 292/1395/373 290/1396/373
f 484/1397/459 485/1398/459 333/1399/459 289/1400/459
f 485/1401/460 484/1402/460 290/1403/460 334/1404/460
f 485/1405/461 483/1406/461 291/1407/461 333/1408/461
f 483/1409/462 485/1410/462 334/1411/462 292/1412/462
f 486/1413/463 487/1414/463 281/1415/463 289/1416/463
f 487/1414/464 486/1413/464 290/1417/464 282/1418/464
f 487/1419/465 488/1420/465 333/1421/465 281/1422/465
f 488/1423/466 487/1424/466 282/1425/466 334/1426/466
f 488/1420/467 486/1427/467 289/1428/467 333/1421/467
f 486/1429/468 488/1423/468 334/1426/468 290/1430/468
f 489/1431/469 490/1432/469 289/1433/469 281/1434/469
f 490/1432/470 489/1431/470 282/1435/470 290/1436/470
f 490/1437/471 491/1438/471 335/1439/471 289/1440/471
f 491/1441/472 490/1442/472 290/1443/472 336/1444/472
f 491/1438/473 489/1445/473 281/1446/473 335/1439/473
f 489/1447/474 491/1441/474 336/1444/474 282/1448/474
f 492/1449/475 493/1450/475 293/1451/475 289/1452/475
f 493/1450/476 492/1449/476 290/1453/476 294/1454/476
f 493/1455/477 494/1456/477 335/1457/477 293/1458/477
f 494/1459/478 493/1460/478 294/1461/478 336/1462/478
f 494/1463/479 492/1464/479 289/1465/479 335/1466/479
f 492/1467/480 494/1468/480 336/1469/480 290/1470/480
f 495/1471/481 496/1472/481 285/1473/481 293/1474/481
f 496/1472/482 495/1471/482 294/1475/482 286/1476/482
f 496/1477/483 497/1478/483 335/1479/483 285/1480/483
f 497/1481/484 496/1482/484 286/1483/484 336/1484/484
f 497/1478/485 495/1485/485 293/1486/485 335/1479/485
f 495/1487/486 497/1481/486 336/1484/486 294/1488/486
f 498/1489/487 499/1490/487 295/1491/487 287/1492/487
f 499/1490/488 498/1489/488 288/1493/488 296/1494/488
f 499/1495/489 500/1496/489 337/1497/489 295/1498/489
f 500/1499/490 499/1500/490 296/1501/490 338/1502/490
f 500/1496/491 498/1503/491 287/1504/491 337/1497/491
f 498/1505/492 500/1499/492 338/1502/492 288/1506/492
f 501/1507/476 502/1508/476 291/1509/476 295/1510/476
f 502/1508/475 501/1507/475 296/1511/475 292/1512/475
f 502/1513/493 503/1514/493 337/1515/493 291/1516/493
f 503/1517/494 502/1518/494 292/1519/494 338/1520/494
f 503/1521/495 501/1522/495 295/1523/495 337/1524/495
f 501/1525/496 503/1526/496 338/1527/496 296/1528/496
f 504/1529/497 505/1530/497 283/1531/497 291/1475/497
f 505/1530/498 504/1529/498 292/1532/498 284/1533/498
f 505/1534/499 506/1535/499 337/1536/499 283/1537/499
f 506/1538/500 505/1539/500 284/1540/500 338/1541/500
f 506/1535/501 504/1542/501 291/1543/501 337/1536/501
f 504/1544/502 506/1538/502 338/1541/502 292/1545/502
f 507/1546/503 508/1547/503 305/1548/503 297/1549/503
f 508/1547/504 507/1546/504 298/1550/504 306/1551/504
f 508/1552/505 509/1553/505 339/1554/505 305/1555/505
f 509/1553/506 508/1552/506 306/1556/506 340/1557/506
f 509/1558/507 507/1559/507 297/1560/507 339/1561/507
f 507/1562/508 509/1563/508 340/1564/508 298/1565/508
f 510/1566/509 511/1567/509 309/1568/509 305/1569/509
f 511/1567/510 510/1566/510 306/1570/510 310/1571/510
f 511/1572/511 512/1573/511 339/1574/511 309/1575/511
f 512/1573/512 511/1572/512 310/1576/512 340/1577/512
f 512/1573/513 510/1578/513 305/1579/513 339/1574/513
f 510/1578/514 512/1573/514 340/1577/514 306/1580/514
f 513/1581/515 514/1582/515 301/1583/515 309/1584/515
f 514/1582/516 513/1581/516 310/1585/516 302/1586/516
f 514/1587/517 515/1588/517 339/1589/517 301/1590/517
f 515/1591/518 514/1592/518 302/1593/518 340/1594/518
f 515/1595/519 513/1596/519 309/1597/519 339/1598/519
f 513/1596/520 515/1595/520 340/1599/520 310/1600/520
f 516/1601/521 517/1602/521 297/1603/521 289/1604/521
f 517/1602/522 516/1601/522 290/1605/522 298/1606/522
f 517/1607/523 518/1608/523 341/1609/523 297/1610/523
f 518/1611/524 517/1612/524 298/1613/524 342/1614/524
f 518/1608/525 516/1615/525 289/1616/525 341/1609/525
f 516/1617/526 518/1611/526 342/1614/526 290/1618/526
f 519/1619/527 520/1620/527 301/1621/527 297/1622/527
f 520/1620/528 519/1619/528 298/1623/528 302/1624/528
f 520/1625/529 521/1626/529 341/1627/529 301/1628/529
f 521/1629/530 520/1630/530 302/1631/530 342/1632/530
f 521/1633/531 519/1634/531 297/1635/531 341/1636/531
f 519/1637/532 521/1638/532 342/1639/532 298/1640/532
f 522/1641/533 523/1642/533 293/1643/533 301/1644/533
f 523/1642/534 522/1641/534 302/1645/534 294/1646/534
f 523/1647/535 524/1648/535 341/1649/535 293/1650/535
f 524/1651/536 523/1652/536 294/1653/536 342/1654/536
f 524/1648/537 522/1655/537 301/1656/537 341/1649/537
f 522/1657/538 524/1651/538 342/1654/538 302/1658/538
f 525/1659/539 526/1660/539 303/1661/539 295/1662/539
f 526/1660/540 525/1659/540 296/1663/540 304/1664/540
f 526/1665/541 527/1666/541 343/1667/541 303/1668/541
f 527/1669/542 526/1670/542 304/1671/542 344/1672/542
f 527/1666/543 525/1673/543 295/1674/543 343/1667/543
f 525/1675/544 527/1669/544 344/1672/544 296/1676/544
f 528/1677/528 529/1678/528 299/1679/528 303/1680/528
f 529/1678/527 528/1677/527 304/1681/527 300/1682/527
f 529/1683/545 530/1684/545 343/1685/545 299/1686/545
f 530/1687/546 529/1688/546 300/1689/546 344/1690/546
f 530/1691/547 528/1692/547 303/1693/547 343/1694/547
f 528/1695/548 530/1696/548 344/1697/548 304/1698/548
f 531/1699/549 532/1700/549 291/1701/549 299/1643/549
f 532/1700/550 531/1699/550 300/1702/550 292/1703/550
f 532/1704/551 533/1705/551 343/1706/551 291/1707/551
f 533/1708/552 532/1709/552 292/1710/552 344/1711/552
f 533/1705/553 531/1712/553 299/1713/553 343/1706/553
f 531/1714/554 533/1708/554 344/1711/554 300/1715/554
f 534/1716/555 535/1717/555 301/1718/555 293/1719/555
f 535/1717/556 534/1716/556 294/1720/556 302/1721/556
f 535/1722/557 536/1723/557 345/1724/557 301/1725/557
f 536/1726/558 535/1727/558 302/1728/558 346/1729/558
f 536/1723/559 534/1730/559 293/1731/559 345/1724/559
f 534/1732/560 536/1726/560 346/1729/560 294/1733/560
f 537/1734/442 538/1735/442 303/1736/442 301/1737/442
f 538/1735/441 537/1734/441 302/1738/441 304/1739/441
f 538/1740/561 539/1741/561 345/1742/561 303/1743/561
f 539/1744/562 538/1745/562 304/1746/562 346/1747/562
f 539/1748/563 537/1749/563 301/1750/563 345/1751/563
f 537/1752/564 539/1753/564 346/1754/564 302/1755/564
f 540/1756/565 541/1757/565 295/1758/565 303/1759/565
f 541/1757/566 540/1756/566 304/1760/566 296/1761/566
f 541/1762/567 542/1763/567 345/1764/567 295/1765/567
f 542/1766/568 541/1767/568 296/1768/568 346/1769/568
f 542/1763/569 540/1770/569 303/1771/569 345/1764/569
f 540/1772/570 542/1766/570 346/1769/570 304/1773/570
f 543/1774/571 544/1775/571 317/1776/571 309/1777/571
f 544/1775/572 543/1774/572 310/1778/572 318/1779/572
f 544/1780/573 545/1781/573 347/1782/573 317/1783/573
f 545/1784/574 544/1785/574 318/1786/574 348/1787/574
f 545/1781/575 543/1788/575 309/1789/575 347/1782/575
f 543/1790/576 545/1784/576 348/1787/576 310/1791/576
f 546/1792/577 547/1793/577 319/1794/577 317/1795/577
f 547/1796/578 546/1797/578 318/1798/578 320/1799/578
f 547/1800/579 548/1801/579 347/1802/579 319/1803/579
f 548/1804/580 547/1805/580 320/1806/580 348/1807/580
f 548/1808/581 546/1809/581 317/1810/581 347/1811/581
f 546/1797/582 548/1812/582 348/1813/582 318/1798/582
f 549/1814/583 550/1815/583 311/1816/583 319/1817/583
f 550/1815/584 549/1814/584 320/1818/584 312/1819/584
f 550/1820/585 551/1821/585 347/1822/585 311/1823/585
f 551/1824/586 550/1825/586 312/1826/586 348/1827/586
f 551/1821/587 549/1828/587 319/1829/587 347/1822/587
f 549/1830/588 551/1824/588 348/1827/588 320/1831/588
f 552/1832/589 553/1833/589 311/1834/589 303/1835/589
f 553/1833/590 552/1832/590 304/1836/590 312/1837/590
f 553/1838/591 554/1839/591 349/1840/591 311/1841/591
f 554/1839/592 553/1838/592 312/1842/592 350/1843/592
f 554/1844/593 552/1845/593 303/1846/593 349/1847/593
f 552/1848/594 554/1849/594 350/1850/594 304/1851/594
f 555/1852/510 556/1853/510 307/1854/510 311/1855/510
f 556/1853/509 555/1852/509 312/1856/509 308/1857/509
f 556/1858/595 557/1859/595 349/1860/595 307/1861/595
f 557/1859/596 556/1858/596 308/1862/596 350/1863/596
f 557/1859/597 555/1864/597 311/1865/597 349/1860/597
f 555/1864/598 557/1859/598 350/1863/598 312/1866/598
f 558/1867/599 559/1868/599 299/1869/599 307/1870/599
f 559/1868/600 558/1867/600 308/1871/600 300/1872/600
f 559/1873/601 560/1874/601 349/1875/601 299/1876/601
f 560/1877/602 559/1878/602 300/1879/602 350/1880/602
f 560/1881/603 558/1882/603 307/1883/603 349/1884/603
f 558/1882/604 560/1881/604 350/1885/604 308/1886/604
f 561/1887/605 562/1888/605 309/1889/605 301/1890/605
f 562/1888/606 561/1887/606 302/1891/606 310/1892/606
f 562/1893/607 563/1894/607 351/1895/607 309/1896/607
f 563/1894/608 562/1893/608 310/1897/608 352/1898/608
f 563/1899/609 561/1900/609 301/1901/609 351/1902/609
f 561/1903/610 563/1904/610 352/1905/610 302/1906/610
f 564/1907/611 565/1908/611 311/1909/611 309/1910/611
f 565/1908/612 564/1907/612 310/1911/612 312/1912/612
f 565/1913/613 566/1914/613 351/1915/613 311/1916/613
f 566/1914/614 565/1913/614 312/1917/614 352/1918/614
f 566/1914/615 564/1919/615 309/1920/615 351/1915/615
f 564/1919/616 566/1914/616 352/1918/616 310/1921/616
f 567/1922/617 568/1923/617 303/1924/617 311/1925/617
f 568/1923/618 567/1922/618 312/1926/618 304/1927/618
f 568/1928/619 569/1929/619 351/1930/619 303/1931/619
f 569/1932/620 568/1933/620 304/1934/620 352/1935/620
f 569/1936/621 567/1937/621 311/1938/621 351/1939/621
f 567/1937/622 569/1936/622 352/1940/622 312/1941/622
f 570/1942/623 571/1943/623 307/1944/623 299/1945/623
f 571/1943/624 570/1942/624 300/1946/624 308/1947/624
f 571/1948/625 572/1949/625 353/1950/625 307/1951/625
f 572/1949/626 571/1948/626 308/1952/626 354/1953/626
f 572/1954/627 570/1955/627 299/1956/627 353/1957/627
f 570/1958/628 572/1959/628 354/1960/628 300/1961/628
f 573/1962/612 574/1963/612 305/1964/612 307/1965/612
f 574/1963/611 573/1962/611 308/1966/611 306/1967/611
f 574/1968/629 575/1969/629 353/1970/629 305/1971/629
f 575/1969/630 574/1968/630 306/1972/630 354/1973/630
f 575/1969/631 573/1974/631 307/1975/631 353/1970/631
f 573/1974/632 575/1969/632 354/1973/632 308/1976/632
f 576/1977/633 577/1978/633 297/1979/633 305/1980/633
f 577/1978/634 576/1977/634 306/1981/634 298/1982/634
f 577/1983/635 578/1984/635 353/1985/635 297/1986/635
f 578/1987/636 577/1988/636 298/1989/636 354/1990/636
f 578/1991/637 576/1992/637 305/1993/637 353/1994/637
f 576/1992/638 578/1991/638 354/1995/638 306/1996/638
f 579/1997/639 580/1998/639 317/1999/639 319/2000/639
f 580/2001/640 579/2002/640 320/2003/640 318/2004/640
f 580/2005/641 581/2006/641 355/2007/641 317/2008/641
f 581/2006/642 580/2005/642 318/2009/642 356/2010/642
f 581/2011/643 579/2012/643 319/2013/643 355/2014/643
f 579/2012/644 581/2011/644 356/2015/644 320/2016/644
f 582/2017/645 583/2018/645 313/2019/645 317/2020/645
f 583/2021/646 582/2022/646 318/2023/646 314/2024/646
f 583/2025/647 584/2026/647 355/2027/647 313/2028/647
f 584/2026/648 583/2025/648 314/2029/648 356/2030/648
f 584/2031/649 582/2032/649 317/2033/649 355/2034/649
f 582/2032/650 584/2031/650 356/2035/650 318/2036/650
f 585/2037/651 586/2038/651 315/2039/651 313/2040/651
f 586/2041/652 585/2042/652 314/2043/652 316/2044/652
f 586/2045/653 587/2046/653 355/2047/653 315/2048/653
f 587/2046/654 586/2045/654 316/2049/654 356/2050/654
f 587/2051/655 585/2052/655 313/2053/655 355/2054/655
f 585/2052/656 587/2051/656 356/2055/656 314/2056/656
f 588/2057/657 589/2058/657 315/2059/657 307/2060/657
f 589/2058/658 588/2057/658 308/2061/658 316/2062/658
f 589/2063/659 590/2064/659 357/2065/659 315/2066/659
f 590/2067/660 589/2068/660 316/2069/660 358/2070/660
f 590/2064/661 588/2071/661 307/2072/661 357/2065/661
f 588/2073/662 590/2067/662 358/2070/662 308/2074/662
f 591/2075/663 592/2076/663 313/2077/663 315/2078/663
f 592/2079/664 591/2080/664 316/2081/664 314/2082/664
f 592/2083/665 593/2084/665 357/2085/665 313/2086/665
f 593/2087/666 592/2079/666 314/2082/666 358/2088/666
f 593/2089/667 591/2090/667 315/2091/667 357/2092/667
f 591/2093/668 593/2094/668 358/2095/668 316/2096/668
f 594/2097/669 595/2098/669 305/2099/669 313/2100/669
f 595/2098/670 594/2097/670 314/2101/670 306/2102/670
f 595/2103/671 596/2104/671 357/2105/671 305/2106/671
f 596/2107/672 595/2108/672 306/2109/672 358/2110/672
f 596/2104/673 594/2111/673 313/2112/673 357/2105/673
f 594/2113/674 596/2107/674 358/2110/674 314/2114/674
f 597/2115/675 598/2116/675 313/2117/675 305/2118/675
f 598/2116/676 597/2115/676 306/2119/676 314/2120/676
f 598/2121/677 599/2122/677 359/2123/677 313/2124/677
f 599/2125/678 598/2126/678 314/2127/678 360/2128/678
f 599/2122/679 597/2129/679 305/2130/679 359/2123/679
f 597/2131/680 599/2125/680 360/2128/680 306/2132/680
f 600/2133/681 601/2134/681 317/2135/681 313/2136/681
f 601/2137/682 600/2138/682 314/2139/682 318/2140/682
f 601/2141/683 602/2142/683 359/2143/683 317/2144/683
f 602/2145/684 601/2146/684 318/2147/684 360/2148/684
f 602/2149/685 600/2150/685 313/2151/685 359/2152/685
f 600/2138/686 602/2153/686 360/2154/686 314/2139/686
f 603/2155/687 604/2156/687 309/2157/687 317/2158/687
f 604/2156/688 603/2155/688 318/2159/688 310/2160/688
f 604/2161/689 605/2162/689 359/2163/689 309/2164/689
f 605/2165/690 604/2166/690 310/2167/690 360/2168/690
f 605/2162/691 603/2169/691 317/2170/691 359/2163/691
f 603/2171/692 605/2165/692 360/2168/692 318/2172/692
f 606/2173/693 607/2174/693 319/2175/693 311/2176/693
f 607/2174/694 606/2173/694 312/2177/694 320/2178/694
f 607/2179/695 608/2180/695 361/2181/695 319/2182/695
f 608/2183/696 607/2184/696 320/2185/696 362/2186/696
f 608/2180/697 606/2187/697 311/2188/697 361/2181/697
f 606/2189/698 608/2183/698 362/2186/698 312/2190/698
f 609/2191/699 610/2192/699 315/2193/699 319/2194/699
f 610/2195/700 609/2196/700 320/2197/700 316/2198/700
f 610/2199/701 611/2200/701 361/2201/701 315/2202/701
f 611/2203/702 610/2195/702 316/2198/702 362/2204/702
f 611/2205/703 609/2206/703 319/2207/703 361/2208/703
f 609/2209/704 611/2210/704 362/2211/704 320/2212/704
f 612/2213/705 613/2214/705 307/2215/705 315/2216/705
f 613/2214/706 612/2213/706 316/2217/706 308/2218/706
f 613/2219/707 614/2220/707 361/2221/707 307/2222/707
f 614/2223/708 613/2224/708 308/2225/708 362/2226/708
f 614/2220/709 612/2227/709 315/2228/709 361/2221/709
f 612/2229/710 614/2223/710 362/2226/710 316/2230/710
f 639/2231/167 615/2232/167 616/2233/167 617/2234/167
f 643/2235/167 642/2236/167 650/2237/167 651/2238/167
f 661/2239/168 619/2240/168 623/2241/168 624/2242/168
f 625/2243/169 626/2244/169 634/2245/169 633/2246/169
f 620/2247/170 616/2248/170 630/2249/170 632/2250/170
f 632/2251/171 630/2252/171 634/2253/171 635/2254/171
f 659/2255/172 629/2256/172 636/2257/172 660/2258/172
f 657/2259/173 621/2260/173 629/2261/173 659/2262/173
f 627/2263/174 628/2264/174 636/2265/174 635/2266/174
f 626/2244/175 627/2263/175 635/2266/175 634/2245/175
f 629/2267/176 632/2251/176 635/2254/176 636/2268/176
f 621/2260/177 620/2247/177 632/2250/177 629/2261/177
f 656/2269/178 618/2270/178 619/2240/178 661/2239/178
f 646/2271/179 645/2272/179 653/2273/179 654/2274/179
f 618/2275/180 617/2276/180 638/2277/180 619/2278/180
f 619/2278/181 638/2277/181 622/2279/181 623/2280/181
f 639/2281/182 617/2282/182 673/2283/182 675/2284/182
f 638/2277/183 620/2285/183 640/2286/183 641/2287/183
f 620/2285/184 621/2288/184 643/2289/184 640/2286/184
f 621/2288/185 622/2279/185 642/2290/185 643/2289/185
f 622/2279/186 638/2277/186 641/2287/186 642/2290/186
f 617/2276/187 616/2291/187 644/2292/187 645/2293/187
f 616/2291/188 620/2285/188 647/2294/188 644/2292/188
f 620/2285/189 638/2277/189 646/2295/189 647/2294/189
f 638/2277/190 617/2276/190 645/2293/190 646/2295/190
f 649/2296/191 648/2297/191 651/2298/191 650/2299/191
f 653/2300/192 652/2301/192 655/2302/192 654/2303/192
f 642/2304/179 641/2305/179 649/2306/179 650/2307/179
f 644/2308/193 647/2309/193 655/2310/193 652/2311/193
f 645/2312/172 644/2313/172 652/2314/172 653/2315/172
f 640/2316/193 643/2317/193 651/2318/193 648/2319/193
f 647/2320/167 646/2321/167 654/2322/167 655/2323/167
f 641/2324/172 640/2325/172 648/2326/172 649/2327/172
f 623/2328/172 622/2329/172 662/2330/172 624/2331/172
f 658/2332/194 628/2264/194 665/2333/194 667/2334/194
f 616/2248/195 615/2335/195 631/2336/195 630/2249/195
f 630/2337/167 631/2338/167 633/2339/167 634/2340/167
f 628/2264/196 658/2332/196 660/2341/196 636/2265/196
f 626/2342/167 625/2343/167 663/2344/167 637/2345/167
f 622/2329/172 621/2346/172 657/2347/172 662/2330/172
f 664/2348/197 637/2349/197 670/2350/197 671/2351/197
f 664/2352/179 666/2353/179 667/2334/179 665/2333/179
f 627/2354/198 626/2355/198 637/2349/198 664/2348/198
f 628/2356/199 627/2354/199 664/2348/199 665/2357/199
f 670/2358/167 669/2359/167 677/2360/167 678/2361/167
f 637/2362/200 663/2363/200 669/2364/200 670/2365/200
f 666/2366/172 664/2367/172 671/2368/172 668/2369/172
f 676/2370/167 675/2371/167 673/2372/167 674/2373/167
f 618/2270/201 656/2269/201 676/2374/201 674/2375/201
f 617/2276/202 618/2275/202 674/2376/202 673/2377/202
f 678/2378/179 677/2379/179 679/2380/179 672/2381/179
f 671/2351/203 670/2350/203 678/2382/203 672/2383/203
f 668/2369/172 671/2368/172 672/2384/172 679/2385/172
f 639/2231/167 681/2386/167 680/2387/167 615/2232/167
f 702/2388/167 710/2389/167 709/2390/167 701/2391/167
f 661/2239/204 624/2242/204 687/2392/204 683/2393/204
f 625/2243/169 633/2246/169 694/2394/169 688/2395/169
f 684/2396/205 693/2397/205 692/2394/205 680/2398/205
f 693/2399/206 695/2400/206 694/2401/206 692/2402/206
f 659/2255/172 660/2258/172 696/2403/172 691/2404/172
f 657/2259/173 659/2262/173 691/2405/173 685/2406/173
f 689/2407/207 695/2408/207 696/2409/207 690/2410/207
f 688/2395/208 694/2394/208 695/2408/208 689/2407/208
f 691/2411/209 696/2412/209 695/2400/209 693/2399/209
f 685/2406/210 691/2405/210 693/2397/210 684/2396/210
f 656/2269/211 661/2239/211 683/2393/211 682/2413/211
f 705/2414/179 713/2415/179 712/2416/179 704/2417/179
f 682/2418/212 683/2419/212 698/2420/212 681/2421/212
f 683/2419/213 687/2422/213 686/2423/213 698/2420/213
f 639/2281/182 675/2284/182 720/2424/182 681/2425/182
f 698/2420/214 700/2426/214 699/2427/214 684/2428/214
f 684/2428/215 699/2427/215 702/2429/215 685/2430/215
f 685/2430/216 702/2429/216 701/2431/216 686/2423/216
f 686/2423/217 701/2431/217 700/2426/217 698/2420/217
f 681/2421/218 704/2432/218 703/2433/218 680/2434/218
f 680/2434/219 703/2433/219 706/2435/219 684/2428/219
f 684/2428/220 706/2435/220 705/2436/220 698/2420/220
f 698/2420/221 705/2436/221 704/2432/221 681/2421/221
f 708/2437/222 709/2438/222 710/2439/222 707/2440/222
f 712/2441/223 713/2442/223 714/2443/223 711/2444/223
f 701/2445/179 709/2446/179 708/2273/179 700/2447/179
f 703/2448/193 711/2449/193 714/2450/193 706/2451/193
f 704/2452/172 712/2453/172 711/2454/172 703/2455/172
f 699/2456/193 707/2457/193 710/2458/193 702/2459/193
f 706/2460/167 714/2461/167 713/2462/167 705/2463/167
f 700/2464/172 708/2465/172 707/2326/172 699/2466/172
f 687/2467/172 624/2331/172 662/2330/172 686/2468/172
f 658/2332/194 667/2334/194 716/2469/194 690/2410/194
f 680/2398/195 692/2394/195 631/2336/195 615/2335/195
f 692/2470/167 694/2471/167 633/2339/167 631/2338/167
f 690/2410/196 696/2409/196 660/2341/196 658/2332/196
f 688/2472/167 697/2473/167 663/2344/167 625/2343/167
f 686/2468/172 662/2330/172 657/2347/172 685/2474/172
f 715/2475/224 718/2476/224 717/2477/224 697/2478/224
f 715/2479/179 716/2469/179 667/2334/179 666/2353/179
f 689/2480/225 715/2475/225 697/2478/225 688/2472/225
f 690/2481/226 716/2482/226 715/2475/226 689/2480/226
f 717/2483/167 722/2484/167 677/2360/167 669/2359/167
f 697/2485/200 717/2486/200 669/2364/200 663/2363/200
f 666/2366/172 668/2369/172 718/2487/172 715/2488/172
f 676/2370/167 721/2489/167 720/2490/167 675/2371/167
f 682/2413/227 721/2328/227 676/2374/227 656/2269/227
f 681/2421/228 720/2491/228 721/2492/228 682/2418/228
f 722/2493/179 719/2494/179 679/2380/179 677/2379/179
f 718/2476/229 719/2495/229 722/2496/229 717/2477/229
f 668/2369/172 679/2385/172 719/2497/172 718/2487/172
f 724/2498/230 725/2499/230 726/2500/230 723/2501/230
f 725/2499/231 724/2498/231 728/2502/231 727/2503/231
f 725/2504/232 729/2505/232 730/2506/232 726/2507/232
f 729/2505/233 725/2504/233 727/2508/233 731/2509/233
f 729/2505/234 724/2510/234 723/2511/234 730/2506/234
f 724/2510/235 729/2505/235 731/2509/235 728/2512/235
f 733/2513/236 734/2514/236 735/2515/236 732/2516/236
f 734/2517/237 733/2518/237 737/2519/237 736/2520/237
f 734/2514/238 738/2521/238 739/2522/238 735/2515/238
f 738/2523/239 734/2517/239 736/2520/239 740/2524/239
f 738/2521/240 741/2525/240 742/2526/240 739/2522/240
f 741/2527/241 738/2523/241 740/2524/241 743/2528/241
f 741/2525/242 733/2513/242 732/2516/242 742/2526/242
f 733/2518/243 741/2527/243 743/2528/243 737/2519/243
f 744/2529/244 745/2530/244 739/2522/244 742/2526/244
f 745/2530/245 744/2529/245 743/2531/245 740/2532/245
f 745/2533/711 746/2534/711 747/2535/711 739/2536/711
f 746/2534/247 745/2533/247 740/2537/247 748/2538/247
f 746/2534/248 744/2539/248 742/2540/248 747/2535/248
f 744/2539/249 746/2534/249 748/2538/249 743/2541/249
f 749/2542/250 750/2543/250 735/2515/250 739/2522/250
f 750/2543/251 749/2542/251 740/2532/251 736/2544/251
f 750/2545/252 751/2546/252 752/2547/252 735/2548/252
f 751/2546/253 750/2545/253 736/2549/253 753/2550/253
f 751/2546/254 749/2551/254 739/2552/254 752/2547/254
f 749/2551/255 751/2546/255 753/2550/255 740/2553/255
f 754/2554/256 755/2555/256 742/2526/256 732/2516/256
f 755/2555/257 754/2554/257 737/2556/257 743/2531/257
f 755/2557/258 756/2558/258 757/2559/258 742/2560/258
f 756/2558/259 755/2557/259 743/2561/259 758/2562/259
f 756/2558/260 754/2563/260 732/2564/260 757/2559/260
f 754/2563/261 756/2558/261 758/2562/261 737/2565/261
f 760/2566/262 761/2567/262 762/2568/262 759/2569/262
f 761/2567/263 760/2566/263 764/2570/263 763/2571/263
f 761/2572/264 765/2573/264 766/2574/264 762/2575/264
f 765/2573/265 761/2572/265 763/2576/265 767/2577/265
f 765/2573/266 760/2578/266 759/2579/266 766/2574/266
f 760/2578/267 765/2573/267 767/2577/267 764/2580/267
f 769/2581/231 770/2582/231 771/2583/231 768/2584/231
f 770/2582/230 769/2581/230 773/2585/230 772/2586/230
f 770/2587/268 774/2588/268 775/2589/268 771/2590/268
f 774/2588/269 770/2587/269 772/2591/269 776/2592/269
f 774/2588/270 769/2593/270 768/2594/270 775/2589/270
f 769/2593/271 774/2588/271 776/2592/271 773/2595/271
f 777/2596/272 778/2597/272 768/2598/272 726/2599/272
f 778/2597/273 777/2596/273 727/2600/273 773/2601/273
f 778/2602/274 779/2603/274 780/2604/274 768/2605/274
f 779/2603/275 778/2602/275 773/2606/275 781/2607/275
f 779/2603/276 777/2608/276 726/2609/276 780/2604/276
f 777/2608/277 779/2603/277 781/2607/277 727/2610/277
f 782/2611/273 783/2612/273 723/2613/273 771/2614/273
f 783/2612/272 782/2611/272 772/2615/272 728/2616/272
f 783/2617/278 784/2618/278 785/2619/278 723/2620/278
f 784/2618/279 783/2617/279 728/2621/279 786/2622/279
f 784/2618/280 782/2623/280 771/2624/280 785/2619/280
f 782/2623/281 784/2618/281 786/2622/281 772/2625/281
f 788/2626/282 789/2627/282 790/2628/282 787/2629/282
f 789/2627/283 788/2626/283 792/2630/283 791/2631/283
f 789/2632/284 958/2633/284 793/2634/284 790/2635/284
f 958/2633/285 789/2632/285 791/2636/285 794/2637/285
f 958/2633/286 788/2638/286 787/2639/286 793/2634/286
f 788/2638/287 958/2633/287 794/2637/287 792/2640/287
f 796/2641/288 797/2642/288 759/2643/288 795/2644/288
f 797/2642/289 796/2641/289 798/2645/289 764/2646/289
f 797/2647/290 799/2648/290 800/2649/290 759/2650/290
f 799/2648/291 797/2647/291 764/2651/291 801/2652/291
f 799/2648/292 796/2653/292 795/2654/292 800/2649/292
f 796/2653/293 799/2648/293 801/2652/293 798/2655/293
f 802/2656/289 803/2657/289 804/2658/289 762/2659/289
f 803/2657/288 802/2656/288 763/2660/288 805/2661/288
f 803/2662/294 806/2663/294 807/2664/294 804/2665/294
f 806/2663/295 803/2662/295 805/2666/295 808/2667/295
f 806/2663/296 802/2668/296 762/2669/296 807/2664/296
f 802/2668/297 806/2663/297 808/2667/297 763/2670/297
f 809/2671/263 810/2672/263 795/2673/263 804/2674/263
f 810/2672/262 809/2671/262 805/2675/262 798/2676/262
f 810/2677/298 811/2678/298 812/2679/298 795/2680/298
f 811/2678/299 810/2677/299 798/2681/299 813/2682/299
f 811/2678/300 809/2683/300 804/2684/300 812/2679/300
f 809/2683/301 811/2678/301 813/2682/301 805/2685/301
f 815/2686/302 816/2687/302 817/2688/302 814/2689/302
f 816/2687/303 815/2686/303 819/2690/303 818/2691/303
f 816/2692/304 820/2693/304 821/2694/304 817/2695/304
f 820/2693/305 816/2692/305 818/2696/305 822/2697/305
f 820/2693/712 815/2698/712 814/2699/712 821/2694/712
f 815/2698/307 820/2693/307 822/2697/307 819/2700/307
f 824/2701/308 825/2702/308 826/2703/308 823/2704/308
f 825/2702/282 824/2701/282 828/2705/282 827/2706/282
f 825/2707/309 1005/2708/309 829/2709/309 826/2710/309
f 1005/2708/310 825/2707/310 827/2711/310 830/2712/310
f 1005/2708/311 824/2713/311 823/2714/311 829/2709/311
f 824/2713/312 1005/2708/312 830/2712/312 828/2715/312
f 831/2716/313 832/2717/313 787/2718/313 826/2719/313
f 832/2717/314 831/2716/314 827/2571/314 792/2570/314
f 832/2720/315 1014/2721/315 833/2722/315 787/2723/315
f 1014/2721/316 832/2720/316 792/2724/316 834/2725/316
f 1014/2721/317 831/2726/317 826/2727/317 833/2722/317
f 831/2726/318 1014/2721/318 834/2725/318 827/2728/318
f 835/2729/314 836/2730/314 823/2731/314 790/2732/314
f 836/2730/313 835/2729/313 791/2733/313 828/2734/313
f 836/2735/319 1023/2736/319 837/2737/319 823/2738/319
f 1023/2736/320 836/2735/320 828/2739/320 838/2740/320
f 1023/2736/321 835/2741/321 790/2742/321 837/2737/321
f 835/2741/322 1023/2736/322 838/2740/322 791/2743/322
f 840/2744/323 841/2745/323 842/2746/323 839/2747/323
f 841/2745/324 840/2744/324 844/2748/324 843/2749/324
f 841/2750/325 845/2751/325 846/2752/325 842/2753/325
f 845/2754/326 841/2745/326 843/2749/326 847/2755/326
f 845/2751/327 840/2756/327 839/2757/327 846/2752/327
f 840/2744/328 845/2754/328 847/2755/328 844/2748/328
f 849/2758/303 850/2759/303 851/2760/303 848/2761/303
f 850/2759/302 849/2758/302 853/2691/302 852/2690/302
f 850/2762/329 854/2763/329 855/2764/329 851/2765/329
f 854/2763/330 850/2762/330 852/2766/330 856/2767/330
f 854/2763/331 849/2768/331 848/2769/331 855/2764/331
f 849/2768/332 854/2763/332 856/2767/332 853/2770/332
f 857/2771/333 858/2772/333 848/2773/333 817/2774/333
f 858/2772/334 857/2771/334 818/2775/334 853/2776/334
f 858/2777/335 859/2778/335 860/2779/335 848/2780/335
f 859/2778/336 858/2777/336 853/2781/336 861/2782/336
f 859/2778/337 857/2783/337 817/2784/337 860/2779/337
f 857/2783/338 859/2778/338 861/2782/338 818/2785/338
f 862/2786/334 863/2787/334 814/2788/334 851/2789/334
f 863/2787/333 862/2786/333 852/2790/333 819/2791/333
f 863/2792/339 864/2793/339 865/2794/339 814/2795/339
f 864/2793/340 863/2792/340 819/2796/340 866/2797/340
f 864/2793/341 862/2798/341 851/2799/341 865/2794/341
f 862/2798/342 864/2793/342 866/2797/342 852/2800/342
f 867/2801/343 868/2802/343 732/2516/343 735/2515/343
f 868/2802/344 867/2801/344 736/2544/344 737/2556/344
f 868/2803/345 869/2804/345 870/2805/345 732/2806/345
f 869/2804/346 868/2803/346 737/2807/346 871/2808/346
f 869/2804/347 867/2809/347 735/2810/347 870/2805/347
f 867/2809/348 869/2804/348 871/2808/348 736/2811/348
f 872/2812/349 873/2813/349 771/2814/349 732/2815/349
f 873/2816/350 872/2817/350 737/2818/350 772/2819/350
f 873/2820/351 874/2821/351 870/2822/351 771/2823/351
f 874/2821/352 873/2820/352 772/2824/352 871/2825/352
f 874/2826/353 872/2827/353 732/2828/353 870/2829/353
f 872/2827/354 874/2826/354 871/2830/354 737/2831/354
f 875/2832/355 876/2833/355 768/2834/355 771/2835/355
f 876/2833/356 875/2832/356 772/2836/356 773/2837/356
f 876/2838/357 877/2839/357 870/2840/357 768/2841/357
f 877/2839/358 876/2838/358 773/2842/358 871/2843/358
f 877/2839/359 875/2844/359 771/2845/359 870/2840/359
f 875/2844/360 877/2839/360 871/2843/360 772/2846/360
f 878/2847/361 879/2848/361 735/2849/361 768/2850/361
f 879/2851/362 878/2852/362 773/2853/362 736/2854/362
f 879/2855/363 880/2856/363 870/2857/363 735/2858/363
f 880/2856/364 879/2855/364 736/2859/364 871/2860/364
f 880/2861/365 878/2862/365 768/2863/365 870/2864/365
f 878/2862/366 880/2861/366 871/2865/366 773/2866/366
f 881/2867/367 882/2868/367 795/2869/367 726/2870/367
f 882/2871/368 881/2872/368 727/2873/368 798/2874/368
f 882/2875/713 883/2876/713 730/2877/713 795/2878/713
f 883/2876/370 882/2875/370 798/2879/370 731/2880/370
f 883/2881/371 881/2882/371 726/2883/371 730/2884/371
f 881/2882/372 883/2881/372 731/2885/372 727/2886/372
f 884/2887/373 885/2888/373 804/2889/373 795/2890/373
f 885/2888/374 884/2887/374 798/2891/374 805/2892/374
f 885/2893/375 886/2894/375 730/2895/375 804/2896/375
f 886/2894/376 885/2893/376 805/2897/376 731/2898/376
f 886/2894/377 884/2899/377 795/2900/377 730/2895/377
f 884/2899/378 886/2894/378 731/2898/378 798/2901/378
f 887/2902/379 888/2903/379 723/2904/379 804/2905/379
f 888/2906/380 887/2907/380 805/2908/380 728/2909/380
f 888/2910/381 889/2911/381 730/2912/381 723/2913/381
f 889/2911/382 888/2910/382 728/2914/382 731/2915/382
f 889/2916/383 887/2917/383 804/2918/383 730/2919/383
f 887/2917/384 889/2916/384 731/2920/384 805/2921/384
f 890/2922/385 891/2923/385 726/2924/385 739/2925/385
f 891/2926/386 890/2927/386 740/2928/386 727/2929/386
f 891/2930/387 892/2931/387 747/2932/387 726/2933/387
f 892/2931/388 891/2930/388 727/2934/388 748/2935/388
f 892/2936/389 890/2937/389 739/2938/389 747/2939/389
f 890/2937/390 892/2936/390 748/2831/390 740/2830/390
f 893/2940/356 894/2941/356 723/2942/356 726/2943/356
f 894/2941/355 893/2940/355 727/2944/355 728/2945/355
f 894/2946/391 895/2947/391 747/2948/391 723/2949/391
f 895/2947/392 894/2946/392 728/2950/392 748/2951/392
f 895/2947/393 893/2952/393 726/2953/393 747/2948/393
f 893/2952/394 895/2947/394 748/2951/394 727/2954/394
f 896/2955/395 897/2956/395 742/2957/395 723/2958/395
f 897/2959/396 896/2960/396 728/2961/396 743/2962/396
f 897/2963/397 898/2964/397 747/2965/397 742/2966/397
f 898/2964/398 897/2963/398 743/2967/398 748/2968/398
f 898/2969/399 896/2970/399 723/2971/399 747/2972/399
f 896/2970/400 898/2969/400 748/2973/400 728/2974/400
f 899/2975/401 900/2976/401 768/2977/401 735/2978/401
f 900/2979/402 899/2980/402 736/2981/402 773/2908/402
f 900/2982/403 901/2983/403 752/2984/403 768/2985/403
f 901/2983/404 900/2982/404 773/2986/404 753/2987/404
f 901/2988/405 899/2989/405 735/2990/405 752/2991/405
f 899/2989/406 901/2988/406 753/2992/406 736/2993/406
f 902/2994/407 903/2995/407 726/2996/407 768/2997/407
f 903/2995/408 902/2994/408 773/2998/408 727/2585/408
f 903/2999/409 904/3000/409 752/3001/409 726/3002/409
f 904/3000/410 903/2999/410 727/3003/410 753/3004/410
f 904/3000/411 902/3005/411 768/3006/411 752/3001/411
f 902/3005/412 904/3000/412 753/3004/412 773/3007/412
f 905/3008/413 906/3009/413 739/3010/413 726/3011/413
f 906/3012/414 905/3013/414 727/3014/414 740/3015/414
f 906/3016/415 907/3017/415 752/3018/415 739/3019/415
f 907/3017/416 906/3016/416 740/3020/416 753/3021/416
f 907/3022/417 905/3023/417 726/3024/417 752/3025/417
f 905/3023/418 907/3022/418 753/3026/418 727/3027/418
f 908/3028/419 909/3029/419 723/3030/419 742/3031/419
f 909/3032/420 908/3033/420 743/3034/420 728/3014/420
f 909/3035/421 910/3036/421 757/3037/421 723/3038/421
f 910/3036/422 909/3035/422 728/3039/422 758/3040/422
f 910/3041/423 908/3042/423 742/3043/423 757/3044/423
f 908/3042/424 910/3041/424 758/3045/424 743/3046/424
f 911/3047/408 912/3048/408 771/3049/408 723/3050/408
f 912/3048/407 911/3047/407 728/3051/407 772/3052/407
f 912/3053/425 913/3054/425 757/3055/425 771/3056/425
f 913/3054/426 912/3053/426 772/3057/426 758/3058/426
f 913/3054/427 911/3059/427 723/3060/427 757/3055/427
f 911/3059/428 913/3054/428 758/3058/428 728/3061/428
f 914/3062/429 915/3063/429 732/3064/429 771/3065/429
f 915/3066/430 914/3067/430 772/3068/430 737/3069/430
f 915/3070/431 916/3071/431 757/3072/431 732/3073/431
f 916/3071/432 915/3070/432 737/3074/432 758/3075/432
f 916/3076/433 914/3077/433 771/3078/433 757/3079/433
f 914/3077/434 916/3076/434 758/3080/434 772/3081/434
f 917/3082/435 918/3083/435 823/3084/435 762/3085/435
f 918/3086/436 917/3087/436 763/3088/436 828/3089/436
f 918/3090/437 919/3091/437 766/3092/437 823/3093/437
f 919/3091/438 918/3090/438 828/3094/438 767/3095/438
f 919/3096/439 917/3097/439 762/3098/439 766/3099/439
f 917/3097/440 919/3096/440 767/3100/440 763/3101/440
f 920/3102/441 921/3103/441 790/3104/441 823/3105/441
f 921/3103/442 920/3102/442 828/3106/442 791/3107/442
f 921/3108/443 922/3109/443 766/3110/443 790/3111/443
f 922/3109/444 921/3108/444 791/3112/444 767/3113/444
f 922/3109/445 920/3114/445 823/3115/445 766/3110/445
f 920/3114/446 922/3109/446 767/3113/446 828/3116/446
f 923/3117/447 924/3118/447 759/3119/447 790/3120/447
f 924/3121/448 923/3122/448 791/3123/448 764/3124/448
f 924/3125/449 925/3126/449 766/3127/449 759/3128/449
f 925/3126/450 924/3125/450 764/3129/450 767/3130/450
f 925/3131/451 923/3132/451 790/3133/451 766/3134/451
f 923/3132/452 925/3131/452 767/3135/452 791/3136/452
f 926/3137/453 927/3138/453 762/3139/453 771/3140/453
f 927/3141/714 926/3142/714 772/3143/714 763/3144/714
f 927/3145/455 928/3146/455 775/3147/455 762/3148/455
f 928/3146/456 927/3145/456 763/3149/456 776/3150/456
f 928/3151/457 926/3152/457 771/3153/457 775/3154/457
f 926/3152/458 928/3151/458 776/3155/458 772/3156/458
f 929/3157/374 930/3158/374 759/3159/374 762/3160/374
f 930/3158/373 929/3157/373 763/3161/373 764/3162/373
f 930/3163/459 931/3164/459 775/3165/459 759/3166/459
f 931/3164/460 930/3163/460 764/3167/460 776/3168/460
f 931/3164/461 929/3169/461 762/3170/461 775/3165/461
f 929/3169/462 931/3164/462 776/3168/462 763/3171/462
f 932/3172/463 933/3173/463 768/3174/463 759/3175/463
f 933/3176/464 932/3177/464 764/3178/464 773/3179/464
f 933/3180/465 934/3181/465 775/3182/465 768/3183/465
f 934/3181/466 933/3180/466 773/3184/466 776/3185/466
f 934/3186/467 932/3187/467 759/3188/467 775/3189/467
f 932/3187/468 934/3186/468 776/3190/468 764/3191/468
f 935/3192/469 936/3193/469 759/3194/469 768/3195/469
f 936/3196/470 935/3197/470 773/3198/470 764/3199/470
f 936/3200/471 937/3201/471 780/3202/471 759/3203/471
f 937/3201/472 936/3200/472 764/3204/472 781/3205/472
f 937/3206/473 935/3207/473 768/3208/473 780/3209/473
f 935/3207/474 937/3206/474 781/3210/474 773/3211/474
f 938/3212/475 939/3213/475 795/3214/475 759/3215/475
f 939/3213/476 938/3212/476 764/2734/476 798/3216/476
f 939/3217/477 940/3218/477 780/3219/477 795/3220/477
f 940/3218/478 939/3217/478 798/3221/478 781/3222/478
f 940/3218/479 938/3223/479 759/3224/479 780/3219/479
f 938/3223/480 940/3218/480 781/3222/480 764/3225/480
f 941/3226/715 942/3227/715 726/3175/715 795/3228/715
f 942/3229/482 941/3230/482 798/2929/482 727/3231/482
f 942/3232/483 943/3233/483 780/3234/483 726/3235/483
f 943/3233/484 942/3232/484 727/3236/484 781/3237/484
f 943/3238/485 941/3239/485 795/3240/485 780/3241/485
f 941/3239/486 943/3238/486 781/3242/486 798/3243/486
f 944/3244/487 945/3245/487 804/3246/487 723/3247/487
f 945/3248/488 944/3249/488 728/3250/488 805/3198/488
f 945/3251/489 946/3252/489 785/3253/489 804/3254/489
f 946/3252/490 945/3251/490 805/3255/490 786/3256/490
f 946/3257/491 944/3258/491 723/3259/491 785/3260/491
f 944/3258/492 946/3257/492 786/3261/492 728/3262/492
f 947/3263/476 948/3264/476 762/3265/476 804/3266/476
f 948/3264/475 947/3263/475 805/3267/475 763/3268/475
f 948/3269/716 949/3270/716 785/3271/716 762/3272/716
f 949/3270/494 948/3269/494 763/3273/494 786/3274/494
f 949/3270/495 947/3275/495 804/3276/495 785/3271/495
f 947/3275/496 949/3270/496 786/3274/496 805/3277/496
f 950/3278/717 951/3279/717 771/3280/717 762/3281/717
f 951/3282/498 950/3283/498 763/3284/498 772/3285/498
f 951/3286/499 952/3287/499 785/3288/499 771/3289/499
f 952/3287/500 951/3286/500 772/3290/500 786/3291/500
f 952/3292/501 950/3293/501 762/3294/501 785/3295/501
f 950/3293/502 952/3292/502 786/3296/502 763/3297/502
f 953/3298/503 954/3299/503 848/3300/503 790/3301/503
f 954/3302/504 953/3303/504 791/3304/504 853/3305/504
f 954/3306/505 955/3307/505 793/3308/505 848/3309/505
f 955/3307/506 954/3306/506 853/3310/506 794/3311/506
f 955/3312/507 953/3313/507 790/3314/507 793/3315/507
f 953/3313/508 955/3312/508 794/3316/508 791/3317/508
f 956/3318/509 957/3319/509 817/3320/509 848/3321/509
f 957/3319/510 956/3318/510 853/3216/510 818/3322/510
f 957/3323/511 958/3324/511 793/3325/511 817/3326/511
f 958/3324/512 957/3323/512 818/3327/512 794/3328/512
f 958/3324/513 956/3329/513 848/3330/513 793/3325/513
f 956/3329/514 958/3324/514 794/3328/514 853/3331/514
f 959/3332/515 960/3333/515 787/3334/515 817/3335/515
f 960/3336/516 959/3337/516 818/3338/516 792/3339/516
f 960/3340/517 961/3341/517 793/3342/517 787/3343/517
f 961/3341/518 960/3340/518 792/3344/518 794/3345/518
f 961/3346/519 959/3347/519 817/3348/519 793/3349/519
f 959/3347/520 961/3346/520 794/3350/520 818/3351/520
f 962/3352/521 963/3353/521 790/3354/521 759/3355/521
f 963/3356/522 962/3357/522 764/3358/522 791/3359/522
f 963/3360/523 964/3361/523 800/3362/523 790/3363/523
f 964/3361/524 963/3360/524 791/3189/524 801/3364/524
f 964/3365/525 962/3366/525 759/3367/525 800/3368/525
f 962/3366/526 964/3365/526 801/3369/526 764/3037/526
f 965/3370/527 966/3371/527 787/3372/527 790/3373/527
f 966/3371/528 965/3370/528 791/3052/528 792/3051/528
f 966/3374/529 967/3375/529 800/3376/529 787/3377/529
f 967/3375/530 966/3374/530 792/3378/530 801/3379/530
f 967/3375/531 965/3380/531 790/3381/531 800/3376/531
f 965/3380/532 967/3375/532 801/3379/532 791/3382/532
f 968/3383/533 969/3384/533 795/3385/533 787/3386/533
f 969/3387/534 968/3388/534 792/3389/534 798/3390/534
f 969/3391/535 970/3392/535 800/3393/535 795/3394/535
f 970/3392/536 969/3391/536 798/3395/536 801/3396/536
f 970/3397/537 968/3398/537 787/3399/537 800/3400/537
f 968/3398/538 970/3397/538 801/3401/538 792/3402/538
f 971/3403/539 972/3404/539 826/3405/539 804/3406/539
f 972/3407/540 971/3408/540 805/3409/540 827/3410/540
f 972/3411/541 973/3412/541 807/3413/541 826/3414/541
f 973/3412/542 972/3411/542 827/3415/542 808/3416/542
f 973/3417/543 971/3418/543 804/3419/543 807/3420/543
f 971/3418/718 973/3417/718 808/3421/718 805/3422/718
f 974/3423/528 975/3424/528 823/3425/528 826/2613/528
f 975/3424/527 974/3423/527 827/3426/527 828/3427/527
f 975/3428/545 976/3429/545 807/3430/545 823/3431/545
f 976/3429/546 975/3428/546 828/3432/546 808/3433/546
f 976/3429/547 974/3434/547 826/3435/547 807/3430/547
f 974/3434/548 976/3429/548 808/3433/548 827/3436/548
f 977/3437/549 978/3438/549 762/3228/549 823/3439/549
f 978/3440/550 977/3441/550 828/3442/550 763/3443/550
f 978/3444/551 979/3445/551 807/3446/551 762/3447/551
f 979/3445/552 978/3444/552 763/3044/552 808/3448/552
f 979/3449/553 977/3450/553 823/3451/553 807/3452/553
f 977/3450/554 979/3449/554 808/3453/554 828/3454/554
f 980/3455/555 981/3456/555 787/3457/555 795/3458/555
f 981/3459/556 980/3460/556 798/3461/556 792/3462/556
f 981/3463/557 982/3464/557 812/3465/557 787/3466/557
f 982/3464/558 981/3463/558 792/3467/558 813/3468/558
f 982/3469/559 980/3470/559 795/3471/559 812/3472/559
f 980/3470/560 982/3469/560 813/3473/560 798/3474/560
f 983/3475/442 984/3476/442 826/3477/442 787/3478/442
f 984/3476/441 983/3475/441 792/3479/441 827/3480/441
f 984/3481/561 985/3482/561 812/3483/561 826/3484/561
f 985/3482/562 984/3481/562 827/3485/562 813/3486/562
f 985/3482/563 983/3487/563 787/3488/563 812/3483/563
f 983/3487/564 985/3482/564 813/3486/564 792/3489/564
f 986/3490/565 987/3491/565 804/3386/565 826/2914/565
f 987/3492/566 986/3493/566 827/3494/566 805/3495/566
f 987/3496/567 988/3497/567 812/3498/567 804/3499/567
f 988/3497/568 987/3496/568 805/3500/568 813/3501/568
f 988/3502/569 986/3503/569 826/3504/569 812/3505/569
f 986/3503/570 988/3502/570 813/3506/570 827/3507/570
f 989/3508/571 990/3509/571 991/3510/571 817/3511/571
f 990/3512/572 989/3513/572 818/3514/572 992/3515/572
f 990/3516/573 993/3517/573 821/3518/573 991/3519/573
f 993/3517/574 990/3516/574 992/3520/574 822/3521/574
f 993/3522/575 989/3523/575 817/3524/575 821/3525/575
f 989/3523/576 993/3522/576 822/3156/576 818/3155/576
f 994/3526/577 995/3527/577 842/3528/577 991/3529/577
f 995/3527/719 994/3526/719 992/3530/719 843/3531/719
f 995/3532/579 996/3533/579 821/3534/579 842/3535/579
f 996/3533/580 995/3532/580 843/3536/580 822/3537/580
f 996/3533/581 994/3538/581 991/3539/581 821/3534/581
f 994/3538/582 996/3533/582 822/3537/582 992/3540/582
f 997/3541/583 998/3542/583 814/3543/583 842/3544/583
f 998/3545/584 997/3546/584 843/3547/584 819/3548/584
f 998/3549/585 999/3550/585 821/3551/585 814/3552/585
f 999/3550/586 998/3549/586 819/3553/586 822/3554/586
f 999/3555/587 997/3556/587 842/3557/587 821/3558/587
f 997/3556/588 999/3555/588 822/3559/588 843/2857/588
f 1000/3560/589 1001/3561/589 814/3562/589 826/3563/589
f 1001/3564/590 1000/3565/590 827/3566/590 819/3567/590
f 1001/3568/591 1002/3569/591 829/3570/591 814/3571/591
f 1002/3569/592 1001/3568/592 819/3572/592 830/3573/592
f 1002/3574/593 1000/3575/593 826/3576/593 829/3577/593
f 1000/3575/594 1002/3574/594 830/3578/594 827/3579/594
f 1003/3580/510 1004/3581/510 851/3582/510 814/3583/510
f 1004/3581/509 1003/3580/509 819/3584/509 852/3585/509
f 1004/3586/595 1005/3587/595 829/3588/595 851/3589/595
f 1005/3587/596 1004/3586/596 852/3590/596 830/3591/596
f 1005/3587/597 1003/3592/597 814/3593/597 829/3588/597
f 1003/3592/598 1005/3587/598 830/3591/598 819/3594/598
f 1006/3595/599 1007/3596/599 823/3597/599 851/3598/599
f 1007/3599/600 1006/3600/600 852/3601/600 828/3602/600
f 1007/3603/601 1008/3604/601 829/3605/601 823/3606/601
f 1008/3604/602 1007/3603/602 828/3607/602 830/3608/602
f 1008/3609/603 1006/3610/603 851/3611/603 829/3612/603
f 1006/3610/604 1008/3609/604 830/3613/604 852/3614/604
f 1009/3615/605 1010/3616/605 817/3617/605 787/3618/605
f 1010/3619/606 1009/3620/606 792/3621/606 818/3622/606
f 1010/3623/607 1011/3624/607 833/3625/607 817/3626/607
f 1011/3624/608 1010/3623/608 818/3627/608 834/3628/608
f 1011/3629/609 1009/3630/609 787/3631/609 833/3632/609
f 1009/3630/610 1011/3629/610 834/3633/610 792/3634/610
f 1012/3635/611 1013/3636/611 814/3637/611 817/3638/611
f 1013/3636/612 1012/3635/612 818/3639/612 819/3640/612
f 1013/3641/613 1014/3642/613 833/3643/613 814/3644/613
f 1014/3642/614 1013/3641/614 819/3645/614 834/3646/614
f 1014/3642/615 1012/3647/615 817/3648/615 833/3643/615
f 1012/3647/616 1014/3642/616 834/3646/616 818/3649/616
f 1015/3650/617 1016/3651/617 826/3652/617 814/3617/617
f 1016/3653/618 1015/3654/618 819/3655/618 827/3656/618
f 1016/3657/720 1017/3658/720 833/3659/720 826/3660/720
f 1017/3658/620 1016/3657/620 827/3661/620 834/3662/620
f 1017/3663/621 1015/3664/621 814/3665/621 833/3666/621
f 1015/3664/622 1017/3663/622 834/3667/622 819/3127/622
f 1018/3668/623 1019/3669/623 851/3598/623 823/3670/623
f 1019/3671/624 1018/3672/624 828/3673/624 852/3674/624
f 1019/3675/625 1020/3676/625 837/3677/625 851/3678/625
f 1020/3676/626 1019/3675/626 852/3101/626 838/3679/626
f 1020/3680/627 1018/3681/627 823/3682/627 837/3683/627
f 1018/3681/628 1020/3680/628 838/3684/628 828/2824/628
f 1021/3685/612 1022/3686/612 848/3687/612 851/3688/612
f 1022/3686/611 1021/3685/611 852/3689/611 853/3690/611
f 1022/3691/629 1023/3692/629 837/3693/629 848/3694/629
f 1023/3692/630 1022/3691/630 853/3695/630 838/3696/630
f 1023/3692/631 1021/3697/631 851/3698/631 837/3693/631
f 1021/3697/632 1023/3692/632 838/3696/632 852/3699/632
f 1024/3700/633 1025/3701/633 790/3702/633 848/3703/633
f 1025/3704/634 1024/3705/634 853/3706/634 791/3707/634
f 1025/3708/635 1026/3709/635 837/3710/635 790/3711/635
f 1026/3709/636 1025/3708/636 791/3712/636 838/3713/636
f 1026/3714/637 1024/3715/637 848/3716/637 837/3717/637
f 1024/3715/638 1026/3714/638 838/3718/638 853/3719/638
f 1027/3720/639 1028/3721/639 991/3722/639 842/2746/639
f 1028/3721/640 1027/3720/640 843/2749/640 992/3723/640
f 1028/3724/721 1029/3725/721 846/2752/721 991/3726/721
f 1029/3727/642 1028/3721/642 992/3723/642 847/2755/642
f 1029/3725/643 1027/3728/643 842/2753/643 846/2752/643
f 1027/3720/644 1029/3727/644 847/2755/644 843/2749/644
f 1030/3729/645 1031/3730/645 1032/3731/645 991/3722/645
f 1031/3730/646 1030/3729/646 992/3723/646 1033/2528/646
f 1031/3732/647 1034/3733/647 846/2752/647 1032/3734/647
f 1034/3735/648 1031/3730/648 1033/2528/648 847/2755/648
f 1034/3733/649 1030/3736/649 991/3726/649 846/2752/649
f 1030/3729/650 1034/3735/650 847/2755/650 992/3723/650
f 1035/3737/651 1036/3738/651 839/2747/651 1032/3731/651
f 1036/3738/652 1035/3737/652 1033/2528/652 844/2748/652
f 1036/3739/653 1037/3740/653 846/2752/653 839/2757/653
f 1037/3741/654 1036/3738/654 844/2748/654 847/2755/654
f 1037/3740/655 1035/3742/655 1032/3734/655 846/2752/655
f 1035/3737/656 1037/3741/656 847/2755/656 1033/2528/656
f 1038/3743/657 1039/3744/657 839/3745/657 851/3746/657
f 1039/3747/658 1038/3748/658 852/3749/658 844/3750/658
f 1039/3751/659 1040/3752/659 855/3753/659 839/3754/659
f 1040/3752/660 1039/3751/660 844/3755/660 856/3756/660
f 1040/3757/661 1038/3758/661 851/3759/661 855/3760/661
f 1038/3758/662 1040/3757/662 856/3761/662 852/3149/662
f 1041/3762/663 1042/3763/663 1032/3764/663 839/3765/663
f 1042/3763/664 1041/3762/664 844/3766/664 1033/3767/664
f 1042/3768/665 1043/3769/665 855/3770/665 1032/3771/665
f 1043/3769/666 1042/3768/666 1033/3772/666 856/3773/666
f 1043/3769/667 1041/3774/667 839/3775/667 855/3770/667
f 1041/3774/668 1043/3769/668 856/3773/668 844/3776/668
f 1044/3777/669 1045/3778/669 848/3779/669 1032/3780/669
f 1045/3781/670 1044/3782/670 1033/3783/670 853/3784/670
f 1045/3785/671 1046/3786/671 855/2944/671 848/3787/671
f 1046/3786/672 1045/3785/672 853/3788/672 856/3789/672
f 1046/3790/673 1044/3791/673 1032/3792/673 855/3793/673
f 1044/3791/674 1046/3790/674 856/3794/674 1033/3795/674
f 1047/3796/675 1048/3797/675 1032/3798/675 848/3799/675
f 1048/3800/676 1047/3801/676 853/3802/676 1033/3803/676
f 1048/3804/677 1049/3805/677 860/3806/677 1032/3807/677
f 1049/3805/678 1048/3804/678 1033/3021/678 861/3808/678
f 1049/3809/679 1047/3810/679 848/3811/679 860/3812/679
f 1047/3810/680 1049/3809/680 861/3813/680 853/3814/680
f 1050/3815/681 1051/3816/681 991/3817/681 1032/3818/681
f 1051/3816/682 1050/3815/682 1033/3819/682 992/3820/682
f 1051/3821/683 1052/3822/683 860/3823/683 991/3824/683
f 1052/3822/684 1051/3821/684 992/3825/684 861/3826/684
f 1052/3822/685 1050/3827/685 1032/3828/685 860/3823/685
f 1050/3827/686 1052/3822/686 861/3826/686 1033/3829/686
f 1053/3830/722 1054/3831/722 817/3832/722 991/3833/722
f 1054/3834/688 1053/3835/688 992/3836/688 818/3837/688
f 1054/3838/689 1055/3839/689 860/3840/689 817/3841/689
f 1055/3839/690 1054/3838/690 818/3842/690 861/3843/690
f 1055/3844/691 1053/3845/691 991/3846/691 860/3847/691
f 1053/3845/692 1055/3844/692 861/3848/692 992/3849/692
f 1056/3850/693 1057/3851/693 842/3852/693 814/3853/693
f 1057/3854/694 1056/3855/694 819/3856/694 843/3836/694
f 1057/3857/695 1058/3858/695 865/3859/695 842/3860/695
f 1058/3858/696 1057/3857/696 843/3861/696 866/3862/696
f 1058/3863/697 1056/3864/697 814/3865/697 865/3866/697
f 1056/3864/698 1058/3863/698 866/3867/698 819/3868/698
f 1059/3869/699 1060/3870/699 839/3871/699 842/3872/699
f 1060/3870/700 1059/3869/700 843/3873/700 844/3874/700
f 1060/3875/701 1061/3876/701 865/3877/701 839/3878/701
f 1061/3876/702 1060/3875/702 844/3879/702 866/3880/702
f 1061/3876/703 1059/3881/703 842/3882/703 865/3877/703
f 1059/3881/704 1061/3876/704 866/3880/704 843/3883/704
f 1062/3884/705 1063/3885/705 851/3886/705 839/3887/705
f 1063/3888/706 1062/3889/706 844/3803/706 852/3890/706
f 1063/3891/707 1064/3892/707 865/3893/707 851/3894/707
f 1064/3892/708 1063/3891/708 852/3895/708 866/3896/708
f 1064/3897/709 1062/3898/709 839/3899/709 865/3900/709
f 1062/3898/710 1064/3897/710 866/3901/710 844/3902/710
